stream_id,result_value,timestamp,analyte,qc_level,instrument_id,method_id,operator_id,reagent_lot,control_material_lot,calibration_status,run_id,units,flags,entry_source,comments
demo-pharma_qc-hplc-assay-01-api-potency,100.0,2026-02-16T08:05:00Z,API Potency,Assay QC,HPLC Assay-01,HPLC Assay,pharma_qc-demo,PHA-RG-1,PHA-01-A,ok,pharma_qc-001-001,% label,[],manual,synthetic demo single high action outlier
demo-pharma_qc-hplc-assay-01-api-potency,100.07,2026-02-16T10:05:00Z,API Potency,Assay QC,HPLC Assay-01,HPLC Assay,pharma_qc-demo,PHA-RG-1,PHA-01-A,ok,pharma_qc-001-002,% label,[],manual,synthetic demo single high action outlier
demo-pharma_qc-hplc-assay-01-api-potency,99.93,2026-02-16T12:05:00Z,API Potency,Assay QC,HPLC Assay-01,HPLC Assay,pharma_qc-demo,PHA-RG-1,PHA-01-A,ok,pharma_qc-001-003,% label,[],manual,synthetic demo single high action outlier
demo-pharma_qc-hplc-assay-01-api-potency,100.14,2026-02-16T14:05:00Z,API Potency,Assay QC,HPLC Assay-01,HPLC Assay,pharma_qc-demo,PHA-RG-1,PHA-01-A,ok,pharma_qc-001-004,% label,[],manual,synthetic demo single high action outlier
demo-pharma_qc-hplc-assay-01-api-potency,100.0,2026-02-16T16:05:00Z,API Potency,Assay QC,HPLC Assay-01,HPLC Assay,pharma_qc-demo,PHA-RG-1,PHA-01-A,ok,pharma_qc-001-005,% label,[],manual,synthetic demo single high action outlier
demo-pharma_qc-hplc-assay-01-api-potency,99.86,2026-02-16T18:05:00Z,API Potency,Assay QC,HPLC Assay-01,HPLC Assay,pharma_qc-demo,PHA-RG-1,PHA-01-A,ok,pharma_qc-001-006,% label,[],manual,synthetic demo single high action outlier
demo-pharma_qc-hplc-assay-01-api-potency,100.07,2026-02-16T20:05:00Z,API Potency,Assay QC,HPLC Assay-01,HPLC Assay,pharma_qc-demo,PHA-RG-1,PHA-01-A,ok,pharma_qc-001-007,% label,[],manual,synthetic demo single high action outlier
demo-pharma_qc-hplc-assay-01-api-potency,100.14,2026-02-16T22:05:00Z,API Potency,Assay QC,HPLC Assay-01,HPLC Assay,pharma_qc-demo,PHA-RG-1,PHA-01-A,ok,pharma_qc-001-008,% label,[],manual,synthetic demo single high action outlier
demo-pharma_qc-hplc-assay-01-api-potency,102.38,2026-02-17T00:05:00Z,API Potency,Assay QC,HPLC Assay-01,HPLC Assay,pharma_qc-demo,PHA-RG-1,PHA-01-A,ok,pharma_qc-001-009,% label,[],manual,synthetic demo single high action outlier
demo-pharma_qc-hplc-assay-01-api-potency,100.21,2026-02-17T02:05:00Z,API Potency,Assay QC,HPLC Assay-01,HPLC Assay,pharma_qc-demo,PHA-RG-1,PHA-01-A,ok,pharma_qc-001-010,% label,[],manual,synthetic demo single high action outlier
demo-pharma_qc-hplc-assay-01-api-potency,100.0,2026-02-17T04:05:00Z,API Potency,Assay QC,HPLC Assay-01,HPLC Assay,pharma_qc-demo,PHA-RG-1,PHA-01-A,ok,pharma_qc-001-011,% label,[],manual,synthetic demo single high action outlier
demo-pharma_qc-hplc-assay-01-api-potency,99.93,2026-02-17T06:05:00Z,API Potency,Assay QC,HPLC Assay-01,HPLC Assay,pharma_qc-demo,PHA-RG-1,PHA-01-A,ok,pharma_qc-001-012,% label,[],manual,synthetic demo single high action outlier
demo-pharma_qc-hplc-assay-01-api-potency,100.07,2026-02-17T08:05:00Z,API Potency,Assay QC,HPLC Assay-01,HPLC Assay,pharma_qc-demo,PHA-RG-1,PHA-01-A,ok,pharma_qc-001-013,% label,[],manual,synthetic demo single high action outlier
demo-pharma_qc-hplc-assay-01-api-potency,100.0,2026-02-17T10:05:00Z,API Potency,Assay QC,HPLC Assay-01,HPLC Assay,pharma_qc-demo,PHA-RG-1,PHA-01-A,ok,pharma_qc-001-014,% label,[],manual,synthetic demo single high action outlier
demo-pharma_qc-hplc-assay-01-api-potency,99.86,2026-02-17T12:05:00Z,API Potency,Assay QC,HPLC Assay-01,HPLC Assay,pharma_qc-demo,PHA-RG-1,PHA-01-A,ok,pharma_qc-001-015,% label,[],manual,synthetic demo single high action outlier
demo-pharma_qc-hplc-assay-01-api-potency,100.14,2026-02-17T14:05:00Z,API Potency,Assay QC,HPLC Assay-01,HPLC Assay,pharma_qc-demo,PHA-RG-2,PHA-01-B,ok,pharma_qc-001-016,% label,[],manual,synthetic demo single high action outlier
demo-pharma_qc-hplc-assay-01-api-potency,100.07,2026-02-17T16:05:00Z,API Potency,Assay QC,HPLC Assay-01,HPLC Assay,pharma_qc-demo,PHA-RG-2,PHA-01-B,ok,pharma_qc-001-017,% label,[],manual,synthetic demo single high action outlier
demo-pharma_qc-hplc-assay-01-api-potency,100.0,2026-02-17T18:05:00Z,API Potency,Assay QC,HPLC Assay-01,HPLC Assay,pharma_qc-demo,PHA-RG-2,PHA-01-B,ok,pharma_qc-001-018,% label,[],manual,synthetic demo single high action outlier
demo-pharma_qc-hplc-assay-01-api-potency,99.93,2026-02-17T20:05:00Z,API Potency,Assay QC,HPLC Assay-01,HPLC Assay,pharma_qc-demo,PHA-RG-2,PHA-01-B,ok,pharma_qc-001-019,% label,[],manual,synthetic demo single high action outlier
demo-pharma_qc-hplc-assay-01-api-potency,100.07,2026-02-17T22:05:00Z,API Potency,Assay QC,HPLC Assay-01,HPLC Assay,pharma_qc-demo,PHA-RG-2,PHA-01-B,ok,pharma_qc-001-020,% label,[],manual,synthetic demo single high action outlier
demo-pharma_qc-hplc-assay-01-api-potency,100.0,2026-02-18T00:05:00Z,API Potency,Assay QC,HPLC Assay-01,HPLC Assay,pharma_qc-demo,PHA-RG-2,PHA-01-B,ok,pharma_qc-001-021,% label,[],manual,synthetic demo single high action outlier
demo-pharma_qc-hplc-assay-01-api-potency,99.86,2026-02-18T02:05:00Z,API Potency,Assay QC,HPLC Assay-01,HPLC Assay,pharma_qc-demo,PHA-RG-2,PHA-01-B,ok,pharma_qc-001-022,% label,[],manual,synthetic demo single high action outlier
demo-pharma_qc-hplc-assay-01-api-potency,100.07,2026-02-18T04:05:00Z,API Potency,Assay QC,HPLC Assay-01,HPLC Assay,pharma_qc-demo,PHA-RG-2,PHA-01-B,ok,pharma_qc-001-023,% label,[],manual,synthetic demo single high action outlier
demo-pharma_qc-hplc-assay-01-api-potency,100.0,2026-02-18T06:05:00Z,API Potency,Assay QC,HPLC Assay-01,HPLC Assay,pharma_qc-demo,PHA-RG-2,PHA-01-B,ok,pharma_qc-001-024,% label,[],manual,synthetic demo single high action outlier
demo-pharma_qc-hplc-assay-01-api-potency,100.14,2026-02-18T08:05:00Z,API Potency,Assay QC,HPLC Assay-01,HPLC Assay,pharma_qc-demo,PHA-RG-2,PHA-01-B,ok,pharma_qc-001-025,% label,[],manual,synthetic demo single high action outlier
demo-pharma_qc-hplc-assay-01-preservative-a,1.5,2026-02-16T08:10:00Z,Preservative A,Assay QC,HPLC Assay-01,HPLC Assay,pharma_qc-demo,PHA-RG-1,PHA-02-A,ok,pharma_qc-002-001,mg/mL,[],manual,synthetic demo stable baseline
demo-pharma_qc-hplc-assay-01-preservative-a,1.503,2026-02-16T10:10:00Z,Preservative A,Assay QC,HPLC Assay-01,HPLC Assay,pharma_qc-demo,PHA-RG-1,PHA-02-A,ok,pharma_qc-002-002,mg/mL,[],manual,synthetic demo stable baseline
demo-pharma_qc-hplc-assay-01-preservative-a,1.497,2026-02-16T12:10:00Z,Preservative A,Assay QC,HPLC Assay-01,HPLC Assay,pharma_qc-demo,PHA-RG-1,PHA-02-A,ok,pharma_qc-002-003,mg/mL,[],manual,synthetic demo stable baseline
demo-pharma_qc-hplc-assay-01-preservative-a,1.506,2026-02-16T14:10:00Z,Preservative A,Assay QC,HPLC Assay-01,HPLC Assay,pharma_qc-demo,PHA-RG-1,PHA-02-A,ok,pharma_qc-002-004,mg/mL,[],manual,synthetic demo stable baseline
demo-pharma_qc-hplc-assay-01-preservative-a,1.494,2026-02-16T16:10:00Z,Preservative A,Assay QC,HPLC Assay-01,HPLC Assay,pharma_qc-demo,PHA-RG-1,PHA-02-A,ok,pharma_qc-002-005,mg/mL,[],manual,synthetic demo stable baseline
demo-pharma_qc-hplc-assay-01-preservative-a,1.503,2026-02-16T18:10:00Z,Preservative A,Assay QC,HPLC Assay-01,HPLC Assay,pharma_qc-demo,PHA-RG-1,PHA-02-A,ok,pharma_qc-002-006,mg/mL,[],manual,synthetic demo stable baseline
demo-pharma_qc-hplc-assay-01-preservative-a,1.5,2026-02-16T20:10:00Z,Preservative A,Assay QC,HPLC Assay-01,HPLC Assay,pharma_qc-demo,PHA-RG-1,PHA-02-A,ok,pharma_qc-002-007,mg/mL,[],manual,synthetic demo stable baseline
demo-pharma_qc-hplc-assay-01-preservative-a,1.497,2026-02-16T22:10:00Z,Preservative A,Assay QC,HPLC Assay-01,HPLC Assay,pharma_qc-demo,PHA-RG-1,PHA-02-A,ok,pharma_qc-002-008,mg/mL,[],manual,synthetic demo stable baseline
demo-pharma_qc-hplc-assay-01-preservative-a,1.506,2026-02-17T00:10:00Z,Preservative A,Assay QC,HPLC Assay-01,HPLC Assay,pharma_qc-demo,PHA-RG-1,PHA-02-A,ok,pharma_qc-002-009,mg/mL,[],manual,synthetic demo stable baseline
demo-pharma_qc-hplc-assay-01-preservative-a,1.503,2026-02-17T02:10:00Z,Preservative A,Assay QC,HPLC Assay-01,HPLC Assay,pharma_qc-demo,PHA-RG-1,PHA-02-A,ok,pharma_qc-002-010,mg/mL,[],manual,synthetic demo stable baseline
demo-pharma_qc-hplc-assay-01-preservative-a,1.494,2026-02-17T04:10:00Z,Preservative A,Assay QC,HPLC Assay-01,HPLC Assay,pharma_qc-demo,PHA-RG-1,PHA-02-A,ok,pharma_qc-002-011,mg/mL,[],manual,synthetic demo stable baseline
demo-pharma_qc-hplc-assay-01-preservative-a,1.5,2026-02-17T06:10:00Z,Preservative A,Assay QC,HPLC Assay-01,HPLC Assay,pharma_qc-demo,PHA-RG-1,PHA-02-A,ok,pharma_qc-002-012,mg/mL,[],manual,synthetic demo stable baseline
demo-pharma_qc-hplc-assay-01-preservative-a,1.503,2026-02-17T08:10:00Z,Preservative A,Assay QC,HPLC Assay-01,HPLC Assay,pharma_qc-demo,PHA-RG-1,PHA-02-A,ok,pharma_qc-002-013,mg/mL,[],manual,synthetic demo stable baseline
demo-pharma_qc-hplc-assay-01-preservative-a,1.497,2026-02-17T10:10:00Z,Preservative A,Assay QC,HPLC Assay-01,HPLC Assay,pharma_qc-demo,PHA-RG-1,PHA-02-A,ok,pharma_qc-002-014,mg/mL,[],manual,synthetic demo stable baseline
demo-pharma_qc-hplc-assay-01-preservative-a,1.5,2026-02-17T12:10:00Z,Preservative A,Assay QC,HPLC Assay-01,HPLC Assay,pharma_qc-demo,PHA-RG-1,PHA-02-A,ok,pharma_qc-002-015,mg/mL,[],manual,synthetic demo stable baseline
demo-pharma_qc-hplc-assay-01-preservative-a,1.506,2026-02-17T14:10:00Z,Preservative A,Assay QC,HPLC Assay-01,HPLC Assay,pharma_qc-demo,PHA-RG-2,PHA-02-B,ok,pharma_qc-002-016,mg/mL,[],manual,synthetic demo stable baseline
demo-pharma_qc-hplc-assay-01-preservative-a,1.494,2026-02-17T16:10:00Z,Preservative A,Assay QC,HPLC Assay-01,HPLC Assay,pharma_qc-demo,PHA-RG-2,PHA-02-B,ok,pharma_qc-002-017,mg/mL,[],manual,synthetic demo stable baseline
demo-pharma_qc-hplc-assay-01-preservative-a,1.503,2026-02-17T18:10:00Z,Preservative A,Assay QC,HPLC Assay-01,HPLC Assay,pharma_qc-demo,PHA-RG-2,PHA-02-B,ok,pharma_qc-002-018,mg/mL,[],manual,synthetic demo stable baseline
demo-pharma_qc-hplc-assay-01-preservative-a,1.5,2026-02-17T20:10:00Z,Preservative A,Assay QC,HPLC Assay-01,HPLC Assay,pharma_qc-demo,PHA-RG-2,PHA-02-B,ok,pharma_qc-002-019,mg/mL,[],manual,synthetic demo stable baseline
demo-pharma_qc-hplc-assay-01-preservative-a,1.497,2026-02-17T22:10:00Z,Preservative A,Assay QC,HPLC Assay-01,HPLC Assay,pharma_qc-demo,PHA-RG-2,PHA-02-B,ok,pharma_qc-002-020,mg/mL,[],manual,synthetic demo stable baseline
demo-pharma_qc-hplc-assay-01-preservative-a,1.503,2026-02-18T00:10:00Z,Preservative A,Assay QC,HPLC Assay-01,HPLC Assay,pharma_qc-demo,PHA-RG-2,PHA-02-B,ok,pharma_qc-002-021,mg/mL,[],manual,synthetic demo stable baseline
demo-pharma_qc-hplc-assay-01-preservative-a,1.5,2026-02-18T02:10:00Z,Preservative A,Assay QC,HPLC Assay-01,HPLC Assay,pharma_qc-demo,PHA-RG-2,PHA-02-B,ok,pharma_qc-002-022,mg/mL,[],manual,synthetic demo stable baseline
demo-pharma_qc-hplc-assay-01-preservative-a,1.494,2026-02-18T04:10:00Z,Preservative A,Assay QC,HPLC Assay-01,HPLC Assay,pharma_qc-demo,PHA-RG-2,PHA-02-B,ok,pharma_qc-002-023,mg/mL,[],manual,synthetic demo stable baseline
demo-pharma_qc-hplc-assay-01-preservative-a,1.506,2026-02-18T06:10:00Z,Preservative A,Assay QC,HPLC Assay-01,HPLC Assay,pharma_qc-demo,PHA-RG-2,PHA-02-B,ok,pharma_qc-002-024,mg/mL,[],manual,synthetic demo stable baseline
demo-pharma_qc-hplc-assay-01-preservative-a,1.5,2026-02-18T08:10:00Z,Preservative A,Assay QC,HPLC Assay-01,HPLC Assay,pharma_qc-demo,PHA-RG-2,PHA-02-B,ok,pharma_qc-002-025,mg/mL,[],manual,synthetic demo stable baseline
demo-pharma_qc-hplc-assay-01-degradant-total,0.4,2026-02-16T08:15:00Z,Degradant Total,Impurity QC,HPLC Assay-01,HPLC Assay,pharma_qc-demo,PHA-RG-1,PHA-03-A,ok,pharma_qc-003-001,% area,[],manual,synthetic demo high scatter with low Bayesian confidence
demo-pharma_qc-hplc-assay-01-degradant-total,0.456,2026-02-16T10:15:00Z,Degradant Total,Impurity QC,HPLC Assay-01,HPLC Assay,pharma_qc-demo,PHA-RG-1,PHA-03-A,ok,pharma_qc-003-002,% area,[],manual,synthetic demo high scatter with low Bayesian confidence
demo-pharma_qc-hplc-assay-01-degradant-total,0.348,2026-02-16T12:15:00Z,Degradant Total,Impurity QC,HPLC Assay-01,HPLC Assay,pharma_qc-demo,PHA-RG-1,PHA-03-A,ok,pharma_qc-003-003,% area,[],manual,synthetic demo high scatter with low Bayesian confidence
demo-pharma_qc-hplc-assay-01-degradant-total,0.46,2026-02-16T14:15:00Z,Degradant Total,Impurity QC,HPLC Assay-01,HPLC Assay,pharma_qc-demo,PHA-RG-1,PHA-03-A,ok,pharma_qc-003-004,% area,[],manual,synthetic demo high scatter with low Bayesian confidence
demo-pharma_qc-hplc-assay-01-degradant-total,0.344,2026-02-16T16:15:00Z,Degradant Total,Impurity QC,HPLC Assay-01,HPLC Assay,pharma_qc-demo,PHA-RG-1,PHA-03-A,ok,pharma_qc-003-005,% area,[],manual,synthetic demo high scatter with low Bayesian confidence
demo-pharma_qc-hplc-assay-01-degradant-total,0.464,2026-02-16T18:15:00Z,Degradant Total,Impurity QC,HPLC Assay-01,HPLC Assay,pharma_qc-demo,PHA-RG-1,PHA-03-A,ok,pharma_qc-003-006,% area,[],manual,synthetic demo high scatter with low Bayesian confidence
demo-pharma_qc-hplc-assay-01-degradant-total,0.34,2026-02-16T20:15:00Z,Degradant Total,Impurity QC,HPLC Assay-01,HPLC Assay,pharma_qc-demo,PHA-RG-1,PHA-03-A,ok,pharma_qc-003-007,% area,[],manual,synthetic demo high scatter with low Bayesian confidence
demo-pharma_qc-hplc-assay-01-degradant-total,0.468,2026-02-16T22:15:00Z,Degradant Total,Impurity QC,HPLC Assay-01,HPLC Assay,pharma_qc-demo,PHA-RG-1,PHA-03-A,ok,pharma_qc-003-008,% area,[],manual,synthetic demo high scatter with low Bayesian confidence
demo-pharma_qc-hplc-assay-01-degradant-total,0.336,2026-02-17T00:15:00Z,Degradant Total,Impurity QC,HPLC Assay-01,HPLC Assay,pharma_qc-demo,PHA-RG-1,PHA-03-A,ok,pharma_qc-003-009,% area,[],manual,synthetic demo high scatter with low Bayesian confidence
demo-pharma_qc-hplc-assay-01-degradant-total,0.472,2026-02-17T02:15:00Z,Degradant Total,Impurity QC,HPLC Assay-01,HPLC Assay,pharma_qc-demo,PHA-RG-1,PHA-03-A,ok,pharma_qc-003-010,% area,[],manual,synthetic demo high scatter with low Bayesian confidence
demo-pharma_qc-hplc-assay-01-degradant-total,0.332,2026-02-17T04:15:00Z,Degradant Total,Impurity QC,HPLC Assay-01,HPLC Assay,pharma_qc-demo,PHA-RG-1,PHA-03-A,ok,pharma_qc-003-011,% area,[],manual,synthetic demo high scatter with low Bayesian confidence
demo-pharma_qc-hplc-assay-01-degradant-total,0.476,2026-02-17T06:15:00Z,Degradant Total,Impurity QC,HPLC Assay-01,HPLC Assay,pharma_qc-demo,PHA-RG-1,PHA-03-A,ok,pharma_qc-003-012,% area,[],manual,synthetic demo high scatter with low Bayesian confidence
demo-pharma_qc-hplc-assay-01-degradant-total,0.328,2026-02-17T08:15:00Z,Degradant Total,Impurity QC,HPLC Assay-01,HPLC Assay,pharma_qc-demo,PHA-RG-1,PHA-03-A,ok,pharma_qc-003-013,% area,[],manual,synthetic demo high scatter with low Bayesian confidence
demo-pharma_qc-hplc-assay-01-degradant-total,0.468,2026-02-17T10:15:00Z,Degradant Total,Impurity QC,HPLC Assay-01,HPLC Assay,pharma_qc-demo,PHA-RG-1,PHA-03-A,ok,pharma_qc-003-014,% area,[],manual,synthetic demo high scatter with low Bayesian confidence
demo-pharma_qc-hplc-assay-01-degradant-total,0.336,2026-02-17T12:15:00Z,Degradant Total,Impurity QC,HPLC Assay-01,HPLC Assay,pharma_qc-demo,PHA-RG-1,PHA-03-A,ok,pharma_qc-003-015,% area,[],manual,synthetic demo high scatter with low Bayesian confidence
demo-pharma_qc-hplc-assay-01-degradant-total,0.472,2026-02-17T14:15:00Z,Degradant Total,Impurity QC,HPLC Assay-01,HPLC Assay,pharma_qc-demo,PHA-RG-2,PHA-03-B,ok,pharma_qc-003-016,% area,[],manual,synthetic demo high scatter with low Bayesian confidence
demo-pharma_qc-hplc-assay-01-degradant-total,0.332,2026-02-17T16:15:00Z,Degradant Total,Impurity QC,HPLC Assay-01,HPLC Assay,pharma_qc-demo,PHA-RG-2,PHA-03-B,ok,pharma_qc-003-017,% area,[],manual,synthetic demo high scatter with low Bayesian confidence
demo-pharma_qc-hplc-assay-01-degradant-total,0.464,2026-02-17T18:15:00Z,Degradant Total,Impurity QC,HPLC Assay-01,HPLC Assay,pharma_qc-demo,PHA-RG-2,PHA-03-B,ok,pharma_qc-003-018,% area,[],manual,synthetic demo high scatter with low Bayesian confidence
demo-pharma_qc-hplc-assay-01-degradant-total,0.34,2026-02-17T20:15:00Z,Degradant Total,Impurity QC,HPLC Assay-01,HPLC Assay,pharma_qc-demo,PHA-RG-2,PHA-03-B,ok,pharma_qc-003-019,% area,[],manual,synthetic demo high scatter with low Bayesian confidence
demo-pharma_qc-hplc-assay-01-degradant-total,0.456,2026-02-17T22:15:00Z,Degradant Total,Impurity QC,HPLC Assay-01,HPLC Assay,pharma_qc-demo,PHA-RG-2,PHA-03-B,ok,pharma_qc-003-020,% area,[],manual,synthetic demo high scatter with low Bayesian confidence
demo-pharma_qc-hplc-assay-01-degradant-total,0.348,2026-02-18T00:15:00Z,Degradant Total,Impurity QC,HPLC Assay-01,HPLC Assay,pharma_qc-demo,PHA-RG-2,PHA-03-B,ok,pharma_qc-003-021,% area,[],manual,synthetic demo high scatter with low Bayesian confidence
demo-pharma_qc-hplc-assay-01-degradant-total,0.448,2026-02-18T02:15:00Z,Degradant Total,Impurity QC,HPLC Assay-01,HPLC Assay,pharma_qc-demo,PHA-RG-2,PHA-03-B,ok,pharma_qc-003-022,% area,[],manual,synthetic demo high scatter with low Bayesian confidence
demo-pharma_qc-hplc-assay-01-degradant-total,0.356,2026-02-18T04:15:00Z,Degradant Total,Impurity QC,HPLC Assay-01,HPLC Assay,pharma_qc-demo,PHA-RG-2,PHA-03-B,ok,pharma_qc-003-023,% area,[],manual,synthetic demo high scatter with low Bayesian confidence
demo-pharma_qc-hplc-assay-01-degradant-total,0.432,2026-02-18T06:15:00Z,Degradant Total,Impurity QC,HPLC Assay-01,HPLC Assay,pharma_qc-demo,PHA-RG-2,PHA-03-B,ok,pharma_qc-003-024,% area,[],manual,synthetic demo high scatter with low Bayesian confidence
demo-pharma_qc-hplc-assay-01-degradant-total,0.372,2026-02-18T08:15:00Z,Degradant Total,Impurity QC,HPLC Assay-01,HPLC Assay,pharma_qc-demo,PHA-RG-2,PHA-03-B,ok,pharma_qc-003-025,% area,[],manual,synthetic demo high scatter with low Bayesian confidence
demo-pharma_qc-hplc-assay-01-related-substance-a,0.12,2026-02-16T08:20:00Z,Related Substance A,Impurity QC,HPLC Assay-01,HPLC Assay,pharma_qc-demo,PHA-RG-1,PHA-04-A,ok,pharma_qc-004-001,% area,[],manual,synthetic demo upward step after lot change
demo-pharma_qc-hplc-assay-01-related-substance-a,0.122,2026-02-16T10:20:00Z,Related Substance A,Impurity QC,HPLC Assay-01,HPLC Assay,pharma_qc-demo,PHA-RG-1,PHA-04-A,ok,pharma_qc-004-002,% area,[],manual,synthetic demo upward step after lot change
demo-pharma_qc-hplc-assay-01-related-substance-a,0.118,2026-02-16T12:20:00Z,Related Substance A,Impurity QC,HPLC Assay-01,HPLC Assay,pharma_qc-demo,PHA-RG-1,PHA-04-A,ok,pharma_qc-004-003,% area,[],manual,synthetic demo upward step after lot change
demo-pharma_qc-hplc-assay-01-related-substance-a,0.12,2026-02-16T14:20:00Z,Related Substance A,Impurity QC,HPLC Assay-01,HPLC Assay,pharma_qc-demo,PHA-RG-1,PHA-04-A,ok,pharma_qc-004-004,% area,[],manual,synthetic demo upward step after lot change
demo-pharma_qc-hplc-assay-01-related-substance-a,0.124,2026-02-16T16:20:00Z,Related Substance A,Impurity QC,HPLC Assay-01,HPLC Assay,pharma_qc-demo,PHA-RG-1,PHA-04-A,ok,pharma_qc-004-005,% area,[],manual,synthetic demo upward step after lot change
demo-pharma_qc-hplc-assay-01-related-substance-a,0.122,2026-02-16T18:20:00Z,Related Substance A,Impurity QC,HPLC Assay-01,HPLC Assay,pharma_qc-demo,PHA-RG-1,PHA-04-A,ok,pharma_qc-004-006,% area,[],manual,synthetic demo upward step after lot change
demo-pharma_qc-hplc-assay-01-related-substance-a,0.118,2026-02-16T20:20:00Z,Related Substance A,Impurity QC,HPLC Assay-01,HPLC Assay,pharma_qc-demo,PHA-RG-1,PHA-04-A,ok,pharma_qc-004-007,% area,[],manual,synthetic demo upward step after lot change
demo-pharma_qc-hplc-assay-01-related-substance-a,0.12,2026-02-16T22:20:00Z,Related Substance A,Impurity QC,HPLC Assay-01,HPLC Assay,pharma_qc-demo,PHA-RG-1,PHA-04-A,ok,pharma_qc-004-008,% area,[],manual,synthetic demo upward step after lot change
demo-pharma_qc-hplc-assay-01-related-substance-a,0.122,2026-02-17T00:20:00Z,Related Substance A,Impurity QC,HPLC Assay-01,HPLC Assay,pharma_qc-demo,PHA-RG-1,PHA-04-A,ok,pharma_qc-004-009,% area,[],manual,synthetic demo upward step after lot change
demo-pharma_qc-hplc-assay-01-related-substance-a,0.118,2026-02-17T02:20:00Z,Related Substance A,Impurity QC,HPLC Assay-01,HPLC Assay,pharma_qc-demo,PHA-RG-1,PHA-04-A,ok,pharma_qc-004-010,% area,[],manual,synthetic demo upward step after lot change
demo-pharma_qc-hplc-assay-01-related-substance-a,0.12,2026-02-17T04:20:00Z,Related Substance A,Impurity QC,HPLC Assay-01,HPLC Assay,pharma_qc-demo,PHA-RG-1,PHA-04-A,ok,pharma_qc-004-011,% area,[],manual,synthetic demo upward step after lot change
demo-pharma_qc-hplc-assay-01-related-substance-a,0.124,2026-02-17T06:20:00Z,Related Substance A,Impurity QC,HPLC Assay-01,HPLC Assay,pharma_qc-demo,PHA-RG-1,PHA-04-A,ok,pharma_qc-004-012,% area,[],manual,synthetic demo upward step after lot change
demo-pharma_qc-hplc-assay-01-related-substance-a,0.122,2026-02-17T08:20:00Z,Related Substance A,Impurity QC,HPLC Assay-01,HPLC Assay,pharma_qc-demo,PHA-RG-1,PHA-04-A,ok,pharma_qc-004-013,% area,[],manual,synthetic demo upward step after lot change
demo-pharma_qc-hplc-assay-01-related-substance-a,0.12,2026-02-17T10:20:00Z,Related Substance A,Impurity QC,HPLC Assay-01,HPLC Assay,pharma_qc-demo,PHA-RG-1,PHA-04-A,ok,pharma_qc-004-014,% area,[],manual,synthetic demo upward step after lot change
demo-pharma_qc-hplc-assay-01-related-substance-a,0.118,2026-02-17T12:20:00Z,Related Substance A,Impurity QC,HPLC Assay-01,HPLC Assay,pharma_qc-demo,PHA-RG-1,PHA-04-A,ok,pharma_qc-004-015,% area,[],manual,synthetic demo upward step after lot change
demo-pharma_qc-hplc-assay-01-related-substance-a,0.144,2026-02-17T14:20:00Z,Related Substance A,Impurity QC,HPLC Assay-01,HPLC Assay,pharma_qc-demo,PHA-RG-2,PHA-04-B,ok,pharma_qc-004-016,% area,[],manual,synthetic demo upward step after lot change
demo-pharma_qc-hplc-assay-01-related-substance-a,0.148,2026-02-17T16:20:00Z,Related Substance A,Impurity QC,HPLC Assay-01,HPLC Assay,pharma_qc-demo,PHA-RG-2,PHA-04-B,ok,pharma_qc-004-017,% area,[],manual,synthetic demo upward step after lot change
demo-pharma_qc-hplc-assay-01-related-substance-a,0.15,2026-02-17T18:20:00Z,Related Substance A,Impurity QC,HPLC Assay-01,HPLC Assay,pharma_qc-demo,PHA-RG-2,PHA-04-B,ok,pharma_qc-004-018,% area,[],manual,synthetic demo upward step after lot change
demo-pharma_qc-hplc-assay-01-related-substance-a,0.148,2026-02-17T20:20:00Z,Related Substance A,Impurity QC,HPLC Assay-01,HPLC Assay,pharma_qc-demo,PHA-RG-2,PHA-04-B,ok,pharma_qc-004-019,% area,[],manual,synthetic demo upward step after lot change
demo-pharma_qc-hplc-assay-01-related-substance-a,0.152,2026-02-17T22:20:00Z,Related Substance A,Impurity QC,HPLC Assay-01,HPLC Assay,pharma_qc-demo,PHA-RG-2,PHA-04-B,ok,pharma_qc-004-020,% area,[],manual,synthetic demo upward step after lot change
demo-pharma_qc-hplc-assay-01-related-substance-a,0.15,2026-02-18T00:20:00Z,Related Substance A,Impurity QC,HPLC Assay-01,HPLC Assay,pharma_qc-demo,PHA-RG-2,PHA-04-B,ok,pharma_qc-004-021,% area,[],manual,synthetic demo upward step after lot change
demo-pharma_qc-hplc-assay-01-related-substance-a,0.148,2026-02-18T02:20:00Z,Related Substance A,Impurity QC,HPLC Assay-01,HPLC Assay,pharma_qc-demo,PHA-RG-2,PHA-04-B,ok,pharma_qc-004-022,% area,[],manual,synthetic demo upward step after lot change
demo-pharma_qc-hplc-assay-01-related-substance-a,0.152,2026-02-18T04:20:00Z,Related Substance A,Impurity QC,HPLC Assay-01,HPLC Assay,pharma_qc-demo,PHA-RG-2,PHA-04-B,ok,pharma_qc-004-023,% area,[],manual,synthetic demo upward step after lot change
demo-pharma_qc-hplc-assay-01-related-substance-a,0.15,2026-02-18T06:20:00Z,Related Substance A,Impurity QC,HPLC Assay-01,HPLC Assay,pharma_qc-demo,PHA-RG-2,PHA-04-B,ok,pharma_qc-004-024,% area,[],manual,synthetic demo upward step after lot change
demo-pharma_qc-hplc-assay-01-related-substance-a,0.148,2026-02-18T08:20:00Z,Related Substance A,Impurity QC,HPLC Assay-01,HPLC Assay,pharma_qc-demo,PHA-RG-2,PHA-04-B,ok,pharma_qc-004-025,% area,[],manual,synthetic demo upward step after lot change
demo-pharma_qc-uplc-impurity-02-impurity-b,0.08,2026-02-16T08:25:00Z,Impurity B,Impurity QC,UPLC Impurity-02,UPLC Impurity,pharma_qc-demo,PHA-RG-1,PHA-05-A,ok,pharma_qc-005-001,% area,[],manual,synthetic demo slow high drift
demo-pharma_qc-uplc-impurity-02-impurity-b,0.0815,2026-02-16T10:25:00Z,Impurity B,Impurity QC,UPLC Impurity-02,UPLC Impurity,pharma_qc-demo,PHA-RG-1,PHA-05-A,ok,pharma_qc-005-002,% area,[],manual,synthetic demo slow high drift
demo-pharma_qc-uplc-impurity-02-impurity-b,0.0845,2026-02-16T12:25:00Z,Impurity B,Impurity QC,UPLC Impurity-02,UPLC Impurity,pharma_qc-demo,PHA-RG-1,PHA-05-A,ok,pharma_qc-005-003,% area,[],manual,synthetic demo slow high drift
demo-pharma_qc-uplc-impurity-02-impurity-b,0.0875,2026-02-16T14:25:00Z,Impurity B,Impurity QC,UPLC Impurity-02,UPLC Impurity,pharma_qc-demo,PHA-RG-1,PHA-05-A,ok,pharma_qc-005-004,% area,[],manual,synthetic demo slow high drift
demo-pharma_qc-uplc-impurity-02-impurity-b,0.0905,2026-02-16T16:25:00Z,Impurity B,Impurity QC,UPLC Impurity-02,UPLC Impurity,pharma_qc-demo,PHA-RG-1,PHA-05-A,ok,pharma_qc-005-005,% area,[],manual,synthetic demo slow high drift
demo-pharma_qc-uplc-impurity-02-impurity-b,0.0935,2026-02-16T18:25:00Z,Impurity B,Impurity QC,UPLC Impurity-02,UPLC Impurity,pharma_qc-demo,PHA-RG-1,PHA-05-A,ok,pharma_qc-005-006,% area,[],manual,synthetic demo slow high drift
demo-pharma_qc-uplc-impurity-02-impurity-b,0.0965,2026-02-16T20:25:00Z,Impurity B,Impurity QC,UPLC Impurity-02,UPLC Impurity,pharma_qc-demo,PHA-RG-1,PHA-05-A,ok,pharma_qc-005-007,% area,[],manual,synthetic demo slow high drift
demo-pharma_qc-uplc-impurity-02-impurity-b,0.0995,2026-02-16T22:25:00Z,Impurity B,Impurity QC,UPLC Impurity-02,UPLC Impurity,pharma_qc-demo,PHA-RG-1,PHA-05-A,ok,pharma_qc-005-008,% area,[],manual,synthetic demo slow high drift
demo-pharma_qc-uplc-impurity-02-impurity-b,0.1025,2026-02-17T00:25:00Z,Impurity B,Impurity QC,UPLC Impurity-02,UPLC Impurity,pharma_qc-demo,PHA-RG-1,PHA-05-A,ok,pharma_qc-005-009,% area,[],manual,synthetic demo slow high drift
demo-pharma_qc-uplc-impurity-02-impurity-b,0.1055,2026-02-17T02:25:00Z,Impurity B,Impurity QC,UPLC Impurity-02,UPLC Impurity,pharma_qc-demo,PHA-RG-1,PHA-05-A,ok,pharma_qc-005-010,% area,[],manual,synthetic demo slow high drift
demo-pharma_qc-uplc-impurity-02-impurity-b,0.1085,2026-02-17T04:25:00Z,Impurity B,Impurity QC,UPLC Impurity-02,UPLC Impurity,pharma_qc-demo,PHA-RG-1,PHA-05-A,ok,pharma_qc-005-011,% area,[],manual,synthetic demo slow high drift
demo-pharma_qc-uplc-impurity-02-impurity-b,0.1115,2026-02-17T06:25:00Z,Impurity B,Impurity QC,UPLC Impurity-02,UPLC Impurity,pharma_qc-demo,PHA-RG-1,PHA-05-A,ok,pharma_qc-005-012,% area,[],manual,synthetic demo slow high drift
demo-pharma_qc-uplc-impurity-02-impurity-b,0.113,2026-02-17T08:25:00Z,Impurity B,Impurity QC,UPLC Impurity-02,UPLC Impurity,pharma_qc-demo,PHA-RG-1,PHA-05-A,ok,pharma_qc-005-013,% area,[],manual,synthetic demo slow high drift
demo-pharma_qc-uplc-impurity-02-impurity-b,0.1145,2026-02-17T10:25:00Z,Impurity B,Impurity QC,UPLC Impurity-02,UPLC Impurity,pharma_qc-demo,PHA-RG-1,PHA-05-A,ok,pharma_qc-005-014,% area,[],manual,synthetic demo slow high drift
demo-pharma_qc-uplc-impurity-02-impurity-b,0.116,2026-02-17T12:25:00Z,Impurity B,Impurity QC,UPLC Impurity-02,UPLC Impurity,pharma_qc-demo,PHA-RG-1,PHA-05-A,ok,pharma_qc-005-015,% area,[],manual,synthetic demo slow high drift
demo-pharma_qc-uplc-impurity-02-impurity-b,0.1175,2026-02-17T14:25:00Z,Impurity B,Impurity QC,UPLC Impurity-02,UPLC Impurity,pharma_qc-demo,PHA-RG-2,PHA-05-B,ok,pharma_qc-005-016,% area,[],manual,synthetic demo slow high drift
demo-pharma_qc-uplc-impurity-02-impurity-b,0.119,2026-02-17T16:25:00Z,Impurity B,Impurity QC,UPLC Impurity-02,UPLC Impurity,pharma_qc-demo,PHA-RG-2,PHA-05-B,ok,pharma_qc-005-017,% area,[],manual,synthetic demo slow high drift
demo-pharma_qc-uplc-impurity-02-impurity-b,0.1205,2026-02-17T18:25:00Z,Impurity B,Impurity QC,UPLC Impurity-02,UPLC Impurity,pharma_qc-demo,PHA-RG-2,PHA-05-B,ok,pharma_qc-005-018,% area,[],manual,synthetic demo slow high drift
demo-pharma_qc-uplc-impurity-02-impurity-b,0.122,2026-02-17T20:25:00Z,Impurity B,Impurity QC,UPLC Impurity-02,UPLC Impurity,pharma_qc-demo,PHA-RG-2,PHA-05-B,ok,pharma_qc-005-019,% area,[],manual,synthetic demo slow high drift
demo-pharma_qc-uplc-impurity-02-impurity-b,0.1235,2026-02-17T22:25:00Z,Impurity B,Impurity QC,UPLC Impurity-02,UPLC Impurity,pharma_qc-demo,PHA-RG-2,PHA-05-B,ok,pharma_qc-005-020,% area,[],manual,synthetic demo slow high drift
demo-pharma_qc-uplc-impurity-02-impurity-b,0.125,2026-02-18T00:25:00Z,Impurity B,Impurity QC,UPLC Impurity-02,UPLC Impurity,pharma_qc-demo,PHA-RG-2,PHA-05-B,ok,pharma_qc-005-021,% area,[],manual,synthetic demo slow high drift
demo-pharma_qc-uplc-impurity-02-impurity-b,0.1265,2026-02-18T02:25:00Z,Impurity B,Impurity QC,UPLC Impurity-02,UPLC Impurity,pharma_qc-demo,PHA-RG-2,PHA-05-B,ok,pharma_qc-005-022,% area,[],manual,synthetic demo slow high drift
demo-pharma_qc-uplc-impurity-02-impurity-b,0.128,2026-02-18T04:25:00Z,Impurity B,Impurity QC,UPLC Impurity-02,UPLC Impurity,pharma_qc-demo,PHA-RG-2,PHA-05-B,ok,pharma_qc-005-023,% area,[],manual,synthetic demo slow high drift
demo-pharma_qc-uplc-impurity-02-impurity-b,0.1295,2026-02-18T06:25:00Z,Impurity B,Impurity QC,UPLC Impurity-02,UPLC Impurity,pharma_qc-demo,PHA-RG-2,PHA-05-B,ok,pharma_qc-005-024,% area,[],manual,synthetic demo slow high drift
demo-pharma_qc-uplc-impurity-02-impurity-b,0.131,2026-02-18T08:25:00Z,Impurity B,Impurity QC,UPLC Impurity-02,UPLC Impurity,pharma_qc-demo,PHA-RG-2,PHA-05-B,ok,pharma_qc-005-025,% area,[],manual,synthetic demo slow high drift
demo-pharma_qc-uplc-impurity-02-impurity-c,0.11,2026-02-16T08:00:00Z,Impurity C,Impurity QC,UPLC Impurity-02,UPLC Impurity,pharma_qc-demo,PHA-RG-1,PHA-06-A,ok,pharma_qc-006-001,% area,[],manual,synthetic demo single low action outlier
demo-pharma_qc-uplc-impurity-02-impurity-c,0.108,2026-02-16T10:00:00Z,Impurity C,Impurity QC,UPLC Impurity-02,UPLC Impurity,pharma_qc-demo,PHA-RG-1,PHA-06-A,ok,pharma_qc-006-002,% area,[],manual,synthetic demo single low action outlier
demo-pharma_qc-uplc-impurity-02-impurity-c,0.112,2026-02-16T12:00:00Z,Impurity C,Impurity QC,UPLC Impurity-02,UPLC Impurity,pharma_qc-demo,PHA-RG-1,PHA-06-A,ok,pharma_qc-006-003,% area,[],manual,synthetic demo single low action outlier
demo-pharma_qc-uplc-impurity-02-impurity-c,0.106,2026-02-16T14:00:00Z,Impurity C,Impurity QC,UPLC Impurity-02,UPLC Impurity,pharma_qc-demo,PHA-RG-1,PHA-06-A,ok,pharma_qc-006-004,% area,[],manual,synthetic demo single low action outlier
demo-pharma_qc-uplc-impurity-02-impurity-c,0.11,2026-02-16T16:00:00Z,Impurity C,Impurity QC,UPLC Impurity-02,UPLC Impurity,pharma_qc-demo,PHA-RG-1,PHA-06-A,ok,pharma_qc-006-005,% area,[],manual,synthetic demo single low action outlier
demo-pharma_qc-uplc-impurity-02-impurity-c,0.114,2026-02-16T18:00:00Z,Impurity C,Impurity QC,UPLC Impurity-02,UPLC Impurity,pharma_qc-demo,PHA-RG-1,PHA-06-A,ok,pharma_qc-006-006,% area,[],manual,synthetic demo single low action outlier
demo-pharma_qc-uplc-impurity-02-impurity-c,0.108,2026-02-16T20:00:00Z,Impurity C,Impurity QC,UPLC Impurity-02,UPLC Impurity,pharma_qc-demo,PHA-RG-1,PHA-06-A,ok,pharma_qc-006-007,% area,[],manual,synthetic demo single low action outlier
demo-pharma_qc-uplc-impurity-02-impurity-c,0.106,2026-02-16T22:00:00Z,Impurity C,Impurity QC,UPLC Impurity-02,UPLC Impurity,pharma_qc-demo,PHA-RG-1,PHA-06-A,ok,pharma_qc-006-008,% area,[],manual,synthetic demo single low action outlier
demo-pharma_qc-uplc-impurity-02-impurity-c,0.042,2026-02-17T00:00:00Z,Impurity C,Impurity QC,UPLC Impurity-02,UPLC Impurity,pharma_qc-demo,PHA-RG-1,PHA-06-A,ok,pharma_qc-006-009,% area,[],manual,synthetic demo single low action outlier
demo-pharma_qc-uplc-impurity-02-impurity-c,0.104,2026-02-17T02:00:00Z,Impurity C,Impurity QC,UPLC Impurity-02,UPLC Impurity,pharma_qc-demo,PHA-RG-1,PHA-06-A,ok,pharma_qc-006-010,% area,[],manual,synthetic demo single low action outlier
demo-pharma_qc-uplc-impurity-02-impurity-c,0.11,2026-02-17T04:00:00Z,Impurity C,Impurity QC,UPLC Impurity-02,UPLC Impurity,pharma_qc-demo,PHA-RG-1,PHA-06-A,ok,pharma_qc-006-011,% area,[],manual,synthetic demo single low action outlier
demo-pharma_qc-uplc-impurity-02-impurity-c,0.112,2026-02-17T06:00:00Z,Impurity C,Impurity QC,UPLC Impurity-02,UPLC Impurity,pharma_qc-demo,PHA-RG-1,PHA-06-A,ok,pharma_qc-006-012,% area,[],manual,synthetic demo single low action outlier
demo-pharma_qc-uplc-impurity-02-impurity-c,0.108,2026-02-17T08:00:00Z,Impurity C,Impurity QC,UPLC Impurity-02,UPLC Impurity,pharma_qc-demo,PHA-RG-1,PHA-06-A,ok,pharma_qc-006-013,% area,[],manual,synthetic demo single low action outlier
demo-pharma_qc-uplc-impurity-02-impurity-c,0.11,2026-02-17T10:00:00Z,Impurity C,Impurity QC,UPLC Impurity-02,UPLC Impurity,pharma_qc-demo,PHA-RG-1,PHA-06-A,ok,pharma_qc-006-014,% area,[],manual,synthetic demo single low action outlier
demo-pharma_qc-uplc-impurity-02-impurity-c,0.114,2026-02-17T12:00:00Z,Impurity C,Impurity QC,UPLC Impurity-02,UPLC Impurity,pharma_qc-demo,PHA-RG-1,PHA-06-A,ok,pharma_qc-006-015,% area,[],manual,synthetic demo single low action outlier
demo-pharma_qc-uplc-impurity-02-impurity-c,0.106,2026-02-17T14:00:00Z,Impurity C,Impurity QC,UPLC Impurity-02,UPLC Impurity,pharma_qc-demo,PHA-RG-2,PHA-06-B,ok,pharma_qc-006-016,% area,[],manual,synthetic demo single low action outlier
demo-pharma_qc-uplc-impurity-02-impurity-c,0.108,2026-02-17T16:00:00Z,Impurity C,Impurity QC,UPLC Impurity-02,UPLC Impurity,pharma_qc-demo,PHA-RG-2,PHA-06-B,ok,pharma_qc-006-017,% area,[],manual,synthetic demo single low action outlier
demo-pharma_qc-uplc-impurity-02-impurity-c,0.11,2026-02-17T18:00:00Z,Impurity C,Impurity QC,UPLC Impurity-02,UPLC Impurity,pharma_qc-demo,PHA-RG-2,PHA-06-B,ok,pharma_qc-006-018,% area,[],manual,synthetic demo single low action outlier
demo-pharma_qc-uplc-impurity-02-impurity-c,0.112,2026-02-17T20:00:00Z,Impurity C,Impurity QC,UPLC Impurity-02,UPLC Impurity,pharma_qc-demo,PHA-RG-2,PHA-06-B,ok,pharma_qc-006-019,% area,[],manual,synthetic demo single low action outlier
demo-pharma_qc-uplc-impurity-02-impurity-c,0.108,2026-02-17T22:00:00Z,Impurity C,Impurity QC,UPLC Impurity-02,UPLC Impurity,pharma_qc-demo,PHA-RG-2,PHA-06-B,ok,pharma_qc-006-020,% area,[],manual,synthetic demo single low action outlier
demo-pharma_qc-uplc-impurity-02-impurity-c,0.11,2026-02-18T00:00:00Z,Impurity C,Impurity QC,UPLC Impurity-02,UPLC Impurity,pharma_qc-demo,PHA-RG-2,PHA-06-B,ok,pharma_qc-006-021,% area,[],manual,synthetic demo single low action outlier
demo-pharma_qc-uplc-impurity-02-impurity-c,0.114,2026-02-18T02:00:00Z,Impurity C,Impurity QC,UPLC Impurity-02,UPLC Impurity,pharma_qc-demo,PHA-RG-2,PHA-06-B,ok,pharma_qc-006-022,% area,[],manual,synthetic demo single low action outlier
demo-pharma_qc-uplc-impurity-02-impurity-c,0.108,2026-02-18T04:00:00Z,Impurity C,Impurity QC,UPLC Impurity-02,UPLC Impurity,pharma_qc-demo,PHA-RG-2,PHA-06-B,ok,pharma_qc-006-023,% area,[],manual,synthetic demo single low action outlier
demo-pharma_qc-uplc-impurity-02-impurity-c,0.11,2026-02-18T06:00:00Z,Impurity C,Impurity QC,UPLC Impurity-02,UPLC Impurity,pharma_qc-demo,PHA-RG-2,PHA-06-B,ok,pharma_qc-006-024,% area,[],manual,synthetic demo single low action outlier
demo-pharma_qc-uplc-impurity-02-impurity-c,0.106,2026-02-18T08:00:00Z,Impurity C,Impurity QC,UPLC Impurity-02,UPLC Impurity,pharma_qc-demo,PHA-RG-2,PHA-06-B,ok,pharma_qc-006-025,% area,[],manual,synthetic demo single low action outlier
demo-pharma_qc-uplc-impurity-02-main-peak-purity,99.2,2026-02-16T08:05:00Z,Main Peak Purity,Purity QC,UPLC Impurity-02,UPLC Impurity,pharma_qc-demo,PHA-RG-1,PHA-07-A,ok,pharma_qc-007-001,%,[],manual,synthetic demo maintenance recovery
demo-pharma_qc-uplc-impurity-02-main-peak-purity,99.224,2026-02-16T10:05:00Z,Main Peak Purity,Purity QC,UPLC Impurity-02,UPLC Impurity,pharma_qc-demo,PHA-RG-1,PHA-07-A,ok,pharma_qc-007-002,%,[],manual,synthetic demo maintenance recovery
demo-pharma_qc-uplc-impurity-02-main-peak-purity,99.248,2026-02-16T12:05:00Z,Main Peak Purity,Purity QC,UPLC Impurity-02,UPLC Impurity,pharma_qc-demo,PHA-RG-1,PHA-07-A,ok,pharma_qc-007-003,%,[],manual,synthetic demo maintenance recovery
demo-pharma_qc-uplc-impurity-02-main-peak-purity,99.284,2026-02-16T14:05:00Z,Main Peak Purity,Purity QC,UPLC Impurity-02,UPLC Impurity,pharma_qc-demo,PHA-RG-1,PHA-07-A,ok,pharma_qc-007-004,%,[],manual,synthetic demo maintenance recovery
demo-pharma_qc-uplc-impurity-02-main-peak-purity,99.32,2026-02-16T16:05:00Z,Main Peak Purity,Purity QC,UPLC Impurity-02,UPLC Impurity,pharma_qc-demo,PHA-RG-1,PHA-07-A,ok,pharma_qc-007-005,%,[],manual,synthetic demo maintenance recovery
demo-pharma_qc-uplc-impurity-02-main-peak-purity,99.368,2026-02-16T18:05:00Z,Main Peak Purity,Purity QC,UPLC Impurity-02,UPLC Impurity,pharma_qc-demo,PHA-RG-1,PHA-07-A,ok,pharma_qc-007-006,%,[],manual,synthetic demo maintenance recovery
demo-pharma_qc-uplc-impurity-02-main-peak-purity,99.416,2026-02-16T20:05:00Z,Main Peak Purity,Purity QC,UPLC Impurity-02,UPLC Impurity,pharma_qc-demo,PHA-RG-1,PHA-07-A,ok,pharma_qc-007-007,%,[],manual,synthetic demo maintenance recovery
demo-pharma_qc-uplc-impurity-02-main-peak-purity,99.452,2026-02-16T22:05:00Z,Main Peak Purity,Purity QC,UPLC Impurity-02,UPLC Impurity,pharma_qc-demo,PHA-RG-1,PHA-07-A,ok,pharma_qc-007-008,%,[],manual,synthetic demo maintenance recovery
demo-pharma_qc-uplc-impurity-02-main-peak-purity,99.488,2026-02-17T00:05:00Z,Main Peak Purity,Purity QC,UPLC Impurity-02,UPLC Impurity,pharma_qc-demo,PHA-RG-1,PHA-07-A,ok,pharma_qc-007-009,%,[],manual,synthetic demo maintenance recovery
demo-pharma_qc-uplc-impurity-02-main-peak-purity,99.536,2026-02-17T02:05:00Z,Main Peak Purity,Purity QC,UPLC Impurity-02,UPLC Impurity,pharma_qc-demo,PHA-RG-1,PHA-07-A,ok,pharma_qc-007-010,%,[],manual,synthetic demo maintenance recovery
demo-pharma_qc-uplc-impurity-02-main-peak-purity,99.584,2026-02-17T04:05:00Z,Main Peak Purity,Purity QC,UPLC Impurity-02,UPLC Impurity,pharma_qc-demo,PHA-RG-1,PHA-07-A,ok,pharma_qc-007-011,%,[],manual,synthetic demo maintenance recovery
demo-pharma_qc-uplc-impurity-02-main-peak-purity,99.524,2026-02-17T06:05:00Z,Main Peak Purity,Purity QC,UPLC Impurity-02,UPLC Impurity,pharma_qc-demo,PHA-RG-1,PHA-07-A,ok,pharma_qc-007-012,%,[],manual,synthetic demo maintenance recovery
demo-pharma_qc-uplc-impurity-02-main-peak-purity,99.452,2026-02-17T08:05:00Z,Main Peak Purity,Purity QC,UPLC Impurity-02,UPLC Impurity,pharma_qc-demo,PHA-RG-1,PHA-07-A,ok,pharma_qc-007-013,%,[],manual,synthetic demo maintenance recovery
demo-pharma_qc-uplc-impurity-02-main-peak-purity,99.344,2026-02-17T10:05:00Z,Main Peak Purity,Purity QC,UPLC Impurity-02,UPLC Impurity,pharma_qc-demo,PHA-RG-1,PHA-07-A,ok,pharma_qc-007-014,%,[],manual,synthetic demo maintenance recovery
demo-pharma_qc-uplc-impurity-02-main-peak-purity,99.26,2026-02-17T12:05:00Z,Main Peak Purity,Purity QC,UPLC Impurity-02,UPLC Impurity,pharma_qc-demo,PHA-RG-1,PHA-07-A,ok,pharma_qc-007-015,%,[],manual,synthetic demo maintenance recovery
demo-pharma_qc-uplc-impurity-02-main-peak-purity,99.224,2026-02-17T14:05:00Z,Main Peak Purity,Purity QC,UPLC Impurity-02,UPLC Impurity,pharma_qc-demo,PHA-RG-2,PHA-07-B,ok,pharma_qc-007-016,%,[],manual,synthetic demo maintenance recovery
demo-pharma_qc-uplc-impurity-02-main-peak-purity,99.2,2026-02-17T16:05:00Z,Main Peak Purity,Purity QC,UPLC Impurity-02,UPLC Impurity,pharma_qc-demo,PHA-RG-2,PHA-07-B,ok,pharma_qc-007-017,%,[],manual,synthetic demo maintenance recovery
demo-pharma_qc-uplc-impurity-02-main-peak-purity,99.188,2026-02-17T18:05:00Z,Main Peak Purity,Purity QC,UPLC Impurity-02,UPLC Impurity,pharma_qc-demo,PHA-RG-2,PHA-07-B,ok,pharma_qc-007-018,%,[],manual,synthetic demo maintenance recovery
demo-pharma_qc-uplc-impurity-02-main-peak-purity,99.212,2026-02-17T20:05:00Z,Main Peak Purity,Purity QC,UPLC Impurity-02,UPLC Impurity,pharma_qc-demo,PHA-RG-2,PHA-07-B,ok,pharma_qc-007-019,%,[],manual,synthetic demo maintenance recovery
demo-pharma_qc-uplc-impurity-02-main-peak-purity,99.2,2026-02-17T22:05:00Z,Main Peak Purity,Purity QC,UPLC Impurity-02,UPLC Impurity,pharma_qc-demo,PHA-RG-2,PHA-07-B,ok,pharma_qc-007-020,%,[],manual,synthetic demo maintenance recovery
demo-pharma_qc-uplc-impurity-02-main-peak-purity,99.176,2026-02-18T00:05:00Z,Main Peak Purity,Purity QC,UPLC Impurity-02,UPLC Impurity,pharma_qc-demo,PHA-RG-2,PHA-07-B,ok,pharma_qc-007-021,%,[],manual,synthetic demo maintenance recovery
demo-pharma_qc-uplc-impurity-02-main-peak-purity,99.212,2026-02-18T02:05:00Z,Main Peak Purity,Purity QC,UPLC Impurity-02,UPLC Impurity,pharma_qc-demo,PHA-RG-2,PHA-07-B,ok,pharma_qc-007-022,%,[],manual,synthetic demo maintenance recovery
demo-pharma_qc-uplc-impurity-02-main-peak-purity,99.2,2026-02-18T04:05:00Z,Main Peak Purity,Purity QC,UPLC Impurity-02,UPLC Impurity,pharma_qc-demo,PHA-RG-2,PHA-07-B,ok,pharma_qc-007-023,%,[],manual,synthetic demo maintenance recovery
demo-pharma_qc-uplc-impurity-02-main-peak-purity,99.224,2026-02-18T06:05:00Z,Main Peak Purity,Purity QC,UPLC Impurity-02,UPLC Impurity,pharma_qc-demo,PHA-RG-2,PHA-07-B,ok,pharma_qc-007-024,%,[],manual,synthetic demo maintenance recovery
demo-pharma_qc-uplc-impurity-02-main-peak-purity,99.188,2026-02-18T08:05:00Z,Main Peak Purity,Purity QC,UPLC Impurity-02,UPLC Impurity,pharma_qc-demo,PHA-RG-2,PHA-07-B,ok,pharma_qc-007-025,%,[],manual,synthetic demo maintenance recovery
demo-pharma_qc-uplc-impurity-02-resolution-r1,2.5,2026-02-16T08:10:00Z,Resolution R1,System suitability,UPLC Impurity-02,UPLC Impurity,pharma_qc-demo,PHA-RG-1,PHA-08-A,ok,pharma_qc-008-001,USP,[],manual,synthetic demo downward step after lot change
demo-pharma_qc-uplc-impurity-02-resolution-r1,2.492,2026-02-16T10:10:00Z,Resolution R1,System suitability,UPLC Impurity-02,UPLC Impurity,pharma_qc-demo,PHA-RG-1,PHA-08-A,ok,pharma_qc-008-002,USP,[],manual,synthetic demo downward step after lot change
demo-pharma_qc-uplc-impurity-02-resolution-r1,2.508,2026-02-16T12:10:00Z,Resolution R1,System suitability,UPLC Impurity-02,UPLC Impurity,pharma_qc-demo,PHA-RG-1,PHA-08-A,ok,pharma_qc-008-003,USP,[],manual,synthetic demo downward step after lot change
demo-pharma_qc-uplc-impurity-02-resolution-r1,2.5,2026-02-16T14:10:00Z,Resolution R1,System suitability,UPLC Impurity-02,UPLC Impurity,pharma_qc-demo,PHA-RG-1,PHA-08-A,ok,pharma_qc-008-004,USP,[],manual,synthetic demo downward step after lot change
demo-pharma_qc-uplc-impurity-02-resolution-r1,2.484,2026-02-16T16:10:00Z,Resolution R1,System suitability,UPLC Impurity-02,UPLC Impurity,pharma_qc-demo,PHA-RG-1,PHA-08-A,ok,pharma_qc-008-005,USP,[],manual,synthetic demo downward step after lot change
demo-pharma_qc-uplc-impurity-02-resolution-r1,2.492,2026-02-16T18:10:00Z,Resolution R1,System suitability,UPLC Impurity-02,UPLC Impurity,pharma_qc-demo,PHA-RG-1,PHA-08-A,ok,pharma_qc-008-006,USP,[],manual,synthetic demo downward step after lot change
demo-pharma_qc-uplc-impurity-02-resolution-r1,2.508,2026-02-16T20:10:00Z,Resolution R1,System suitability,UPLC Impurity-02,UPLC Impurity,pharma_qc-demo,PHA-RG-1,PHA-08-A,ok,pharma_qc-008-007,USP,[],manual,synthetic demo downward step after lot change
demo-pharma_qc-uplc-impurity-02-resolution-r1,2.5,2026-02-16T22:10:00Z,Resolution R1,System suitability,UPLC Impurity-02,UPLC Impurity,pharma_qc-demo,PHA-RG-1,PHA-08-A,ok,pharma_qc-008-008,USP,[],manual,synthetic demo downward step after lot change
demo-pharma_qc-uplc-impurity-02-resolution-r1,2.492,2026-02-17T00:10:00Z,Resolution R1,System suitability,UPLC Impurity-02,UPLC Impurity,pharma_qc-demo,PHA-RG-1,PHA-08-A,ok,pharma_qc-008-009,USP,[],manual,synthetic demo downward step after lot change
demo-pharma_qc-uplc-impurity-02-resolution-r1,2.508,2026-02-17T02:10:00Z,Resolution R1,System suitability,UPLC Impurity-02,UPLC Impurity,pharma_qc-demo,PHA-RG-1,PHA-08-A,ok,pharma_qc-008-010,USP,[],manual,synthetic demo downward step after lot change
demo-pharma_qc-uplc-impurity-02-resolution-r1,2.5,2026-02-17T04:10:00Z,Resolution R1,System suitability,UPLC Impurity-02,UPLC Impurity,pharma_qc-demo,PHA-RG-1,PHA-08-A,ok,pharma_qc-008-011,USP,[],manual,synthetic demo downward step after lot change
demo-pharma_qc-uplc-impurity-02-resolution-r1,2.484,2026-02-17T06:10:00Z,Resolution R1,System suitability,UPLC Impurity-02,UPLC Impurity,pharma_qc-demo,PHA-RG-1,PHA-08-A,ok,pharma_qc-008-012,USP,[],manual,synthetic demo downward step after lot change
demo-pharma_qc-uplc-impurity-02-resolution-r1,2.492,2026-02-17T08:10:00Z,Resolution R1,System suitability,UPLC Impurity-02,UPLC Impurity,pharma_qc-demo,PHA-RG-1,PHA-08-A,ok,pharma_qc-008-013,USP,[],manual,synthetic demo downward step after lot change
demo-pharma_qc-uplc-impurity-02-resolution-r1,2.5,2026-02-17T10:10:00Z,Resolution R1,System suitability,UPLC Impurity-02,UPLC Impurity,pharma_qc-demo,PHA-RG-1,PHA-08-A,ok,pharma_qc-008-014,USP,[],manual,synthetic demo downward step after lot change
demo-pharma_qc-uplc-impurity-02-resolution-r1,2.508,2026-02-17T12:10:00Z,Resolution R1,System suitability,UPLC Impurity-02,UPLC Impurity,pharma_qc-demo,PHA-RG-1,PHA-08-A,ok,pharma_qc-008-015,USP,[],manual,synthetic demo downward step after lot change
demo-pharma_qc-uplc-impurity-02-resolution-r1,2.404,2026-02-17T14:10:00Z,Resolution R1,System suitability,UPLC Impurity-02,UPLC Impurity,pharma_qc-demo,PHA-RG-2,PHA-08-B,ok,pharma_qc-008-016,USP,[],manual,synthetic demo downward step after lot change
demo-pharma_qc-uplc-impurity-02-resolution-r1,2.388,2026-02-17T16:10:00Z,Resolution R1,System suitability,UPLC Impurity-02,UPLC Impurity,pharma_qc-demo,PHA-RG-2,PHA-08-B,ok,pharma_qc-008-017,USP,[],manual,synthetic demo downward step after lot change
demo-pharma_qc-uplc-impurity-02-resolution-r1,2.38,2026-02-17T18:10:00Z,Resolution R1,System suitability,UPLC Impurity-02,UPLC Impurity,pharma_qc-demo,PHA-RG-2,PHA-08-B,ok,pharma_qc-008-018,USP,[],manual,synthetic demo downward step after lot change
demo-pharma_qc-uplc-impurity-02-resolution-r1,2.388,2026-02-17T20:10:00Z,Resolution R1,System suitability,UPLC Impurity-02,UPLC Impurity,pharma_qc-demo,PHA-RG-2,PHA-08-B,ok,pharma_qc-008-019,USP,[],manual,synthetic demo downward step after lot change
demo-pharma_qc-uplc-impurity-02-resolution-r1,2.372,2026-02-17T22:10:00Z,Resolution R1,System suitability,UPLC Impurity-02,UPLC Impurity,pharma_qc-demo,PHA-RG-2,PHA-08-B,ok,pharma_qc-008-020,USP,[],manual,synthetic demo downward step after lot change
demo-pharma_qc-uplc-impurity-02-resolution-r1,2.38,2026-02-18T00:10:00Z,Resolution R1,System suitability,UPLC Impurity-02,UPLC Impurity,pharma_qc-demo,PHA-RG-2,PHA-08-B,ok,pharma_qc-008-021,USP,[],manual,synthetic demo downward step after lot change
demo-pharma_qc-uplc-impurity-02-resolution-r1,2.388,2026-02-18T02:10:00Z,Resolution R1,System suitability,UPLC Impurity-02,UPLC Impurity,pharma_qc-demo,PHA-RG-2,PHA-08-B,ok,pharma_qc-008-022,USP,[],manual,synthetic demo downward step after lot change
demo-pharma_qc-uplc-impurity-02-resolution-r1,2.372,2026-02-18T04:10:00Z,Resolution R1,System suitability,UPLC Impurity-02,UPLC Impurity,pharma_qc-demo,PHA-RG-2,PHA-08-B,ok,pharma_qc-008-023,USP,[],manual,synthetic demo downward step after lot change
demo-pharma_qc-uplc-impurity-02-resolution-r1,2.38,2026-02-18T06:10:00Z,Resolution R1,System suitability,UPLC Impurity-02,UPLC Impurity,pharma_qc-demo,PHA-RG-2,PHA-08-B,ok,pharma_qc-008-024,USP,[],manual,synthetic demo downward step after lot change
demo-pharma_qc-uplc-impurity-02-resolution-r1,2.388,2026-02-18T08:10:00Z,Resolution R1,System suitability,UPLC Impurity-02,UPLC Impurity,pharma_qc-demo,PHA-RG-2,PHA-08-B,ok,pharma_qc-008-025,USP,[],manual,synthetic demo downward step after lot change
demo-pharma_qc-dissolution-dt-03-dissolution-15-min,42.0,2026-02-16T08:15:00Z,Dissolution 15 min,Dissolution QC,Dissolution DT-03,Dissolution,pharma_qc-demo,PHA-RG-1,PHA-09-A,ok,pharma_qc-009-001,% dissolved,[],manual,synthetic demo slow low drift
demo-pharma_qc-dissolution-dt-03-dissolution-15-min,41.86,2026-02-16T10:15:00Z,Dissolution 15 min,Dissolution QC,Dissolution DT-03,Dissolution,pharma_qc-demo,PHA-RG-1,PHA-09-A,ok,pharma_qc-009-002,% dissolved,[],manual,synthetic demo slow low drift
demo-pharma_qc-dissolution-dt-03-dissolution-15-min,41.58,2026-02-16T12:15:00Z,Dissolution 15 min,Dissolution QC,Dissolution DT-03,Dissolution,pharma_qc-demo,PHA-RG-1,PHA-09-A,ok,pharma_qc-009-003,% dissolved,[],manual,synthetic demo slow low drift
demo-pharma_qc-dissolution-dt-03-dissolution-15-min,41.3,2026-02-16T14:15:00Z,Dissolution 15 min,Dissolution QC,Dissolution DT-03,Dissolution,pharma_qc-demo,PHA-RG-1,PHA-09-A,ok,pharma_qc-009-004,% dissolved,[],manual,synthetic demo slow low drift
demo-pharma_qc-dissolution-dt-03-dissolution-15-min,41.02,2026-02-16T16:15:00Z,Dissolution 15 min,Dissolution QC,Dissolution DT-03,Dissolution,pharma_qc-demo,PHA-RG-1,PHA-09-A,ok,pharma_qc-009-005,% dissolved,[],manual,synthetic demo slow low drift
demo-pharma_qc-dissolution-dt-03-dissolution-15-min,40.74,2026-02-16T18:15:00Z,Dissolution 15 min,Dissolution QC,Dissolution DT-03,Dissolution,pharma_qc-demo,PHA-RG-1,PHA-09-A,ok,pharma_qc-009-006,% dissolved,[],manual,synthetic demo slow low drift
demo-pharma_qc-dissolution-dt-03-dissolution-15-min,40.46,2026-02-16T20:15:00Z,Dissolution 15 min,Dissolution QC,Dissolution DT-03,Dissolution,pharma_qc-demo,PHA-RG-1,PHA-09-A,ok,pharma_qc-009-007,% dissolved,[],manual,synthetic demo slow low drift
demo-pharma_qc-dissolution-dt-03-dissolution-15-min,40.18,2026-02-16T22:15:00Z,Dissolution 15 min,Dissolution QC,Dissolution DT-03,Dissolution,pharma_qc-demo,PHA-RG-1,PHA-09-A,ok,pharma_qc-009-008,% dissolved,[],manual,synthetic demo slow low drift
demo-pharma_qc-dissolution-dt-03-dissolution-15-min,39.9,2026-02-17T00:15:00Z,Dissolution 15 min,Dissolution QC,Dissolution DT-03,Dissolution,pharma_qc-demo,PHA-RG-1,PHA-09-A,ok,pharma_qc-009-009,% dissolved,[],manual,synthetic demo slow low drift
demo-pharma_qc-dissolution-dt-03-dissolution-15-min,39.62,2026-02-17T02:15:00Z,Dissolution 15 min,Dissolution QC,Dissolution DT-03,Dissolution,pharma_qc-demo,PHA-RG-1,PHA-09-A,ok,pharma_qc-009-010,% dissolved,[],manual,synthetic demo slow low drift
demo-pharma_qc-dissolution-dt-03-dissolution-15-min,39.34,2026-02-17T04:15:00Z,Dissolution 15 min,Dissolution QC,Dissolution DT-03,Dissolution,pharma_qc-demo,PHA-RG-1,PHA-09-A,ok,pharma_qc-009-011,% dissolved,[],manual,synthetic demo slow low drift
demo-pharma_qc-dissolution-dt-03-dissolution-15-min,39.06,2026-02-17T06:15:00Z,Dissolution 15 min,Dissolution QC,Dissolution DT-03,Dissolution,pharma_qc-demo,PHA-RG-1,PHA-09-A,ok,pharma_qc-009-012,% dissolved,[],manual,synthetic demo slow low drift
demo-pharma_qc-dissolution-dt-03-dissolution-15-min,38.92,2026-02-17T08:15:00Z,Dissolution 15 min,Dissolution QC,Dissolution DT-03,Dissolution,pharma_qc-demo,PHA-RG-1,PHA-09-A,ok,pharma_qc-009-013,% dissolved,[],manual,synthetic demo slow low drift
demo-pharma_qc-dissolution-dt-03-dissolution-15-min,38.78,2026-02-17T10:15:00Z,Dissolution 15 min,Dissolution QC,Dissolution DT-03,Dissolution,pharma_qc-demo,PHA-RG-1,PHA-09-A,ok,pharma_qc-009-014,% dissolved,[],manual,synthetic demo slow low drift
demo-pharma_qc-dissolution-dt-03-dissolution-15-min,38.64,2026-02-17T12:15:00Z,Dissolution 15 min,Dissolution QC,Dissolution DT-03,Dissolution,pharma_qc-demo,PHA-RG-1,PHA-09-A,ok,pharma_qc-009-015,% dissolved,[],manual,synthetic demo slow low drift
demo-pharma_qc-dissolution-dt-03-dissolution-15-min,38.5,2026-02-17T14:15:00Z,Dissolution 15 min,Dissolution QC,Dissolution DT-03,Dissolution,pharma_qc-demo,PHA-RG-2,PHA-09-B,ok,pharma_qc-009-016,% dissolved,[],manual,synthetic demo slow low drift
demo-pharma_qc-dissolution-dt-03-dissolution-15-min,38.36,2026-02-17T16:15:00Z,Dissolution 15 min,Dissolution QC,Dissolution DT-03,Dissolution,pharma_qc-demo,PHA-RG-2,PHA-09-B,ok,pharma_qc-009-017,% dissolved,[],manual,synthetic demo slow low drift
demo-pharma_qc-dissolution-dt-03-dissolution-15-min,38.22,2026-02-17T18:15:00Z,Dissolution 15 min,Dissolution QC,Dissolution DT-03,Dissolution,pharma_qc-demo,PHA-RG-2,PHA-09-B,ok,pharma_qc-009-018,% dissolved,[],manual,synthetic demo slow low drift
demo-pharma_qc-dissolution-dt-03-dissolution-15-min,38.08,2026-02-17T20:15:00Z,Dissolution 15 min,Dissolution QC,Dissolution DT-03,Dissolution,pharma_qc-demo,PHA-RG-2,PHA-09-B,ok,pharma_qc-009-019,% dissolved,[],manual,synthetic demo slow low drift
demo-pharma_qc-dissolution-dt-03-dissolution-15-min,37.94,2026-02-17T22:15:00Z,Dissolution 15 min,Dissolution QC,Dissolution DT-03,Dissolution,pharma_qc-demo,PHA-RG-2,PHA-09-B,ok,pharma_qc-009-020,% dissolved,[],manual,synthetic demo slow low drift
demo-pharma_qc-dissolution-dt-03-dissolution-15-min,37.8,2026-02-18T00:15:00Z,Dissolution 15 min,Dissolution QC,Dissolution DT-03,Dissolution,pharma_qc-demo,PHA-RG-2,PHA-09-B,ok,pharma_qc-009-021,% dissolved,[],manual,synthetic demo slow low drift
demo-pharma_qc-dissolution-dt-03-dissolution-15-min,37.66,2026-02-18T02:15:00Z,Dissolution 15 min,Dissolution QC,Dissolution DT-03,Dissolution,pharma_qc-demo,PHA-RG-2,PHA-09-B,ok,pharma_qc-009-022,% dissolved,[],manual,synthetic demo slow low drift
demo-pharma_qc-dissolution-dt-03-dissolution-15-min,37.52,2026-02-18T04:15:00Z,Dissolution 15 min,Dissolution QC,Dissolution DT-03,Dissolution,pharma_qc-demo,PHA-RG-2,PHA-09-B,ok,pharma_qc-009-023,% dissolved,[],manual,synthetic demo slow low drift
demo-pharma_qc-dissolution-dt-03-dissolution-15-min,37.38,2026-02-18T06:15:00Z,Dissolution 15 min,Dissolution QC,Dissolution DT-03,Dissolution,pharma_qc-demo,PHA-RG-2,PHA-09-B,ok,pharma_qc-009-024,% dissolved,[],manual,synthetic demo slow low drift
demo-pharma_qc-dissolution-dt-03-dissolution-15-min,37.24,2026-02-18T08:15:00Z,Dissolution 15 min,Dissolution QC,Dissolution DT-03,Dissolution,pharma_qc-demo,PHA-RG-2,PHA-09-B,ok,pharma_qc-009-025,% dissolved,[],manual,synthetic demo slow low drift
demo-pharma_qc-dissolution-dt-03-dissolution-30-min,78.0,2026-02-16T08:20:00Z,Dissolution 30 min,Dissolution QC,Dissolution DT-03,Dissolution,pharma_qc-demo,PHA-RG-1,PHA-10-A,ok,pharma_qc-010-001,% dissolved,[],manual,synthetic demo R-4s precision failure
demo-pharma_qc-dissolution-dt-03-dissolution-30-min,78.18,2026-02-16T10:20:00Z,Dissolution 30 min,Dissolution QC,Dissolution DT-03,Dissolution,pharma_qc-demo,PHA-RG-1,PHA-10-A,ok,pharma_qc-010-002,% dissolved,[],manual,synthetic demo R-4s precision failure
demo-pharma_qc-dissolution-dt-03-dissolution-30-min,81.96,2026-02-16T12:20:00Z,Dissolution 30 min,Dissolution QC,Dissolution DT-03,Dissolution,pharma_qc-demo,PHA-RG-1,PHA-10-A,ok,pharma_qc-010-003,% dissolved,[],manual,synthetic demo R-4s precision failure
demo-pharma_qc-dissolution-dt-03-dissolution-30-min,74.04,2026-02-16T14:20:00Z,Dissolution 30 min,Dissolution QC,Dissolution DT-03,Dissolution,pharma_qc-demo,PHA-RG-1,PHA-10-A,ok,pharma_qc-010-004,% dissolved,[],manual,synthetic demo R-4s precision failure
demo-pharma_qc-dissolution-dt-03-dissolution-30-min,81.78,2026-02-16T16:20:00Z,Dissolution 30 min,Dissolution QC,Dissolution DT-03,Dissolution,pharma_qc-demo,PHA-RG-1,PHA-10-A,ok,pharma_qc-010-005,% dissolved,[],manual,synthetic demo R-4s precision failure
demo-pharma_qc-dissolution-dt-03-dissolution-30-min,74.22,2026-02-16T18:20:00Z,Dissolution 30 min,Dissolution QC,Dissolution DT-03,Dissolution,pharma_qc-demo,PHA-RG-1,PHA-10-A,ok,pharma_qc-010-006,% dissolved,[],manual,synthetic demo R-4s precision failure
demo-pharma_qc-dissolution-dt-03-dissolution-30-min,81.24,2026-02-16T20:20:00Z,Dissolution 30 min,Dissolution QC,Dissolution DT-03,Dissolution,pharma_qc-demo,PHA-RG-1,PHA-10-A,ok,pharma_qc-010-007,% dissolved,[],manual,synthetic demo R-4s precision failure
demo-pharma_qc-dissolution-dt-03-dissolution-30-min,74.94,2026-02-16T22:20:00Z,Dissolution 30 min,Dissolution QC,Dissolution DT-03,Dissolution,pharma_qc-demo,PHA-RG-1,PHA-10-A,ok,pharma_qc-010-008,% dissolved,[],manual,synthetic demo R-4s precision failure
demo-pharma_qc-dissolution-dt-03-dissolution-30-min,80.7,2026-02-17T00:20:00Z,Dissolution 30 min,Dissolution QC,Dissolution DT-03,Dissolution,pharma_qc-demo,PHA-RG-1,PHA-10-A,ok,pharma_qc-010-009,% dissolved,[],manual,synthetic demo R-4s precision failure
demo-pharma_qc-dissolution-dt-03-dissolution-30-min,75.48,2026-02-17T02:20:00Z,Dissolution 30 min,Dissolution QC,Dissolution DT-03,Dissolution,pharma_qc-demo,PHA-RG-1,PHA-10-A,ok,pharma_qc-010-010,% dissolved,[],manual,synthetic demo R-4s precision failure
demo-pharma_qc-dissolution-dt-03-dissolution-30-min,80.16,2026-02-17T04:20:00Z,Dissolution 30 min,Dissolution QC,Dissolution DT-03,Dissolution,pharma_qc-demo,PHA-RG-1,PHA-10-A,ok,pharma_qc-010-011,% dissolved,[],manual,synthetic demo R-4s precision failure
demo-pharma_qc-dissolution-dt-03-dissolution-30-min,76.02,2026-02-17T06:20:00Z,Dissolution 30 min,Dissolution QC,Dissolution DT-03,Dissolution,pharma_qc-demo,PHA-RG-1,PHA-10-A,ok,pharma_qc-010-012,% dissolved,[],manual,synthetic demo R-4s precision failure
demo-pharma_qc-dissolution-dt-03-dissolution-30-min,79.44,2026-02-17T08:20:00Z,Dissolution 30 min,Dissolution QC,Dissolution DT-03,Dissolution,pharma_qc-demo,PHA-RG-1,PHA-10-A,ok,pharma_qc-010-013,% dissolved,[],manual,synthetic demo R-4s precision failure
demo-pharma_qc-dissolution-dt-03-dissolution-30-min,76.74,2026-02-17T10:20:00Z,Dissolution 30 min,Dissolution QC,Dissolution DT-03,Dissolution,pharma_qc-demo,PHA-RG-1,PHA-10-A,ok,pharma_qc-010-014,% dissolved,[],manual,synthetic demo R-4s precision failure
demo-pharma_qc-dissolution-dt-03-dissolution-30-min,78.72,2026-02-17T12:20:00Z,Dissolution 30 min,Dissolution QC,Dissolution DT-03,Dissolution,pharma_qc-demo,PHA-RG-1,PHA-10-A,ok,pharma_qc-010-015,% dissolved,[],manual,synthetic demo R-4s precision failure
demo-pharma_qc-dissolution-dt-03-dissolution-30-min,77.46,2026-02-17T14:20:00Z,Dissolution 30 min,Dissolution QC,Dissolution DT-03,Dissolution,pharma_qc-demo,PHA-RG-2,PHA-10-B,ok,pharma_qc-010-016,% dissolved,[],manual,synthetic demo R-4s precision failure
demo-pharma_qc-dissolution-dt-03-dissolution-30-min,78.36,2026-02-17T16:20:00Z,Dissolution 30 min,Dissolution QC,Dissolution DT-03,Dissolution,pharma_qc-demo,PHA-RG-2,PHA-10-B,ok,pharma_qc-010-017,% dissolved,[],manual,synthetic demo R-4s precision failure
demo-pharma_qc-dissolution-dt-03-dissolution-30-min,77.64,2026-02-17T18:20:00Z,Dissolution 30 min,Dissolution QC,Dissolution DT-03,Dissolution,pharma_qc-demo,PHA-RG-2,PHA-10-B,ok,pharma_qc-010-018,% dissolved,[],manual,synthetic demo R-4s precision failure
demo-pharma_qc-dissolution-dt-03-dissolution-30-min,78.18,2026-02-17T20:20:00Z,Dissolution 30 min,Dissolution QC,Dissolution DT-03,Dissolution,pharma_qc-demo,PHA-RG-2,PHA-10-B,ok,pharma_qc-010-019,% dissolved,[],manual,synthetic demo R-4s precision failure
demo-pharma_qc-dissolution-dt-03-dissolution-30-min,78.0,2026-02-17T22:20:00Z,Dissolution 30 min,Dissolution QC,Dissolution DT-03,Dissolution,pharma_qc-demo,PHA-RG-2,PHA-10-B,ok,pharma_qc-010-020,% dissolved,[],manual,synthetic demo R-4s precision failure
demo-pharma_qc-dissolution-dt-03-dissolution-30-min,77.82,2026-02-18T00:20:00Z,Dissolution 30 min,Dissolution QC,Dissolution DT-03,Dissolution,pharma_qc-demo,PHA-RG-2,PHA-10-B,ok,pharma_qc-010-021,% dissolved,[],manual,synthetic demo R-4s precision failure
demo-pharma_qc-dissolution-dt-03-dissolution-30-min,78.18,2026-02-18T02:20:00Z,Dissolution 30 min,Dissolution QC,Dissolution DT-03,Dissolution,pharma_qc-demo,PHA-RG-2,PHA-10-B,ok,pharma_qc-010-022,% dissolved,[],manual,synthetic demo R-4s precision failure
demo-pharma_qc-dissolution-dt-03-dissolution-30-min,78.0,2026-02-18T04:20:00Z,Dissolution 30 min,Dissolution QC,Dissolution DT-03,Dissolution,pharma_qc-demo,PHA-RG-2,PHA-10-B,ok,pharma_qc-010-023,% dissolved,[],manual,synthetic demo R-4s precision failure
demo-pharma_qc-dissolution-dt-03-dissolution-30-min,77.82,2026-02-18T06:20:00Z,Dissolution 30 min,Dissolution QC,Dissolution DT-03,Dissolution,pharma_qc-demo,PHA-RG-2,PHA-10-B,ok,pharma_qc-010-024,% dissolved,[],manual,synthetic demo R-4s precision failure
demo-pharma_qc-dissolution-dt-03-dissolution-30-min,78.0,2026-02-18T08:20:00Z,Dissolution 30 min,Dissolution QC,Dissolution DT-03,Dissolution,pharma_qc-demo,PHA-RG-2,PHA-10-B,ok,pharma_qc-010-025,% dissolved,[],manual,synthetic demo R-4s precision failure
demo-pharma_qc-dissolution-dt-03-dissolution-45-min,92.0,2026-02-16T08:25:00Z,Dissolution 45 min,Dissolution QC,Dissolution DT-03,Dissolution,pharma_qc-demo,PHA-RG-1,PHA-11-A,ok,pharma_qc-011-001,% dissolved,[],manual,synthetic demo duplicate retry cluster
demo-pharma_qc-dissolution-dt-03-dissolution-45-min,92.0,2026-02-16T10:25:00Z,Dissolution 45 min,Dissolution QC,Dissolution DT-03,Dissolution,pharma_qc-demo,PHA-RG-1,PHA-11-A,ok,pharma_qc-011-002,% dissolved,[],manual,synthetic demo duplicate retry cluster
demo-pharma_qc-dissolution-dt-03-dissolution-45-min,92.12,2026-02-16T12:25:00Z,Dissolution 45 min,Dissolution QC,Dissolution DT-03,Dissolution,pharma_qc-demo,PHA-RG-1,PHA-11-A,ok,pharma_qc-011-003,% dissolved,[],manual,synthetic demo duplicate retry cluster
demo-pharma_qc-dissolution-dt-03-dissolution-45-min,92.12,2026-02-16T14:25:00Z,Dissolution 45 min,Dissolution QC,Dissolution DT-03,Dissolution,pharma_qc-demo,PHA-RG-1,PHA-11-A,ok,pharma_qc-011-004,% dissolved,[],manual,synthetic demo duplicate retry cluster
demo-pharma_qc-dissolution-dt-03-dissolution-45-min,92.12,2026-02-16T16:25:00Z,Dissolution 45 min,Dissolution QC,Dissolution DT-03,Dissolution,pharma_qc-demo,PHA-RG-1,PHA-11-A,ok,pharma_qc-011-005,% dissolved,[],manual,synthetic demo duplicate retry cluster
demo-pharma_qc-dissolution-dt-03-dissolution-45-min,91.88,2026-02-16T18:25:00Z,Dissolution 45 min,Dissolution QC,Dissolution DT-03,Dissolution,pharma_qc-demo,PHA-RG-1,PHA-11-A,ok,pharma_qc-011-006,% dissolved,[],manual,synthetic demo duplicate retry cluster
demo-pharma_qc-dissolution-dt-03-dissolution-45-min,91.88,2026-02-16T20:25:00Z,Dissolution 45 min,Dissolution QC,Dissolution DT-03,Dissolution,pharma_qc-demo,PHA-RG-1,PHA-11-A,ok,pharma_qc-011-007,% dissolved,[],manual,synthetic demo duplicate retry cluster
demo-pharma_qc-dissolution-dt-03-dissolution-45-min,92.0,2026-02-16T22:25:00Z,Dissolution 45 min,Dissolution QC,Dissolution DT-03,Dissolution,pharma_qc-demo,PHA-RG-1,PHA-11-A,ok,pharma_qc-011-008,% dissolved,[],manual,synthetic demo duplicate retry cluster
demo-pharma_qc-dissolution-dt-03-dissolution-45-min,92.24,2026-02-17T00:25:00Z,Dissolution 45 min,Dissolution QC,Dissolution DT-03,Dissolution,pharma_qc-demo,PHA-RG-1,PHA-11-A,ok,pharma_qc-011-009,% dissolved,[],manual,synthetic demo duplicate retry cluster
demo-pharma_qc-dissolution-dt-03-dissolution-45-min,92.24,2026-02-17T02:25:00Z,Dissolution 45 min,Dissolution QC,Dissolution DT-03,Dissolution,pharma_qc-demo,PHA-RG-1,PHA-11-A,ok,pharma_qc-011-010,% dissolved,[],manual,synthetic demo duplicate retry cluster
demo-pharma_qc-dissolution-dt-03-dissolution-45-min,92.12,2026-02-17T04:25:00Z,Dissolution 45 min,Dissolution QC,Dissolution DT-03,Dissolution,pharma_qc-demo,PHA-RG-1,PHA-11-A,ok,pharma_qc-011-011,% dissolved,[],manual,synthetic demo duplicate retry cluster
demo-pharma_qc-dissolution-dt-03-dissolution-45-min,92.0,2026-02-17T06:25:00Z,Dissolution 45 min,Dissolution QC,Dissolution DT-03,Dissolution,pharma_qc-demo,PHA-RG-1,PHA-11-A,ok,pharma_qc-011-012,% dissolved,[],manual,synthetic demo duplicate retry cluster
demo-pharma_qc-dissolution-dt-03-dissolution-45-min,92.0,2026-02-17T08:25:00Z,Dissolution 45 min,Dissolution QC,Dissolution DT-03,Dissolution,pharma_qc-demo,PHA-RG-1,PHA-11-A,ok,pharma_qc-011-013,% dissolved,[],manual,synthetic demo duplicate retry cluster
demo-pharma_qc-dissolution-dt-03-dissolution-45-min,91.88,2026-02-17T10:25:00Z,Dissolution 45 min,Dissolution QC,Dissolution DT-03,Dissolution,pharma_qc-demo,PHA-RG-1,PHA-11-A,ok,pharma_qc-011-014,% dissolved,[],manual,synthetic demo duplicate retry cluster
demo-pharma_qc-dissolution-dt-03-dissolution-45-min,92.0,2026-02-17T12:25:00Z,Dissolution 45 min,Dissolution QC,Dissolution DT-03,Dissolution,pharma_qc-demo,PHA-RG-1,PHA-11-A,ok,pharma_qc-011-015,% dissolved,[],manual,synthetic demo duplicate retry cluster
demo-pharma_qc-dissolution-dt-03-dissolution-45-min,92.36,2026-02-17T14:25:00Z,Dissolution 45 min,Dissolution QC,Dissolution DT-03,Dissolution,pharma_qc-demo,PHA-RG-2,PHA-11-B,ok,pharma_qc-011-016,% dissolved,[],manual,synthetic demo duplicate retry cluster
demo-pharma_qc-dissolution-dt-03-dissolution-45-min,92.24,2026-02-17T16:25:00Z,Dissolution 45 min,Dissolution QC,Dissolution DT-03,Dissolution,pharma_qc-demo,PHA-RG-2,PHA-11-B,ok,pharma_qc-011-017,% dissolved,[],manual,synthetic demo duplicate retry cluster
demo-pharma_qc-dissolution-dt-03-dissolution-45-min,92.36,2026-02-17T18:25:00Z,Dissolution 45 min,Dissolution QC,Dissolution DT-03,Dissolution,pharma_qc-demo,PHA-RG-2,PHA-11-B,ok,pharma_qc-011-018,% dissolved,[],manual,synthetic demo duplicate retry cluster
demo-pharma_qc-dissolution-dt-03-dissolution-45-min,92.24,2026-02-17T20:25:00Z,Dissolution 45 min,Dissolution QC,Dissolution DT-03,Dissolution,pharma_qc-demo,PHA-RG-2,PHA-11-B,ok,pharma_qc-011-019,% dissolved,[],manual,synthetic demo duplicate retry cluster
demo-pharma_qc-dissolution-dt-03-dissolution-45-min,92.12,2026-02-17T22:25:00Z,Dissolution 45 min,Dissolution QC,Dissolution DT-03,Dissolution,pharma_qc-demo,PHA-RG-2,PHA-11-B,ok,pharma_qc-011-020,% dissolved,[],manual,synthetic demo duplicate retry cluster
demo-pharma_qc-dissolution-dt-03-dissolution-45-min,92.24,2026-02-18T00:25:00Z,Dissolution 45 min,Dissolution QC,Dissolution DT-03,Dissolution,pharma_qc-demo,PHA-RG-2,PHA-11-B,ok,pharma_qc-011-021,% dissolved,[],manual,synthetic demo duplicate retry cluster
demo-pharma_qc-dissolution-dt-03-dissolution-45-min,92.12,2026-02-18T02:25:00Z,Dissolution 45 min,Dissolution QC,Dissolution DT-03,Dissolution,pharma_qc-demo,PHA-RG-2,PHA-11-B,ok,pharma_qc-011-022,% dissolved,[],manual,synthetic demo duplicate retry cluster
demo-pharma_qc-dissolution-dt-03-dissolution-45-min,92.0,2026-02-18T04:25:00Z,Dissolution 45 min,Dissolution QC,Dissolution DT-03,Dissolution,pharma_qc-demo,PHA-RG-2,PHA-11-B,ok,pharma_qc-011-023,% dissolved,[],manual,synthetic demo duplicate retry cluster
demo-pharma_qc-dissolution-dt-03-dissolution-45-min,92.12,2026-02-18T06:25:00Z,Dissolution 45 min,Dissolution QC,Dissolution DT-03,Dissolution,pharma_qc-demo,PHA-RG-2,PHA-11-B,ok,pharma_qc-011-024,% dissolved,[],manual,synthetic demo duplicate retry cluster
demo-pharma_qc-dissolution-dt-03-dissolution-45-min,92.0,2026-02-18T08:25:00Z,Dissolution 45 min,Dissolution QC,Dissolution DT-03,Dissolution,pharma_qc-demo,PHA-RG-2,PHA-11-B,ok,pharma_qc-011-025,% dissolved,[],manual,synthetic demo duplicate retry cluster
demo-pharma_qc-kf-aqua-04-water-content,1.8,2026-02-16T08:00:00Z,Water Content,Moisture QC,KF Aqua-04,Karl Fischer,pharma_qc-demo,PHA-RG-1,PHA-12-A,ok,pharma_qc-012-001,%,[],manual,synthetic demo stable second-lot baseline
demo-pharma_qc-kf-aqua-04-water-content,1.806,2026-02-16T10:00:00Z,Water Content,Moisture QC,KF Aqua-04,Karl Fischer,pharma_qc-demo,PHA-RG-1,PHA-12-A,ok,pharma_qc-012-002,%,[],manual,synthetic demo stable second-lot baseline
demo-pharma_qc-kf-aqua-04-water-content,1.794,2026-02-16T12:00:00Z,Water Content,Moisture QC,KF Aqua-04,Karl Fischer,pharma_qc-demo,PHA-RG-1,PHA-12-A,ok,pharma_qc-012-003,%,[],manual,synthetic demo stable second-lot baseline
demo-pharma_qc-kf-aqua-04-water-content,1.812,2026-02-16T14:00:00Z,Water Content,Moisture QC,KF Aqua-04,Karl Fischer,pharma_qc-demo,PHA-RG-1,PHA-12-A,ok,pharma_qc-012-004,%,[],manual,synthetic demo stable second-lot baseline
demo-pharma_qc-kf-aqua-04-water-content,1.788,2026-02-16T16:00:00Z,Water Content,Moisture QC,KF Aqua-04,Karl Fischer,pharma_qc-demo,PHA-RG-1,PHA-12-A,ok,pharma_qc-012-005,%,[],manual,synthetic demo stable second-lot baseline
demo-pharma_qc-kf-aqua-04-water-content,1.806,2026-02-16T18:00:00Z,Water Content,Moisture QC,KF Aqua-04,Karl Fischer,pharma_qc-demo,PHA-RG-1,PHA-12-A,ok,pharma_qc-012-006,%,[],manual,synthetic demo stable second-lot baseline
demo-pharma_qc-kf-aqua-04-water-content,1.8,2026-02-16T20:00:00Z,Water Content,Moisture QC,KF Aqua-04,Karl Fischer,pharma_qc-demo,PHA-RG-1,PHA-12-A,ok,pharma_qc-012-007,%,[],manual,synthetic demo stable second-lot baseline
demo-pharma_qc-kf-aqua-04-water-content,1.794,2026-02-16T22:00:00Z,Water Content,Moisture QC,KF Aqua-04,Karl Fischer,pharma_qc-demo,PHA-RG-1,PHA-12-A,ok,pharma_qc-012-008,%,[],manual,synthetic demo stable second-lot baseline
demo-pharma_qc-kf-aqua-04-water-content,1.812,2026-02-17T00:00:00Z,Water Content,Moisture QC,KF Aqua-04,Karl Fischer,pharma_qc-demo,PHA-RG-1,PHA-12-A,ok,pharma_qc-012-009,%,[],manual,synthetic demo stable second-lot baseline
demo-pharma_qc-kf-aqua-04-water-content,1.806,2026-02-17T02:00:00Z,Water Content,Moisture QC,KF Aqua-04,Karl Fischer,pharma_qc-demo,PHA-RG-1,PHA-12-A,ok,pharma_qc-012-010,%,[],manual,synthetic demo stable second-lot baseline
demo-pharma_qc-kf-aqua-04-water-content,1.788,2026-02-17T04:00:00Z,Water Content,Moisture QC,KF Aqua-04,Karl Fischer,pharma_qc-demo,PHA-RG-1,PHA-12-A,ok,pharma_qc-012-011,%,[],manual,synthetic demo stable second-lot baseline
demo-pharma_qc-kf-aqua-04-water-content,1.8,2026-02-17T06:00:00Z,Water Content,Moisture QC,KF Aqua-04,Karl Fischer,pharma_qc-demo,PHA-RG-1,PHA-12-A,ok,pharma_qc-012-012,%,[],manual,synthetic demo stable second-lot baseline
demo-pharma_qc-kf-aqua-04-water-content,1.806,2026-02-17T08:00:00Z,Water Content,Moisture QC,KF Aqua-04,Karl Fischer,pharma_qc-demo,PHA-RG-1,PHA-12-A,ok,pharma_qc-012-013,%,[],manual,synthetic demo stable second-lot baseline
demo-pharma_qc-kf-aqua-04-water-content,1.794,2026-02-17T10:00:00Z,Water Content,Moisture QC,KF Aqua-04,Karl Fischer,pharma_qc-demo,PHA-RG-1,PHA-12-A,ok,pharma_qc-012-014,%,[],manual,synthetic demo stable second-lot baseline
demo-pharma_qc-kf-aqua-04-water-content,1.8,2026-02-17T12:00:00Z,Water Content,Moisture QC,KF Aqua-04,Karl Fischer,pharma_qc-demo,PHA-RG-1,PHA-12-A,ok,pharma_qc-012-015,%,[],manual,synthetic demo stable second-lot baseline
demo-pharma_qc-kf-aqua-04-water-content,1.812,2026-02-17T14:00:00Z,Water Content,Moisture QC,KF Aqua-04,Karl Fischer,pharma_qc-demo,PHA-RG-2,PHA-12-B,ok,pharma_qc-012-016,%,[],manual,synthetic demo stable second-lot baseline
demo-pharma_qc-kf-aqua-04-water-content,1.788,2026-02-17T16:00:00Z,Water Content,Moisture QC,KF Aqua-04,Karl Fischer,pharma_qc-demo,PHA-RG-2,PHA-12-B,ok,pharma_qc-012-017,%,[],manual,synthetic demo stable second-lot baseline
demo-pharma_qc-kf-aqua-04-water-content,1.806,2026-02-17T18:00:00Z,Water Content,Moisture QC,KF Aqua-04,Karl Fischer,pharma_qc-demo,PHA-RG-2,PHA-12-B,ok,pharma_qc-012-018,%,[],manual,synthetic demo stable second-lot baseline
demo-pharma_qc-kf-aqua-04-water-content,1.8,2026-02-17T20:00:00Z,Water Content,Moisture QC,KF Aqua-04,Karl Fischer,pharma_qc-demo,PHA-RG-2,PHA-12-B,ok,pharma_qc-012-019,%,[],manual,synthetic demo stable second-lot baseline
demo-pharma_qc-kf-aqua-04-water-content,1.794,2026-02-17T22:00:00Z,Water Content,Moisture QC,KF Aqua-04,Karl Fischer,pharma_qc-demo,PHA-RG-2,PHA-12-B,ok,pharma_qc-012-020,%,[],manual,synthetic demo stable second-lot baseline
demo-pharma_qc-kf-aqua-04-water-content,1.806,2026-02-18T00:00:00Z,Water Content,Moisture QC,KF Aqua-04,Karl Fischer,pharma_qc-demo,PHA-RG-2,PHA-12-B,ok,pharma_qc-012-021,%,[],manual,synthetic demo stable second-lot baseline
demo-pharma_qc-kf-aqua-04-water-content,1.8,2026-02-18T02:00:00Z,Water Content,Moisture QC,KF Aqua-04,Karl Fischer,pharma_qc-demo,PHA-RG-2,PHA-12-B,ok,pharma_qc-012-022,%,[],manual,synthetic demo stable second-lot baseline
demo-pharma_qc-kf-aqua-04-water-content,1.788,2026-02-18T04:00:00Z,Water Content,Moisture QC,KF Aqua-04,Karl Fischer,pharma_qc-demo,PHA-RG-2,PHA-12-B,ok,pharma_qc-012-023,%,[],manual,synthetic demo stable second-lot baseline
demo-pharma_qc-kf-aqua-04-water-content,1.812,2026-02-18T06:00:00Z,Water Content,Moisture QC,KF Aqua-04,Karl Fischer,pharma_qc-demo,PHA-RG-2,PHA-12-B,ok,pharma_qc-012-024,%,[],manual,synthetic demo stable second-lot baseline
demo-pharma_qc-kf-aqua-04-water-content,1.8,2026-02-18T08:00:00Z,Water Content,Moisture QC,KF Aqua-04,Karl Fischer,pharma_qc-demo,PHA-RG-2,PHA-12-B,ok,pharma_qc-012-025,%,[],manual,synthetic demo stable second-lot baseline
demo-pharma_qc-kf-aqua-04-lod,2.1,2026-02-16T08:05:00Z,LOD,Moisture QC,KF Aqua-04,Karl Fischer,pharma_qc-demo,PHA-RG-1,PHA-13-A,ok,pharma_qc-013-001,%,[],manual,synthetic demo single high action outlier
demo-pharma_qc-kf-aqua-04-lod,2.108,2026-02-16T10:05:00Z,LOD,Moisture QC,KF Aqua-04,Karl Fischer,pharma_qc-demo,PHA-RG-1,PHA-13-A,ok,pharma_qc-013-002,%,[],manual,synthetic demo single high action outlier
demo-pharma_qc-kf-aqua-04-lod,2.092,2026-02-16T12:05:00Z,LOD,Moisture QC,KF Aqua-04,Karl Fischer,pharma_qc-demo,PHA-RG-1,PHA-13-A,ok,pharma_qc-013-003,%,[],manual,synthetic demo single high action outlier
demo-pharma_qc-kf-aqua-04-lod,2.116,2026-02-16T14:05:00Z,LOD,Moisture QC,KF Aqua-04,Karl Fischer,pharma_qc-demo,PHA-RG-1,PHA-13-A,ok,pharma_qc-013-004,%,[],manual,synthetic demo single high action outlier
demo-pharma_qc-kf-aqua-04-lod,2.1,2026-02-16T16:05:00Z,LOD,Moisture QC,KF Aqua-04,Karl Fischer,pharma_qc-demo,PHA-RG-1,PHA-13-A,ok,pharma_qc-013-005,%,[],manual,synthetic demo single high action outlier
demo-pharma_qc-kf-aqua-04-lod,2.084,2026-02-16T18:05:00Z,LOD,Moisture QC,KF Aqua-04,Karl Fischer,pharma_qc-demo,PHA-RG-1,PHA-13-A,ok,pharma_qc-013-006,%,[],manual,synthetic demo single high action outlier
demo-pharma_qc-kf-aqua-04-lod,2.108,2026-02-16T20:05:00Z,LOD,Moisture QC,KF Aqua-04,Karl Fischer,pharma_qc-demo,PHA-RG-1,PHA-13-A,ok,pharma_qc-013-007,%,[],manual,synthetic demo single high action outlier
demo-pharma_qc-kf-aqua-04-lod,2.116,2026-02-16T22:05:00Z,LOD,Moisture QC,KF Aqua-04,Karl Fischer,pharma_qc-demo,PHA-RG-1,PHA-13-A,ok,pharma_qc-013-008,%,[],manual,synthetic demo single high action outlier
demo-pharma_qc-kf-aqua-04-lod,2.372,2026-02-17T00:05:00Z,LOD,Moisture QC,KF Aqua-04,Karl Fischer,pharma_qc-demo,PHA-RG-1,PHA-13-A,ok,pharma_qc-013-009,%,[],manual,synthetic demo single high action outlier
demo-pharma_qc-kf-aqua-04-lod,2.124,2026-02-17T02:05:00Z,LOD,Moisture QC,KF Aqua-04,Karl Fischer,pharma_qc-demo,PHA-RG-1,PHA-13-A,ok,pharma_qc-013-010,%,[],manual,synthetic demo single high action outlier
demo-pharma_qc-kf-aqua-04-lod,2.1,2026-02-17T04:05:00Z,LOD,Moisture QC,KF Aqua-04,Karl Fischer,pharma_qc-demo,PHA-RG-1,PHA-13-A,ok,pharma_qc-013-011,%,[],manual,synthetic demo single high action outlier
demo-pharma_qc-kf-aqua-04-lod,2.092,2026-02-17T06:05:00Z,LOD,Moisture QC,KF Aqua-04,Karl Fischer,pharma_qc-demo,PHA-RG-1,PHA-13-A,ok,pharma_qc-013-012,%,[],manual,synthetic demo single high action outlier
demo-pharma_qc-kf-aqua-04-lod,2.108,2026-02-17T08:05:00Z,LOD,Moisture QC,KF Aqua-04,Karl Fischer,pharma_qc-demo,PHA-RG-1,PHA-13-A,ok,pharma_qc-013-013,%,[],manual,synthetic demo single high action outlier
demo-pharma_qc-kf-aqua-04-lod,2.1,2026-02-17T10:05:00Z,LOD,Moisture QC,KF Aqua-04,Karl Fischer,pharma_qc-demo,PHA-RG-1,PHA-13-A,ok,pharma_qc-013-014,%,[],manual,synthetic demo single high action outlier
demo-pharma_qc-kf-aqua-04-lod,2.084,2026-02-17T12:05:00Z,LOD,Moisture QC,KF Aqua-04,Karl Fischer,pharma_qc-demo,PHA-RG-1,PHA-13-A,ok,pharma_qc-013-015,%,[],manual,synthetic demo single high action outlier
demo-pharma_qc-kf-aqua-04-lod,2.116,2026-02-17T14:05:00Z,LOD,Moisture QC,KF Aqua-04,Karl Fischer,pharma_qc-demo,PHA-RG-2,PHA-13-B,ok,pharma_qc-013-016,%,[],manual,synthetic demo single high action outlier
demo-pharma_qc-kf-aqua-04-lod,2.108,2026-02-17T16:05:00Z,LOD,Moisture QC,KF Aqua-04,Karl Fischer,pharma_qc-demo,PHA-RG-2,PHA-13-B,ok,pharma_qc-013-017,%,[],manual,synthetic demo single high action outlier
demo-pharma_qc-kf-aqua-04-lod,2.1,2026-02-17T18:05:00Z,LOD,Moisture QC,KF Aqua-04,Karl Fischer,pharma_qc-demo,PHA-RG-2,PHA-13-B,ok,pharma_qc-013-018,%,[],manual,synthetic demo single high action outlier
demo-pharma_qc-kf-aqua-04-lod,2.092,2026-02-17T20:05:00Z,LOD,Moisture QC,KF Aqua-04,Karl Fischer,pharma_qc-demo,PHA-RG-2,PHA-13-B,ok,pharma_qc-013-019,%,[],manual,synthetic demo single high action outlier
demo-pharma_qc-kf-aqua-04-lod,2.108,2026-02-17T22:05:00Z,LOD,Moisture QC,KF Aqua-04,Karl Fischer,pharma_qc-demo,PHA-RG-2,PHA-13-B,ok,pharma_qc-013-020,%,[],manual,synthetic demo single high action outlier
demo-pharma_qc-kf-aqua-04-lod,2.1,2026-02-18T00:05:00Z,LOD,Moisture QC,KF Aqua-04,Karl Fischer,pharma_qc-demo,PHA-RG-2,PHA-13-B,ok,pharma_qc-013-021,%,[],manual,synthetic demo single high action outlier
demo-pharma_qc-kf-aqua-04-lod,2.084,2026-02-18T02:05:00Z,LOD,Moisture QC,KF Aqua-04,Karl Fischer,pharma_qc-demo,PHA-RG-2,PHA-13-B,ok,pharma_qc-013-022,%,[],manual,synthetic demo single high action outlier
demo-pharma_qc-kf-aqua-04-lod,2.108,2026-02-18T04:05:00Z,LOD,Moisture QC,KF Aqua-04,Karl Fischer,pharma_qc-demo,PHA-RG-2,PHA-13-B,ok,pharma_qc-013-023,%,[],manual,synthetic demo single high action outlier
demo-pharma_qc-kf-aqua-04-lod,2.1,2026-02-18T06:05:00Z,LOD,Moisture QC,KF Aqua-04,Karl Fischer,pharma_qc-demo,PHA-RG-2,PHA-13-B,ok,pharma_qc-013-024,%,[],manual,synthetic demo single high action outlier
demo-pharma_qc-kf-aqua-04-lod,2.116,2026-02-18T08:05:00Z,LOD,Moisture QC,KF Aqua-04,Karl Fischer,pharma_qc-demo,PHA-RG-2,PHA-13-B,ok,pharma_qc-013-025,%,[],manual,synthetic demo single high action outlier
demo-pharma_qc-kf-aqua-04-residual-moisture,450.0,2026-02-16T08:10:00Z,Residual Moisture,Moisture QC,KF Aqua-04,Karl Fischer,pharma_qc-demo,PHA-RG-1,PHA-14-A,ok,pharma_qc-014-001,ppm,[],manual,synthetic demo stable baseline
demo-pharma_qc-kf-aqua-04-residual-moisture,451.8,2026-02-16T10:10:00Z,Residual Moisture,Moisture QC,KF Aqua-04,Karl Fischer,pharma_qc-demo,PHA-RG-1,PHA-14-A,ok,pharma_qc-014-002,ppm,[],manual,synthetic demo stable baseline
demo-pharma_qc-kf-aqua-04-residual-moisture,448.2,2026-02-16T12:10:00Z,Residual Moisture,Moisture QC,KF Aqua-04,Karl Fischer,pharma_qc-demo,PHA-RG-1,PHA-14-A,ok,pharma_qc-014-003,ppm,[],manual,synthetic demo stable baseline
demo-pharma_qc-kf-aqua-04-residual-moisture,453.6,2026-02-16T14:10:00Z,Residual Moisture,Moisture QC,KF Aqua-04,Karl Fischer,pharma_qc-demo,PHA-RG-1,PHA-14-A,ok,pharma_qc-014-004,ppm,[],manual,synthetic demo stable baseline
demo-pharma_qc-kf-aqua-04-residual-moisture,446.4,2026-02-16T16:10:00Z,Residual Moisture,Moisture QC,KF Aqua-04,Karl Fischer,pharma_qc-demo,PHA-RG-1,PHA-14-A,ok,pharma_qc-014-005,ppm,[],manual,synthetic demo stable baseline
demo-pharma_qc-kf-aqua-04-residual-moisture,451.8,2026-02-16T18:10:00Z,Residual Moisture,Moisture QC,KF Aqua-04,Karl Fischer,pharma_qc-demo,PHA-RG-1,PHA-14-A,ok,pharma_qc-014-006,ppm,[],manual,synthetic demo stable baseline
demo-pharma_qc-kf-aqua-04-residual-moisture,450.0,2026-02-16T20:10:00Z,Residual Moisture,Moisture QC,KF Aqua-04,Karl Fischer,pharma_qc-demo,PHA-RG-1,PHA-14-A,ok,pharma_qc-014-007,ppm,[],manual,synthetic demo stable baseline
demo-pharma_qc-kf-aqua-04-residual-moisture,448.2,2026-02-16T22:10:00Z,Residual Moisture,Moisture QC,KF Aqua-04,Karl Fischer,pharma_qc-demo,PHA-RG-1,PHA-14-A,ok,pharma_qc-014-008,ppm,[],manual,synthetic demo stable baseline
demo-pharma_qc-kf-aqua-04-residual-moisture,453.6,2026-02-17T00:10:00Z,Residual Moisture,Moisture QC,KF Aqua-04,Karl Fischer,pharma_qc-demo,PHA-RG-1,PHA-14-A,ok,pharma_qc-014-009,ppm,[],manual,synthetic demo stable baseline
demo-pharma_qc-kf-aqua-04-residual-moisture,451.8,2026-02-17T02:10:00Z,Residual Moisture,Moisture QC,KF Aqua-04,Karl Fischer,pharma_qc-demo,PHA-RG-1,PHA-14-A,ok,pharma_qc-014-010,ppm,[],manual,synthetic demo stable baseline
demo-pharma_qc-kf-aqua-04-residual-moisture,446.4,2026-02-17T04:10:00Z,Residual Moisture,Moisture QC,KF Aqua-04,Karl Fischer,pharma_qc-demo,PHA-RG-1,PHA-14-A,ok,pharma_qc-014-011,ppm,[],manual,synthetic demo stable baseline
demo-pharma_qc-kf-aqua-04-residual-moisture,450.0,2026-02-17T06:10:00Z,Residual Moisture,Moisture QC,KF Aqua-04,Karl Fischer,pharma_qc-demo,PHA-RG-1,PHA-14-A,ok,pharma_qc-014-012,ppm,[],manual,synthetic demo stable baseline
demo-pharma_qc-kf-aqua-04-residual-moisture,451.8,2026-02-17T08:10:00Z,Residual Moisture,Moisture QC,KF Aqua-04,Karl Fischer,pharma_qc-demo,PHA-RG-1,PHA-14-A,ok,pharma_qc-014-013,ppm,[],manual,synthetic demo stable baseline
demo-pharma_qc-kf-aqua-04-residual-moisture,448.2,2026-02-17T10:10:00Z,Residual Moisture,Moisture QC,KF Aqua-04,Karl Fischer,pharma_qc-demo,PHA-RG-1,PHA-14-A,ok,pharma_qc-014-014,ppm,[],manual,synthetic demo stable baseline
demo-pharma_qc-kf-aqua-04-residual-moisture,450.0,2026-02-17T12:10:00Z,Residual Moisture,Moisture QC,KF Aqua-04,Karl Fischer,pharma_qc-demo,PHA-RG-1,PHA-14-A,ok,pharma_qc-014-015,ppm,[],manual,synthetic demo stable baseline
demo-pharma_qc-kf-aqua-04-residual-moisture,453.6,2026-02-17T14:10:00Z,Residual Moisture,Moisture QC,KF Aqua-04,Karl Fischer,pharma_qc-demo,PHA-RG-2,PHA-14-B,ok,pharma_qc-014-016,ppm,[],manual,synthetic demo stable baseline
demo-pharma_qc-kf-aqua-04-residual-moisture,446.4,2026-02-17T16:10:00Z,Residual Moisture,Moisture QC,KF Aqua-04,Karl Fischer,pharma_qc-demo,PHA-RG-2,PHA-14-B,ok,pharma_qc-014-017,ppm,[],manual,synthetic demo stable baseline
demo-pharma_qc-kf-aqua-04-residual-moisture,451.8,2026-02-17T18:10:00Z,Residual Moisture,Moisture QC,KF Aqua-04,Karl Fischer,pharma_qc-demo,PHA-RG-2,PHA-14-B,ok,pharma_qc-014-018,ppm,[],manual,synthetic demo stable baseline
demo-pharma_qc-kf-aqua-04-residual-moisture,450.0,2026-02-17T20:10:00Z,Residual Moisture,Moisture QC,KF Aqua-04,Karl Fischer,pharma_qc-demo,PHA-RG-2,PHA-14-B,ok,pharma_qc-014-019,ppm,[],manual,synthetic demo stable baseline
demo-pharma_qc-kf-aqua-04-residual-moisture,448.2,2026-02-17T22:10:00Z,Residual Moisture,Moisture QC,KF Aqua-04,Karl Fischer,pharma_qc-demo,PHA-RG-2,PHA-14-B,ok,pharma_qc-014-020,ppm,[],manual,synthetic demo stable baseline
demo-pharma_qc-kf-aqua-04-residual-moisture,451.8,2026-02-18T00:10:00Z,Residual Moisture,Moisture QC,KF Aqua-04,Karl Fischer,pharma_qc-demo,PHA-RG-2,PHA-14-B,ok,pharma_qc-014-021,ppm,[],manual,synthetic demo stable baseline
demo-pharma_qc-kf-aqua-04-residual-moisture,450.0,2026-02-18T02:10:00Z,Residual Moisture,Moisture QC,KF Aqua-04,Karl Fischer,pharma_qc-demo,PHA-RG-2,PHA-14-B,ok,pharma_qc-014-022,ppm,[],manual,synthetic demo stable baseline
demo-pharma_qc-kf-aqua-04-residual-moisture,446.4,2026-02-18T04:10:00Z,Residual Moisture,Moisture QC,KF Aqua-04,Karl Fischer,pharma_qc-demo,PHA-RG-2,PHA-14-B,ok,pharma_qc-014-023,ppm,[],manual,synthetic demo stable baseline
demo-pharma_qc-kf-aqua-04-residual-moisture,453.6,2026-02-18T06:10:00Z,Residual Moisture,Moisture QC,KF Aqua-04,Karl Fischer,pharma_qc-demo,PHA-RG-2,PHA-14-B,ok,pharma_qc-014-024,ppm,[],manual,synthetic demo stable baseline
demo-pharma_qc-kf-aqua-04-residual-moisture,450.0,2026-02-18T08:10:00Z,Residual Moisture,Moisture QC,KF Aqua-04,Karl Fischer,pharma_qc-demo,PHA-RG-2,PHA-14-B,ok,pharma_qc-014-025,ppm,[],manual,synthetic demo stable baseline
demo-pharma_qc-formulation-bench-05-ph,6.8,2026-02-16T08:15:00Z,pH,Formulation QC,Formulation Bench-05,Formulation,pharma_qc-demo,PHA-RG-1,PHA-15-A,ok,pharma_qc-015-001,pH,[],manual,synthetic demo high scatter with low Bayesian confidence
demo-pharma_qc-formulation-bench-05-ph,6.842,2026-02-16T10:15:00Z,pH,Formulation QC,Formulation Bench-05,Formulation,pharma_qc-demo,PHA-RG-1,PHA-15-A,ok,pharma_qc-015-002,pH,[],manual,synthetic demo high scatter with low Bayesian confidence
demo-pharma_qc-formulation-bench-05-ph,6.761,2026-02-16T12:15:00Z,pH,Formulation QC,Formulation Bench-05,Formulation,pharma_qc-demo,PHA-RG-1,PHA-15-A,ok,pharma_qc-015-003,pH,[],manual,synthetic demo high scatter with low Bayesian confidence
demo-pharma_qc-formulation-bench-05-ph,6.845,2026-02-16T14:15:00Z,pH,Formulation QC,Formulation Bench-05,Formulation,pharma_qc-demo,PHA-RG-1,PHA-15-A,ok,pharma_qc-015-004,pH,[],manual,synthetic demo high scatter with low Bayesian confidence
demo-pharma_qc-formulation-bench-05-ph,6.758,2026-02-16T16:15:00Z,pH,Formulation QC,Formulation Bench-05,Formulation,pharma_qc-demo,PHA-RG-1,PHA-15-A,ok,pharma_qc-015-005,pH,[],manual,synthetic demo high scatter with low Bayesian confidence
demo-pharma_qc-formulation-bench-05-ph,6.848,2026-02-16T18:15:00Z,pH,Formulation QC,Formulation Bench-05,Formulation,pharma_qc-demo,PHA-RG-1,PHA-15-A,ok,pharma_qc-015-006,pH,[],manual,synthetic demo high scatter with low Bayesian confidence
demo-pharma_qc-formulation-bench-05-ph,6.755,2026-02-16T20:15:00Z,pH,Formulation QC,Formulation Bench-05,Formulation,pharma_qc-demo,PHA-RG-1,PHA-15-A,ok,pharma_qc-015-007,pH,[],manual,synthetic demo high scatter with low Bayesian confidence
demo-pharma_qc-formulation-bench-05-ph,6.851,2026-02-16T22:15:00Z,pH,Formulation QC,Formulation Bench-05,Formulation,pharma_qc-demo,PHA-RG-1,PHA-15-A,ok,pharma_qc-015-008,pH,[],manual,synthetic demo high scatter with low Bayesian confidence
demo-pharma_qc-formulation-bench-05-ph,6.752,2026-02-17T00:15:00Z,pH,Formulation QC,Formulation Bench-05,Formulation,pharma_qc-demo,PHA-RG-1,PHA-15-A,ok,pharma_qc-015-009,pH,[],manual,synthetic demo high scatter with low Bayesian confidence
demo-pharma_qc-formulation-bench-05-ph,6.854,2026-02-17T02:15:00Z,pH,Formulation QC,Formulation Bench-05,Formulation,pharma_qc-demo,PHA-RG-1,PHA-15-A,ok,pharma_qc-015-010,pH,[],manual,synthetic demo high scatter with low Bayesian confidence
demo-pharma_qc-formulation-bench-05-ph,6.749,2026-02-17T04:15:00Z,pH,Formulation QC,Formulation Bench-05,Formulation,pharma_qc-demo,PHA-RG-1,PHA-15-A,ok,pharma_qc-015-011,pH,[],manual,synthetic demo high scatter with low Bayesian confidence
demo-pharma_qc-formulation-bench-05-ph,6.857,2026-02-17T06:15:00Z,pH,Formulation QC,Formulation Bench-05,Formulation,pharma_qc-demo,PHA-RG-1,PHA-15-A,ok,pharma_qc-015-012,pH,[],manual,synthetic demo high scatter with low Bayesian confidence
demo-pharma_qc-formulation-bench-05-ph,6.746,2026-02-17T08:15:00Z,pH,Formulation QC,Formulation Bench-05,Formulation,pharma_qc-demo,PHA-RG-1,PHA-15-A,ok,pharma_qc-015-013,pH,[],manual,synthetic demo high scatter with low Bayesian confidence
demo-pharma_qc-formulation-bench-05-ph,6.851,2026-02-17T10:15:00Z,pH,Formulation QC,Formulation Bench-05,Formulation,pharma_qc-demo,PHA-RG-1,PHA-15-A,ok,pharma_qc-015-014,pH,[],manual,synthetic demo high scatter with low Bayesian confidence
demo-pharma_qc-formulation-bench-05-ph,6.752,2026-02-17T12:15:00Z,pH,Formulation QC,Formulation Bench-05,Formulation,pharma_qc-demo,PHA-RG-1,PHA-15-A,ok,pharma_qc-015-015,pH,[],manual,synthetic demo high scatter with low Bayesian confidence
demo-pharma_qc-formulation-bench-05-ph,6.854,2026-02-17T14:15:00Z,pH,Formulation QC,Formulation Bench-05,Formulation,pharma_qc-demo,PHA-RG-2,PHA-15-B,ok,pharma_qc-015-016,pH,[],manual,synthetic demo high scatter with low Bayesian confidence
demo-pharma_qc-formulation-bench-05-ph,6.749,2026-02-17T16:15:00Z,pH,Formulation QC,Formulation Bench-05,Formulation,pharma_qc-demo,PHA-RG-2,PHA-15-B,ok,pharma_qc-015-017,pH,[],manual,synthetic demo high scatter with low Bayesian confidence
demo-pharma_qc-formulation-bench-05-ph,6.848,2026-02-17T18:15:00Z,pH,Formulation QC,Formulation Bench-05,Formulation,pharma_qc-demo,PHA-RG-2,PHA-15-B,ok,pharma_qc-015-018,pH,[],manual,synthetic demo high scatter with low Bayesian confidence
demo-pharma_qc-formulation-bench-05-ph,6.755,2026-02-17T20:15:00Z,pH,Formulation QC,Formulation Bench-05,Formulation,pharma_qc-demo,PHA-RG-2,PHA-15-B,ok,pharma_qc-015-019,pH,[],manual,synthetic demo high scatter with low Bayesian confidence
demo-pharma_qc-formulation-bench-05-ph,6.842,2026-02-17T22:15:00Z,pH,Formulation QC,Formulation Bench-05,Formulation,pharma_qc-demo,PHA-RG-2,PHA-15-B,ok,pharma_qc-015-020,pH,[],manual,synthetic demo high scatter with low Bayesian confidence
demo-pharma_qc-formulation-bench-05-ph,6.761,2026-02-18T00:15:00Z,pH,Formulation QC,Formulation Bench-05,Formulation,pharma_qc-demo,PHA-RG-2,PHA-15-B,ok,pharma_qc-015-021,pH,[],manual,synthetic demo high scatter with low Bayesian confidence
demo-pharma_qc-formulation-bench-05-ph,6.836,2026-02-18T02:15:00Z,pH,Formulation QC,Formulation Bench-05,Formulation,pharma_qc-demo,PHA-RG-2,PHA-15-B,ok,pharma_qc-015-022,pH,[],manual,synthetic demo high scatter with low Bayesian confidence
demo-pharma_qc-formulation-bench-05-ph,6.767,2026-02-18T04:15:00Z,pH,Formulation QC,Formulation Bench-05,Formulation,pharma_qc-demo,PHA-RG-2,PHA-15-B,ok,pharma_qc-015-023,pH,[],manual,synthetic demo high scatter with low Bayesian confidence
demo-pharma_qc-formulation-bench-05-ph,6.824,2026-02-18T06:15:00Z,pH,Formulation QC,Formulation Bench-05,Formulation,pharma_qc-demo,PHA-RG-2,PHA-15-B,ok,pharma_qc-015-024,pH,[],manual,synthetic demo high scatter with low Bayesian confidence
demo-pharma_qc-formulation-bench-05-ph,6.779,2026-02-18T08:15:00Z,pH,Formulation QC,Formulation Bench-05,Formulation,pharma_qc-demo,PHA-RG-2,PHA-15-B,ok,pharma_qc-015-025,pH,[],manual,synthetic demo high scatter with low Bayesian confidence
demo-pharma_qc-formulation-bench-05-osmolality,290.0,2026-02-16T08:20:00Z,Osmolality,Formulation QC,Formulation Bench-05,Formulation,pharma_qc-demo,PHA-RG-1,PHA-16-A,ok,pharma_qc-016-001,mOsm/kg,[],manual,synthetic demo upward step after lot change
demo-pharma_qc-formulation-bench-05-osmolality,290.4,2026-02-16T10:20:00Z,Osmolality,Formulation QC,Formulation Bench-05,Formulation,pharma_qc-demo,PHA-RG-1,PHA-16-A,ok,pharma_qc-016-002,mOsm/kg,[],manual,synthetic demo upward step after lot change
demo-pharma_qc-formulation-bench-05-osmolality,289.6,2026-02-16T12:20:00Z,Osmolality,Formulation QC,Formulation Bench-05,Formulation,pharma_qc-demo,PHA-RG-1,PHA-16-A,ok,pharma_qc-016-003,mOsm/kg,[],manual,synthetic demo upward step after lot change
demo-pharma_qc-formulation-bench-05-osmolality,290.0,2026-02-16T14:20:00Z,Osmolality,Formulation QC,Formulation Bench-05,Formulation,pharma_qc-demo,PHA-RG-1,PHA-16-A,ok,pharma_qc-016-004,mOsm/kg,[],manual,synthetic demo upward step after lot change
demo-pharma_qc-formulation-bench-05-osmolality,290.8,2026-02-16T16:20:00Z,Osmolality,Formulation QC,Formulation Bench-05,Formulation,pharma_qc-demo,PHA-RG-1,PHA-16-A,ok,pharma_qc-016-005,mOsm/kg,[],manual,synthetic demo upward step after lot change
demo-pharma_qc-formulation-bench-05-osmolality,290.4,2026-02-16T18:20:00Z,Osmolality,Formulation QC,Formulation Bench-05,Formulation,pharma_qc-demo,PHA-RG-1,PHA-16-A,ok,pharma_qc-016-006,mOsm/kg,[],manual,synthetic demo upward step after lot change
demo-pharma_qc-formulation-bench-05-osmolality,289.6,2026-02-16T20:20:00Z,Osmolality,Formulation QC,Formulation Bench-05,Formulation,pharma_qc-demo,PHA-RG-1,PHA-16-A,ok,pharma_qc-016-007,mOsm/kg,[],manual,synthetic demo upward step after lot change
demo-pharma_qc-formulation-bench-05-osmolality,290.0,2026-02-16T22:20:00Z,Osmolality,Formulation QC,Formulation Bench-05,Formulation,pharma_qc-demo,PHA-RG-1,PHA-16-A,ok,pharma_qc-016-008,mOsm/kg,[],manual,synthetic demo upward step after lot change
demo-pharma_qc-formulation-bench-05-osmolality,290.4,2026-02-17T00:20:00Z,Osmolality,Formulation QC,Formulation Bench-05,Formulation,pharma_qc-demo,PHA-RG-1,PHA-16-A,ok,pharma_qc-016-009,mOsm/kg,[],manual,synthetic demo upward step after lot change
demo-pharma_qc-formulation-bench-05-osmolality,289.6,2026-02-17T02:20:00Z,Osmolality,Formulation QC,Formulation Bench-05,Formulation,pharma_qc-demo,PHA-RG-1,PHA-16-A,ok,pharma_qc-016-010,mOsm/kg,[],manual,synthetic demo upward step after lot change
demo-pharma_qc-formulation-bench-05-osmolality,290.0,2026-02-17T04:20:00Z,Osmolality,Formulation QC,Formulation Bench-05,Formulation,pharma_qc-demo,PHA-RG-1,PHA-16-A,ok,pharma_qc-016-011,mOsm/kg,[],manual,synthetic demo upward step after lot change
demo-pharma_qc-formulation-bench-05-osmolality,290.8,2026-02-17T06:20:00Z,Osmolality,Formulation QC,Formulation Bench-05,Formulation,pharma_qc-demo,PHA-RG-1,PHA-16-A,ok,pharma_qc-016-012,mOsm/kg,[],manual,synthetic demo upward step after lot change
demo-pharma_qc-formulation-bench-05-osmolality,290.4,2026-02-17T08:20:00Z,Osmolality,Formulation QC,Formulation Bench-05,Formulation,pharma_qc-demo,PHA-RG-1,PHA-16-A,ok,pharma_qc-016-013,mOsm/kg,[],manual,synthetic demo upward step after lot change
demo-pharma_qc-formulation-bench-05-osmolality,290.0,2026-02-17T10:20:00Z,Osmolality,Formulation QC,Formulation Bench-05,Formulation,pharma_qc-demo,PHA-RG-1,PHA-16-A,ok,pharma_qc-016-014,mOsm/kg,[],manual,synthetic demo upward step after lot change
demo-pharma_qc-formulation-bench-05-osmolality,289.6,2026-02-17T12:20:00Z,Osmolality,Formulation QC,Formulation Bench-05,Formulation,pharma_qc-demo,PHA-RG-1,PHA-16-A,ok,pharma_qc-016-015,mOsm/kg,[],manual,synthetic demo upward step after lot change
demo-pharma_qc-formulation-bench-05-osmolality,294.8,2026-02-17T14:20:00Z,Osmolality,Formulation QC,Formulation Bench-05,Formulation,pharma_qc-demo,PHA-RG-2,PHA-16-B,ok,pharma_qc-016-016,mOsm/kg,[],manual,synthetic demo upward step after lot change
demo-pharma_qc-formulation-bench-05-osmolality,295.6,2026-02-17T16:20:00Z,Osmolality,Formulation QC,Formulation Bench-05,Formulation,pharma_qc-demo,PHA-RG-2,PHA-16-B,ok,pharma_qc-016-017,mOsm/kg,[],manual,synthetic demo upward step after lot change
demo-pharma_qc-formulation-bench-05-osmolality,296.0,2026-02-17T18:20:00Z,Osmolality,Formulation QC,Formulation Bench-05,Formulation,pharma_qc-demo,PHA-RG-2,PHA-16-B,ok,pharma_qc-016-018,mOsm/kg,[],manual,synthetic demo upward step after lot change
demo-pharma_qc-formulation-bench-05-osmolality,295.6,2026-02-17T20:20:00Z,Osmolality,Formulation QC,Formulation Bench-05,Formulation,pharma_qc-demo,PHA-RG-2,PHA-16-B,ok,pharma_qc-016-019,mOsm/kg,[],manual,synthetic demo upward step after lot change
demo-pharma_qc-formulation-bench-05-osmolality,296.4,2026-02-17T22:20:00Z,Osmolality,Formulation QC,Formulation Bench-05,Formulation,pharma_qc-demo,PHA-RG-2,PHA-16-B,ok,pharma_qc-016-020,mOsm/kg,[],manual,synthetic demo upward step after lot change
demo-pharma_qc-formulation-bench-05-osmolality,296.0,2026-02-18T00:20:00Z,Osmolality,Formulation QC,Formulation Bench-05,Formulation,pharma_qc-demo,PHA-RG-2,PHA-16-B,ok,pharma_qc-016-021,mOsm/kg,[],manual,synthetic demo upward step after lot change
demo-pharma_qc-formulation-bench-05-osmolality,295.6,2026-02-18T02:20:00Z,Osmolality,Formulation QC,Formulation Bench-05,Formulation,pharma_qc-demo,PHA-RG-2,PHA-16-B,ok,pharma_qc-016-022,mOsm/kg,[],manual,synthetic demo upward step after lot change
demo-pharma_qc-formulation-bench-05-osmolality,296.4,2026-02-18T04:20:00Z,Osmolality,Formulation QC,Formulation Bench-05,Formulation,pharma_qc-demo,PHA-RG-2,PHA-16-B,ok,pharma_qc-016-023,mOsm/kg,[],manual,synthetic demo upward step after lot change
demo-pharma_qc-formulation-bench-05-osmolality,296.0,2026-02-18T06:20:00Z,Osmolality,Formulation QC,Formulation Bench-05,Formulation,pharma_qc-demo,PHA-RG-2,PHA-16-B,ok,pharma_qc-016-024,mOsm/kg,[],manual,synthetic demo upward step after lot change
demo-pharma_qc-formulation-bench-05-osmolality,295.6,2026-02-18T08:20:00Z,Osmolality,Formulation QC,Formulation Bench-05,Formulation,pharma_qc-demo,PHA-RG-2,PHA-16-B,ok,pharma_qc-016-025,mOsm/kg,[],manual,synthetic demo upward step after lot change
demo-pharma_qc-formulation-bench-05-conductivity,820.0,2026-02-16T08:25:00Z,Conductivity,Formulation QC,Formulation Bench-05,Formulation,pharma_qc-demo,PHA-RG-1,PHA-17-A,ok,pharma_qc-017-001,uS/cm,[],manual,synthetic demo slow high drift
demo-pharma_qc-formulation-bench-05-conductivity,821.8,2026-02-16T10:25:00Z,Conductivity,Formulation QC,Formulation Bench-05,Formulation,pharma_qc-demo,PHA-RG-1,PHA-17-A,ok,pharma_qc-017-002,uS/cm,[],manual,synthetic demo slow high drift
demo-pharma_qc-formulation-bench-05-conductivity,825.4,2026-02-16T12:25:00Z,Conductivity,Formulation QC,Formulation Bench-05,Formulation,pharma_qc-demo,PHA-RG-1,PHA-17-A,ok,pharma_qc-017-003,uS/cm,[],manual,synthetic demo slow high drift
demo-pharma_qc-formulation-bench-05-conductivity,829.0,2026-02-16T14:25:00Z,Conductivity,Formulation QC,Formulation Bench-05,Formulation,pharma_qc-demo,PHA-RG-1,PHA-17-A,ok,pharma_qc-017-004,uS/cm,[],manual,synthetic demo slow high drift
demo-pharma_qc-formulation-bench-05-conductivity,832.6,2026-02-16T16:25:00Z,Conductivity,Formulation QC,Formulation Bench-05,Formulation,pharma_qc-demo,PHA-RG-1,PHA-17-A,ok,pharma_qc-017-005,uS/cm,[],manual,synthetic demo slow high drift
demo-pharma_qc-formulation-bench-05-conductivity,836.2,2026-02-16T18:25:00Z,Conductivity,Formulation QC,Formulation Bench-05,Formulation,pharma_qc-demo,PHA-RG-1,PHA-17-A,ok,pharma_qc-017-006,uS/cm,[],manual,synthetic demo slow high drift
demo-pharma_qc-formulation-bench-05-conductivity,839.8,2026-02-16T20:25:00Z,Conductivity,Formulation QC,Formulation Bench-05,Formulation,pharma_qc-demo,PHA-RG-1,PHA-17-A,ok,pharma_qc-017-007,uS/cm,[],manual,synthetic demo slow high drift
demo-pharma_qc-formulation-bench-05-conductivity,843.4,2026-02-16T22:25:00Z,Conductivity,Formulation QC,Formulation Bench-05,Formulation,pharma_qc-demo,PHA-RG-1,PHA-17-A,ok,pharma_qc-017-008,uS/cm,[],manual,synthetic demo slow high drift
demo-pharma_qc-formulation-bench-05-conductivity,847.0,2026-02-17T00:25:00Z,Conductivity,Formulation QC,Formulation Bench-05,Formulation,pharma_qc-demo,PHA-RG-1,PHA-17-A,ok,pharma_qc-017-009,uS/cm,[],manual,synthetic demo slow high drift
demo-pharma_qc-formulation-bench-05-conductivity,850.6,2026-02-17T02:25:00Z,Conductivity,Formulation QC,Formulation Bench-05,Formulation,pharma_qc-demo,PHA-RG-1,PHA-17-A,ok,pharma_qc-017-010,uS/cm,[],manual,synthetic demo slow high drift
demo-pharma_qc-formulation-bench-05-conductivity,854.2,2026-02-17T04:25:00Z,Conductivity,Formulation QC,Formulation Bench-05,Formulation,pharma_qc-demo,PHA-RG-1,PHA-17-A,ok,pharma_qc-017-011,uS/cm,[],manual,synthetic demo slow high drift
demo-pharma_qc-formulation-bench-05-conductivity,857.8,2026-02-17T06:25:00Z,Conductivity,Formulation QC,Formulation Bench-05,Formulation,pharma_qc-demo,PHA-RG-1,PHA-17-A,ok,pharma_qc-017-012,uS/cm,[],manual,synthetic demo slow high drift
demo-pharma_qc-formulation-bench-05-conductivity,859.6,2026-02-17T08:25:00Z,Conductivity,Formulation QC,Formulation Bench-05,Formulation,pharma_qc-demo,PHA-RG-1,PHA-17-A,ok,pharma_qc-017-013,uS/cm,[],manual,synthetic demo slow high drift
demo-pharma_qc-formulation-bench-05-conductivity,861.4,2026-02-17T10:25:00Z,Conductivity,Formulation QC,Formulation Bench-05,Formulation,pharma_qc-demo,PHA-RG-1,PHA-17-A,ok,pharma_qc-017-014,uS/cm,[],manual,synthetic demo slow high drift
demo-pharma_qc-formulation-bench-05-conductivity,863.2,2026-02-17T12:25:00Z,Conductivity,Formulation QC,Formulation Bench-05,Formulation,pharma_qc-demo,PHA-RG-1,PHA-17-A,ok,pharma_qc-017-015,uS/cm,[],manual,synthetic demo slow high drift
demo-pharma_qc-formulation-bench-05-conductivity,865.0,2026-02-17T14:25:00Z,Conductivity,Formulation QC,Formulation Bench-05,Formulation,pharma_qc-demo,PHA-RG-2,PHA-17-B,ok,pharma_qc-017-016,uS/cm,[],manual,synthetic demo slow high drift
demo-pharma_qc-formulation-bench-05-conductivity,866.8,2026-02-17T16:25:00Z,Conductivity,Formulation QC,Formulation Bench-05,Formulation,pharma_qc-demo,PHA-RG-2,PHA-17-B,ok,pharma_qc-017-017,uS/cm,[],manual,synthetic demo slow high drift
demo-pharma_qc-formulation-bench-05-conductivity,868.6,2026-02-17T18:25:00Z,Conductivity,Formulation QC,Formulation Bench-05,Formulation,pharma_qc-demo,PHA-RG-2,PHA-17-B,ok,pharma_qc-017-018,uS/cm,[],manual,synthetic demo slow high drift
demo-pharma_qc-formulation-bench-05-conductivity,870.4,2026-02-17T20:25:00Z,Conductivity,Formulation QC,Formulation Bench-05,Formulation,pharma_qc-demo,PHA-RG-2,PHA-17-B,ok,pharma_qc-017-019,uS/cm,[],manual,synthetic demo slow high drift
demo-pharma_qc-formulation-bench-05-conductivity,872.2,2026-02-17T22:25:00Z,Conductivity,Formulation QC,Formulation Bench-05,Formulation,pharma_qc-demo,PHA-RG-2,PHA-17-B,ok,pharma_qc-017-020,uS/cm,[],manual,synthetic demo slow high drift
demo-pharma_qc-formulation-bench-05-conductivity,874.0,2026-02-18T00:25:00Z,Conductivity,Formulation QC,Formulation Bench-05,Formulation,pharma_qc-demo,PHA-RG-2,PHA-17-B,ok,pharma_qc-017-021,uS/cm,[],manual,synthetic demo slow high drift
demo-pharma_qc-formulation-bench-05-conductivity,875.8,2026-02-18T02:25:00Z,Conductivity,Formulation QC,Formulation Bench-05,Formulation,pharma_qc-demo,PHA-RG-2,PHA-17-B,ok,pharma_qc-017-022,uS/cm,[],manual,synthetic demo slow high drift
demo-pharma_qc-formulation-bench-05-conductivity,877.6,2026-02-18T04:25:00Z,Conductivity,Formulation QC,Formulation Bench-05,Formulation,pharma_qc-demo,PHA-RG-2,PHA-17-B,ok,pharma_qc-017-023,uS/cm,[],manual,synthetic demo slow high drift
demo-pharma_qc-formulation-bench-05-conductivity,879.4,2026-02-18T06:25:00Z,Conductivity,Formulation QC,Formulation Bench-05,Formulation,pharma_qc-demo,PHA-RG-2,PHA-17-B,ok,pharma_qc-017-024,uS/cm,[],manual,synthetic demo slow high drift
demo-pharma_qc-formulation-bench-05-conductivity,881.2,2026-02-18T08:25:00Z,Conductivity,Formulation QC,Formulation Bench-05,Formulation,pharma_qc-demo,PHA-RG-2,PHA-17-B,ok,pharma_qc-017-025,uS/cm,[],manual,synthetic demo slow high drift
demo-pharma_qc-lcms-drug-06-drug-a-control,50.0,2026-02-16T08:00:00Z,Drug A Control,Drug panel L1,LCMS Drug-06,LC-MS Drug Panel,pharma_qc-demo,PHA-RG-1,PHA-18-A,ok,pharma_qc-018-001,ng/mL,[],manual,synthetic demo single low action outlier
demo-pharma_qc-lcms-drug-06-drug-a-control,49.8,2026-02-16T10:00:00Z,Drug A Control,Drug panel L1,LCMS Drug-06,LC-MS Drug Panel,pharma_qc-demo,PHA-RG-1,PHA-18-A,ok,pharma_qc-018-002,ng/mL,[],manual,synthetic demo single low action outlier
demo-pharma_qc-lcms-drug-06-drug-a-control,50.2,2026-02-16T12:00:00Z,Drug A Control,Drug panel L1,LCMS Drug-06,LC-MS Drug Panel,pharma_qc-demo,PHA-RG-1,PHA-18-A,ok,pharma_qc-018-003,ng/mL,[],manual,synthetic demo single low action outlier
demo-pharma_qc-lcms-drug-06-drug-a-control,49.6,2026-02-16T14:00:00Z,Drug A Control,Drug panel L1,LCMS Drug-06,LC-MS Drug Panel,pharma_qc-demo,PHA-RG-1,PHA-18-A,ok,pharma_qc-018-004,ng/mL,[],manual,synthetic demo single low action outlier
demo-pharma_qc-lcms-drug-06-drug-a-control,50.0,2026-02-16T16:00:00Z,Drug A Control,Drug panel L1,LCMS Drug-06,LC-MS Drug Panel,pharma_qc-demo,PHA-RG-1,PHA-18-A,ok,pharma_qc-018-005,ng/mL,[],manual,synthetic demo single low action outlier
demo-pharma_qc-lcms-drug-06-drug-a-control,50.4,2026-02-16T18:00:00Z,Drug A Control,Drug panel L1,LCMS Drug-06,LC-MS Drug Panel,pharma_qc-demo,PHA-RG-1,PHA-18-A,ok,pharma_qc-018-006,ng/mL,[],manual,synthetic demo single low action outlier
demo-pharma_qc-lcms-drug-06-drug-a-control,49.8,2026-02-16T20:00:00Z,Drug A Control,Drug panel L1,LCMS Drug-06,LC-MS Drug Panel,pharma_qc-demo,PHA-RG-1,PHA-18-A,ok,pharma_qc-018-007,ng/mL,[],manual,synthetic demo single low action outlier
demo-pharma_qc-lcms-drug-06-drug-a-control,49.6,2026-02-16T22:00:00Z,Drug A Control,Drug panel L1,LCMS Drug-06,LC-MS Drug Panel,pharma_qc-demo,PHA-RG-1,PHA-18-A,ok,pharma_qc-018-008,ng/mL,[],manual,synthetic demo single low action outlier
demo-pharma_qc-lcms-drug-06-drug-a-control,43.2,2026-02-17T00:00:00Z,Drug A Control,Drug panel L1,LCMS Drug-06,LC-MS Drug Panel,pharma_qc-demo,PHA-RG-1,PHA-18-A,ok,pharma_qc-018-009,ng/mL,[],manual,synthetic demo single low action outlier
demo-pharma_qc-lcms-drug-06-drug-a-control,49.4,2026-02-17T02:00:00Z,Drug A Control,Drug panel L1,LCMS Drug-06,LC-MS Drug Panel,pharma_qc-demo,PHA-RG-1,PHA-18-A,ok,pharma_qc-018-010,ng/mL,[],manual,synthetic demo single low action outlier
demo-pharma_qc-lcms-drug-06-drug-a-control,50.0,2026-02-17T04:00:00Z,Drug A Control,Drug panel L1,LCMS Drug-06,LC-MS Drug Panel,pharma_qc-demo,PHA-RG-1,PHA-18-A,ok,pharma_qc-018-011,ng/mL,[],manual,synthetic demo single low action outlier
demo-pharma_qc-lcms-drug-06-drug-a-control,50.2,2026-02-17T06:00:00Z,Drug A Control,Drug panel L1,LCMS Drug-06,LC-MS Drug Panel,pharma_qc-demo,PHA-RG-1,PHA-18-A,ok,pharma_qc-018-012,ng/mL,[],manual,synthetic demo single low action outlier
demo-pharma_qc-lcms-drug-06-drug-a-control,49.8,2026-02-17T08:00:00Z,Drug A Control,Drug panel L1,LCMS Drug-06,LC-MS Drug Panel,pharma_qc-demo,PHA-RG-1,PHA-18-A,ok,pharma_qc-018-013,ng/mL,[],manual,synthetic demo single low action outlier
demo-pharma_qc-lcms-drug-06-drug-a-control,50.0,2026-02-17T10:00:00Z,Drug A Control,Drug panel L1,LCMS Drug-06,LC-MS Drug Panel,pharma_qc-demo,PHA-RG-1,PHA-18-A,ok,pharma_qc-018-014,ng/mL,[],manual,synthetic demo single low action outlier
demo-pharma_qc-lcms-drug-06-drug-a-control,50.4,2026-02-17T12:00:00Z,Drug A Control,Drug panel L1,LCMS Drug-06,LC-MS Drug Panel,pharma_qc-demo,PHA-RG-1,PHA-18-A,ok,pharma_qc-018-015,ng/mL,[],manual,synthetic demo single low action outlier
demo-pharma_qc-lcms-drug-06-drug-a-control,49.6,2026-02-17T14:00:00Z,Drug A Control,Drug panel L1,LCMS Drug-06,LC-MS Drug Panel,pharma_qc-demo,PHA-RG-2,PHA-18-B,ok,pharma_qc-018-016,ng/mL,[],manual,synthetic demo single low action outlier
demo-pharma_qc-lcms-drug-06-drug-a-control,49.8,2026-02-17T16:00:00Z,Drug A Control,Drug panel L1,LCMS Drug-06,LC-MS Drug Panel,pharma_qc-demo,PHA-RG-2,PHA-18-B,ok,pharma_qc-018-017,ng/mL,[],manual,synthetic demo single low action outlier
demo-pharma_qc-lcms-drug-06-drug-a-control,50.0,2026-02-17T18:00:00Z,Drug A Control,Drug panel L1,LCMS Drug-06,LC-MS Drug Panel,pharma_qc-demo,PHA-RG-2,PHA-18-B,ok,pharma_qc-018-018,ng/mL,[],manual,synthetic demo single low action outlier
demo-pharma_qc-lcms-drug-06-drug-a-control,50.2,2026-02-17T20:00:00Z,Drug A Control,Drug panel L1,LCMS Drug-06,LC-MS Drug Panel,pharma_qc-demo,PHA-RG-2,PHA-18-B,ok,pharma_qc-018-019,ng/mL,[],manual,synthetic demo single low action outlier
demo-pharma_qc-lcms-drug-06-drug-a-control,49.8,2026-02-17T22:00:00Z,Drug A Control,Drug panel L1,LCMS Drug-06,LC-MS Drug Panel,pharma_qc-demo,PHA-RG-2,PHA-18-B,ok,pharma_qc-018-020,ng/mL,[],manual,synthetic demo single low action outlier
demo-pharma_qc-lcms-drug-06-drug-a-control,50.0,2026-02-18T00:00:00Z,Drug A Control,Drug panel L1,LCMS Drug-06,LC-MS Drug Panel,pharma_qc-demo,PHA-RG-2,PHA-18-B,ok,pharma_qc-018-021,ng/mL,[],manual,synthetic demo single low action outlier
demo-pharma_qc-lcms-drug-06-drug-a-control,50.4,2026-02-18T02:00:00Z,Drug A Control,Drug panel L1,LCMS Drug-06,LC-MS Drug Panel,pharma_qc-demo,PHA-RG-2,PHA-18-B,ok,pharma_qc-018-022,ng/mL,[],manual,synthetic demo single low action outlier
demo-pharma_qc-lcms-drug-06-drug-a-control,49.8,2026-02-18T04:00:00Z,Drug A Control,Drug panel L1,LCMS Drug-06,LC-MS Drug Panel,pharma_qc-demo,PHA-RG-2,PHA-18-B,ok,pharma_qc-018-023,ng/mL,[],manual,synthetic demo single low action outlier
demo-pharma_qc-lcms-drug-06-drug-a-control,50.0,2026-02-18T06:00:00Z,Drug A Control,Drug panel L1,LCMS Drug-06,LC-MS Drug Panel,pharma_qc-demo,PHA-RG-2,PHA-18-B,ok,pharma_qc-018-024,ng/mL,[],manual,synthetic demo single low action outlier
demo-pharma_qc-lcms-drug-06-drug-a-control,49.6,2026-02-18T08:00:00Z,Drug A Control,Drug panel L1,LCMS Drug-06,LC-MS Drug Panel,pharma_qc-demo,PHA-RG-2,PHA-18-B,ok,pharma_qc-018-025,ng/mL,[],manual,synthetic demo single low action outlier
demo-pharma_qc-lcms-drug-06-drug-b-control,120.0,2026-02-16T08:05:00Z,Drug B Control,Drug panel L2,LCMS Drug-06,LC-MS Drug Panel,pharma_qc-demo,PHA-RG-1,PHA-19-A,ok,pharma_qc-019-001,ng/mL,[],manual,synthetic demo maintenance recovery
demo-pharma_qc-lcms-drug-06-drug-b-control,120.8,2026-02-16T10:05:00Z,Drug B Control,Drug panel L2,LCMS Drug-06,LC-MS Drug Panel,pharma_qc-demo,PHA-RG-1,PHA-19-A,ok,pharma_qc-019-002,ng/mL,[],manual,synthetic demo maintenance recovery
demo-pharma_qc-lcms-drug-06-drug-b-control,121.6,2026-02-16T12:05:00Z,Drug B Control,Drug panel L2,LCMS Drug-06,LC-MS Drug Panel,pharma_qc-demo,PHA-RG-1,PHA-19-A,ok,pharma_qc-019-003,ng/mL,[],manual,synthetic demo maintenance recovery
demo-pharma_qc-lcms-drug-06-drug-b-control,122.8,2026-02-16T14:05:00Z,Drug B Control,Drug panel L2,LCMS Drug-06,LC-MS Drug Panel,pharma_qc-demo,PHA-RG-1,PHA-19-A,ok,pharma_qc-019-004,ng/mL,[],manual,synthetic demo maintenance recovery
demo-pharma_qc-lcms-drug-06-drug-b-control,124.0,2026-02-16T16:05:00Z,Drug B Control,Drug panel L2,LCMS Drug-06,LC-MS Drug Panel,pharma_qc-demo,PHA-RG-1,PHA-19-A,ok,pharma_qc-019-005,ng/mL,[],manual,synthetic demo maintenance recovery
demo-pharma_qc-lcms-drug-06-drug-b-control,125.6,2026-02-16T18:05:00Z,Drug B Control,Drug panel L2,LCMS Drug-06,LC-MS Drug Panel,pharma_qc-demo,PHA-RG-1,PHA-19-A,ok,pharma_qc-019-006,ng/mL,[],manual,synthetic demo maintenance recovery
demo-pharma_qc-lcms-drug-06-drug-b-control,127.2,2026-02-16T20:05:00Z,Drug B Control,Drug panel L2,LCMS Drug-06,LC-MS Drug Panel,pharma_qc-demo,PHA-RG-1,PHA-19-A,ok,pharma_qc-019-007,ng/mL,[],manual,synthetic demo maintenance recovery
demo-pharma_qc-lcms-drug-06-drug-b-control,128.4,2026-02-16T22:05:00Z,Drug B Control,Drug panel L2,LCMS Drug-06,LC-MS Drug Panel,pharma_qc-demo,PHA-RG-1,PHA-19-A,ok,pharma_qc-019-008,ng/mL,[],manual,synthetic demo maintenance recovery
demo-pharma_qc-lcms-drug-06-drug-b-control,129.6,2026-02-17T00:05:00Z,Drug B Control,Drug panel L2,LCMS Drug-06,LC-MS Drug Panel,pharma_qc-demo,PHA-RG-1,PHA-19-A,ok,pharma_qc-019-009,ng/mL,[],manual,synthetic demo maintenance recovery
demo-pharma_qc-lcms-drug-06-drug-b-control,131.2,2026-02-17T02:05:00Z,Drug B Control,Drug panel L2,LCMS Drug-06,LC-MS Drug Panel,pharma_qc-demo,PHA-RG-1,PHA-19-A,ok,pharma_qc-019-010,ng/mL,[],manual,synthetic demo maintenance recovery
demo-pharma_qc-lcms-drug-06-drug-b-control,132.8,2026-02-17T04:05:00Z,Drug B Control,Drug panel L2,LCMS Drug-06,LC-MS Drug Panel,pharma_qc-demo,PHA-RG-1,PHA-19-A,ok,pharma_qc-019-011,ng/mL,[],manual,synthetic demo maintenance recovery
demo-pharma_qc-lcms-drug-06-drug-b-control,130.8,2026-02-17T06:05:00Z,Drug B Control,Drug panel L2,LCMS Drug-06,LC-MS Drug Panel,pharma_qc-demo,PHA-RG-1,PHA-19-A,ok,pharma_qc-019-012,ng/mL,[],manual,synthetic demo maintenance recovery
demo-pharma_qc-lcms-drug-06-drug-b-control,128.4,2026-02-17T08:05:00Z,Drug B Control,Drug panel L2,LCMS Drug-06,LC-MS Drug Panel,pharma_qc-demo,PHA-RG-1,PHA-19-A,ok,pharma_qc-019-013,ng/mL,[],manual,synthetic demo maintenance recovery
demo-pharma_qc-lcms-drug-06-drug-b-control,124.8,2026-02-17T10:05:00Z,Drug B Control,Drug panel L2,LCMS Drug-06,LC-MS Drug Panel,pharma_qc-demo,PHA-RG-1,PHA-19-A,ok,pharma_qc-019-014,ng/mL,[],manual,synthetic demo maintenance recovery
demo-pharma_qc-lcms-drug-06-drug-b-control,122.0,2026-02-17T12:05:00Z,Drug B Control,Drug panel L2,LCMS Drug-06,LC-MS Drug Panel,pharma_qc-demo,PHA-RG-1,PHA-19-A,ok,pharma_qc-019-015,ng/mL,[],manual,synthetic demo maintenance recovery
demo-pharma_qc-lcms-drug-06-drug-b-control,120.8,2026-02-17T14:05:00Z,Drug B Control,Drug panel L2,LCMS Drug-06,LC-MS Drug Panel,pharma_qc-demo,PHA-RG-2,PHA-19-B,ok,pharma_qc-019-016,ng/mL,[],manual,synthetic demo maintenance recovery
demo-pharma_qc-lcms-drug-06-drug-b-control,120.0,2026-02-17T16:05:00Z,Drug B Control,Drug panel L2,LCMS Drug-06,LC-MS Drug Panel,pharma_qc-demo,PHA-RG-2,PHA-19-B,ok,pharma_qc-019-017,ng/mL,[],manual,synthetic demo maintenance recovery
demo-pharma_qc-lcms-drug-06-drug-b-control,119.6,2026-02-17T18:05:00Z,Drug B Control,Drug panel L2,LCMS Drug-06,LC-MS Drug Panel,pharma_qc-demo,PHA-RG-2,PHA-19-B,ok,pharma_qc-019-018,ng/mL,[],manual,synthetic demo maintenance recovery
demo-pharma_qc-lcms-drug-06-drug-b-control,120.4,2026-02-17T20:05:00Z,Drug B Control,Drug panel L2,LCMS Drug-06,LC-MS Drug Panel,pharma_qc-demo,PHA-RG-2,PHA-19-B,ok,pharma_qc-019-019,ng/mL,[],manual,synthetic demo maintenance recovery
demo-pharma_qc-lcms-drug-06-drug-b-control,120.0,2026-02-17T22:05:00Z,Drug B Control,Drug panel L2,LCMS Drug-06,LC-MS Drug Panel,pharma_qc-demo,PHA-RG-2,PHA-19-B,ok,pharma_qc-019-020,ng/mL,[],manual,synthetic demo maintenance recovery
demo-pharma_qc-lcms-drug-06-drug-b-control,119.2,2026-02-18T00:05:00Z,Drug B Control,Drug panel L2,LCMS Drug-06,LC-MS Drug Panel,pharma_qc-demo,PHA-RG-2,PHA-19-B,ok,pharma_qc-019-021,ng/mL,[],manual,synthetic demo maintenance recovery
demo-pharma_qc-lcms-drug-06-drug-b-control,120.4,2026-02-18T02:05:00Z,Drug B Control,Drug panel L2,LCMS Drug-06,LC-MS Drug Panel,pharma_qc-demo,PHA-RG-2,PHA-19-B,ok,pharma_qc-019-022,ng/mL,[],manual,synthetic demo maintenance recovery
demo-pharma_qc-lcms-drug-06-drug-b-control,120.0,2026-02-18T04:05:00Z,Drug B Control,Drug panel L2,LCMS Drug-06,LC-MS Drug Panel,pharma_qc-demo,PHA-RG-2,PHA-19-B,ok,pharma_qc-019-023,ng/mL,[],manual,synthetic demo maintenance recovery
demo-pharma_qc-lcms-drug-06-drug-b-control,120.8,2026-02-18T06:05:00Z,Drug B Control,Drug panel L2,LCMS Drug-06,LC-MS Drug Panel,pharma_qc-demo,PHA-RG-2,PHA-19-B,ok,pharma_qc-019-024,ng/mL,[],manual,synthetic demo maintenance recovery
demo-pharma_qc-lcms-drug-06-drug-b-control,119.6,2026-02-18T08:05:00Z,Drug B Control,Drug panel L2,LCMS Drug-06,LC-MS Drug Panel,pharma_qc-demo,PHA-RG-2,PHA-19-B,ok,pharma_qc-019-025,ng/mL,[],manual,synthetic demo maintenance recovery
demo-pharma_qc-lcms-drug-06-metabolite-m1,35.0,2026-02-16T08:10:00Z,Metabolite M1,Drug panel L1,LCMS Drug-06,LC-MS Drug Panel,pharma_qc-demo,PHA-RG-1,PHA-20-A,ok,pharma_qc-020-001,ng/mL,[],manual,synthetic demo downward step after lot change
demo-pharma_qc-lcms-drug-06-metabolite-m1,34.85,2026-02-16T10:10:00Z,Metabolite M1,Drug panel L1,LCMS Drug-06,LC-MS Drug Panel,pharma_qc-demo,PHA-RG-1,PHA-20-A,ok,pharma_qc-020-002,ng/mL,[],manual,synthetic demo downward step after lot change
demo-pharma_qc-lcms-drug-06-metabolite-m1,35.15,2026-02-16T12:10:00Z,Metabolite M1,Drug panel L1,LCMS Drug-06,LC-MS Drug Panel,pharma_qc-demo,PHA-RG-1,PHA-20-A,ok,pharma_qc-020-003,ng/mL,[],manual,synthetic demo downward step after lot change
demo-pharma_qc-lcms-drug-06-metabolite-m1,35.0,2026-02-16T14:10:00Z,Metabolite M1,Drug panel L1,LCMS Drug-06,LC-MS Drug Panel,pharma_qc-demo,PHA-RG-1,PHA-20-A,ok,pharma_qc-020-004,ng/mL,[],manual,synthetic demo downward step after lot change
demo-pharma_qc-lcms-drug-06-metabolite-m1,34.7,2026-02-16T16:10:00Z,Metabolite M1,Drug panel L1,LCMS Drug-06,LC-MS Drug Panel,pharma_qc-demo,PHA-RG-1,PHA-20-A,ok,pharma_qc-020-005,ng/mL,[],manual,synthetic demo downward step after lot change
demo-pharma_qc-lcms-drug-06-metabolite-m1,34.85,2026-02-16T18:10:00Z,Metabolite M1,Drug panel L1,LCMS Drug-06,LC-MS Drug Panel,pharma_qc-demo,PHA-RG-1,PHA-20-A,ok,pharma_qc-020-006,ng/mL,[],manual,synthetic demo downward step after lot change
demo-pharma_qc-lcms-drug-06-metabolite-m1,35.15,2026-02-16T20:10:00Z,Metabolite M1,Drug panel L1,LCMS Drug-06,LC-MS Drug Panel,pharma_qc-demo,PHA-RG-1,PHA-20-A,ok,pharma_qc-020-007,ng/mL,[],manual,synthetic demo downward step after lot change
demo-pharma_qc-lcms-drug-06-metabolite-m1,35.0,2026-02-16T22:10:00Z,Metabolite M1,Drug panel L1,LCMS Drug-06,LC-MS Drug Panel,pharma_qc-demo,PHA-RG-1,PHA-20-A,ok,pharma_qc-020-008,ng/mL,[],manual,synthetic demo downward step after lot change
demo-pharma_qc-lcms-drug-06-metabolite-m1,34.85,2026-02-17T00:10:00Z,Metabolite M1,Drug panel L1,LCMS Drug-06,LC-MS Drug Panel,pharma_qc-demo,PHA-RG-1,PHA-20-A,ok,pharma_qc-020-009,ng/mL,[],manual,synthetic demo downward step after lot change
demo-pharma_qc-lcms-drug-06-metabolite-m1,35.15,2026-02-17T02:10:00Z,Metabolite M1,Drug panel L1,LCMS Drug-06,LC-MS Drug Panel,pharma_qc-demo,PHA-RG-1,PHA-20-A,ok,pharma_qc-020-010,ng/mL,[],manual,synthetic demo downward step after lot change
demo-pharma_qc-lcms-drug-06-metabolite-m1,35.0,2026-02-17T04:10:00Z,Metabolite M1,Drug panel L1,LCMS Drug-06,LC-MS Drug Panel,pharma_qc-demo,PHA-RG-1,PHA-20-A,ok,pharma_qc-020-011,ng/mL,[],manual,synthetic demo downward step after lot change
demo-pharma_qc-lcms-drug-06-metabolite-m1,34.7,2026-02-17T06:10:00Z,Metabolite M1,Drug panel L1,LCMS Drug-06,LC-MS Drug Panel,pharma_qc-demo,PHA-RG-1,PHA-20-A,ok,pharma_qc-020-012,ng/mL,[],manual,synthetic demo downward step after lot change
demo-pharma_qc-lcms-drug-06-metabolite-m1,34.85,2026-02-17T08:10:00Z,Metabolite M1,Drug panel L1,LCMS Drug-06,LC-MS Drug Panel,pharma_qc-demo,PHA-RG-1,PHA-20-A,ok,pharma_qc-020-013,ng/mL,[],manual,synthetic demo downward step after lot change
demo-pharma_qc-lcms-drug-06-metabolite-m1,35.0,2026-02-17T10:10:00Z,Metabolite M1,Drug panel L1,LCMS Drug-06,LC-MS Drug Panel,pharma_qc-demo,PHA-RG-1,PHA-20-A,ok,pharma_qc-020-014,ng/mL,[],manual,synthetic demo downward step after lot change
demo-pharma_qc-lcms-drug-06-metabolite-m1,35.15,2026-02-17T12:10:00Z,Metabolite M1,Drug panel L1,LCMS Drug-06,LC-MS Drug Panel,pharma_qc-demo,PHA-RG-1,PHA-20-A,ok,pharma_qc-020-015,ng/mL,[],manual,synthetic demo downward step after lot change
demo-pharma_qc-lcms-drug-06-metabolite-m1,33.2,2026-02-17T14:10:00Z,Metabolite M1,Drug panel L1,LCMS Drug-06,LC-MS Drug Panel,pharma_qc-demo,PHA-RG-2,PHA-20-B,ok,pharma_qc-020-016,ng/mL,[],manual,synthetic demo downward step after lot change
demo-pharma_qc-lcms-drug-06-metabolite-m1,32.9,2026-02-17T16:10:00Z,Metabolite M1,Drug panel L1,LCMS Drug-06,LC-MS Drug Panel,pharma_qc-demo,PHA-RG-2,PHA-20-B,ok,pharma_qc-020-017,ng/mL,[],manual,synthetic demo downward step after lot change
demo-pharma_qc-lcms-drug-06-metabolite-m1,32.75,2026-02-17T18:10:00Z,Metabolite M1,Drug panel L1,LCMS Drug-06,LC-MS Drug Panel,pharma_qc-demo,PHA-RG-2,PHA-20-B,ok,pharma_qc-020-018,ng/mL,[],manual,synthetic demo downward step after lot change
demo-pharma_qc-lcms-drug-06-metabolite-m1,32.9,2026-02-17T20:10:00Z,Metabolite M1,Drug panel L1,LCMS Drug-06,LC-MS Drug Panel,pharma_qc-demo,PHA-RG-2,PHA-20-B,ok,pharma_qc-020-019,ng/mL,[],manual,synthetic demo downward step after lot change
demo-pharma_qc-lcms-drug-06-metabolite-m1,32.6,2026-02-17T22:10:00Z,Metabolite M1,Drug panel L1,LCMS Drug-06,LC-MS Drug Panel,pharma_qc-demo,PHA-RG-2,PHA-20-B,ok,pharma_qc-020-020,ng/mL,[],manual,synthetic demo downward step after lot change
demo-pharma_qc-lcms-drug-06-metabolite-m1,32.75,2026-02-18T00:10:00Z,Metabolite M1,Drug panel L1,LCMS Drug-06,LC-MS Drug Panel,pharma_qc-demo,PHA-RG-2,PHA-20-B,ok,pharma_qc-020-021,ng/mL,[],manual,synthetic demo downward step after lot change
demo-pharma_qc-lcms-drug-06-metabolite-m1,32.9,2026-02-18T02:10:00Z,Metabolite M1,Drug panel L1,LCMS Drug-06,LC-MS Drug Panel,pharma_qc-demo,PHA-RG-2,PHA-20-B,ok,pharma_qc-020-022,ng/mL,[],manual,synthetic demo downward step after lot change
demo-pharma_qc-lcms-drug-06-metabolite-m1,32.6,2026-02-18T04:10:00Z,Metabolite M1,Drug panel L1,LCMS Drug-06,LC-MS Drug Panel,pharma_qc-demo,PHA-RG-2,PHA-20-B,ok,pharma_qc-020-023,ng/mL,[],manual,synthetic demo downward step after lot change
demo-pharma_qc-lcms-drug-06-metabolite-m1,32.75,2026-02-18T06:10:00Z,Metabolite M1,Drug panel L1,LCMS Drug-06,LC-MS Drug Panel,pharma_qc-demo,PHA-RG-2,PHA-20-B,ok,pharma_qc-020-024,ng/mL,[],manual,synthetic demo downward step after lot change
demo-pharma_qc-lcms-drug-06-metabolite-m1,32.9,2026-02-18T08:10:00Z,Metabolite M1,Drug panel L1,LCMS Drug-06,LC-MS Drug Panel,pharma_qc-demo,PHA-RG-2,PHA-20-B,ok,pharma_qc-020-025,ng/mL,[],manual,synthetic demo downward step after lot change
demo-pharma_qc-lcms-drug-06-internal-standard-area,1.0,2026-02-16T08:15:00Z,Internal Standard Area,System suitability,LCMS Drug-06,LC-MS Drug Panel,pharma_qc-demo,PHA-RG-1,PHA-21-A,ok,pharma_qc-021-001,area ratio,[],manual,synthetic demo slow low drift
demo-pharma_qc-lcms-drug-06-internal-standard-area,0.996,2026-02-16T10:15:00Z,Internal Standard Area,System suitability,LCMS Drug-06,LC-MS Drug Panel,pharma_qc-demo,PHA-RG-1,PHA-21-A,ok,pharma_qc-021-002,area ratio,[],manual,synthetic demo slow low drift
demo-pharma_qc-lcms-drug-06-internal-standard-area,0.988,2026-02-16T12:15:00Z,Internal Standard Area,System suitability,LCMS Drug-06,LC-MS Drug Panel,pharma_qc-demo,PHA-RG-1,PHA-21-A,ok,pharma_qc-021-003,area ratio,[],manual,synthetic demo slow low drift
demo-pharma_qc-lcms-drug-06-internal-standard-area,0.98,2026-02-16T14:15:00Z,Internal Standard Area,System suitability,LCMS Drug-06,LC-MS Drug Panel,pharma_qc-demo,PHA-RG-1,PHA-21-A,ok,pharma_qc-021-004,area ratio,[],manual,synthetic demo slow low drift
demo-pharma_qc-lcms-drug-06-internal-standard-area,0.972,2026-02-16T16:15:00Z,Internal Standard Area,System suitability,LCMS Drug-06,LC-MS Drug Panel,pharma_qc-demo,PHA-RG-1,PHA-21-A,ok,pharma_qc-021-005,area ratio,[],manual,synthetic demo slow low drift
demo-pharma_qc-lcms-drug-06-internal-standard-area,0.964,2026-02-16T18:15:00Z,Internal Standard Area,System suitability,LCMS Drug-06,LC-MS Drug Panel,pharma_qc-demo,PHA-RG-1,PHA-21-A,ok,pharma_qc-021-006,area ratio,[],manual,synthetic demo slow low drift
demo-pharma_qc-lcms-drug-06-internal-standard-area,0.956,2026-02-16T20:15:00Z,Internal Standard Area,System suitability,LCMS Drug-06,LC-MS Drug Panel,pharma_qc-demo,PHA-RG-1,PHA-21-A,ok,pharma_qc-021-007,area ratio,[],manual,synthetic demo slow low drift
demo-pharma_qc-lcms-drug-06-internal-standard-area,0.948,2026-02-16T22:15:00Z,Internal Standard Area,System suitability,LCMS Drug-06,LC-MS Drug Panel,pharma_qc-demo,PHA-RG-1,PHA-21-A,ok,pharma_qc-021-008,area ratio,[],manual,synthetic demo slow low drift
demo-pharma_qc-lcms-drug-06-internal-standard-area,0.94,2026-02-17T00:15:00Z,Internal Standard Area,System suitability,LCMS Drug-06,LC-MS Drug Panel,pharma_qc-demo,PHA-RG-1,PHA-21-A,ok,pharma_qc-021-009,area ratio,[],manual,synthetic demo slow low drift
demo-pharma_qc-lcms-drug-06-internal-standard-area,0.932,2026-02-17T02:15:00Z,Internal Standard Area,System suitability,LCMS Drug-06,LC-MS Drug Panel,pharma_qc-demo,PHA-RG-1,PHA-21-A,ok,pharma_qc-021-010,area ratio,[],manual,synthetic demo slow low drift
demo-pharma_qc-lcms-drug-06-internal-standard-area,0.924,2026-02-17T04:15:00Z,Internal Standard Area,System suitability,LCMS Drug-06,LC-MS Drug Panel,pharma_qc-demo,PHA-RG-1,PHA-21-A,ok,pharma_qc-021-011,area ratio,[],manual,synthetic demo slow low drift
demo-pharma_qc-lcms-drug-06-internal-standard-area,0.916,2026-02-17T06:15:00Z,Internal Standard Area,System suitability,LCMS Drug-06,LC-MS Drug Panel,pharma_qc-demo,PHA-RG-1,PHA-21-A,ok,pharma_qc-021-012,area ratio,[],manual,synthetic demo slow low drift
demo-pharma_qc-lcms-drug-06-internal-standard-area,0.912,2026-02-17T08:15:00Z,Internal Standard Area,System suitability,LCMS Drug-06,LC-MS Drug Panel,pharma_qc-demo,PHA-RG-1,PHA-21-A,ok,pharma_qc-021-013,area ratio,[],manual,synthetic demo slow low drift
demo-pharma_qc-lcms-drug-06-internal-standard-area,0.908,2026-02-17T10:15:00Z,Internal Standard Area,System suitability,LCMS Drug-06,LC-MS Drug Panel,pharma_qc-demo,PHA-RG-1,PHA-21-A,ok,pharma_qc-021-014,area ratio,[],manual,synthetic demo slow low drift
demo-pharma_qc-lcms-drug-06-internal-standard-area,0.904,2026-02-17T12:15:00Z,Internal Standard Area,System suitability,LCMS Drug-06,LC-MS Drug Panel,pharma_qc-demo,PHA-RG-1,PHA-21-A,ok,pharma_qc-021-015,area ratio,[],manual,synthetic demo slow low drift
demo-pharma_qc-lcms-drug-06-internal-standard-area,0.9,2026-02-17T14:15:00Z,Internal Standard Area,System suitability,LCMS Drug-06,LC-MS Drug Panel,pharma_qc-demo,PHA-RG-2,PHA-21-B,ok,pharma_qc-021-016,area ratio,[],manual,synthetic demo slow low drift
demo-pharma_qc-lcms-drug-06-internal-standard-area,0.896,2026-02-17T16:15:00Z,Internal Standard Area,System suitability,LCMS Drug-06,LC-MS Drug Panel,pharma_qc-demo,PHA-RG-2,PHA-21-B,ok,pharma_qc-021-017,area ratio,[],manual,synthetic demo slow low drift
demo-pharma_qc-lcms-drug-06-internal-standard-area,0.892,2026-02-17T18:15:00Z,Internal Standard Area,System suitability,LCMS Drug-06,LC-MS Drug Panel,pharma_qc-demo,PHA-RG-2,PHA-21-B,ok,pharma_qc-021-018,area ratio,[],manual,synthetic demo slow low drift
demo-pharma_qc-lcms-drug-06-internal-standard-area,0.888,2026-02-17T20:15:00Z,Internal Standard Area,System suitability,LCMS Drug-06,LC-MS Drug Panel,pharma_qc-demo,PHA-RG-2,PHA-21-B,ok,pharma_qc-021-019,area ratio,[],manual,synthetic demo slow low drift
demo-pharma_qc-lcms-drug-06-internal-standard-area,0.884,2026-02-17T22:15:00Z,Internal Standard Area,System suitability,LCMS Drug-06,LC-MS Drug Panel,pharma_qc-demo,PHA-RG-2,PHA-21-B,ok,pharma_qc-021-020,area ratio,[],manual,synthetic demo slow low drift
demo-pharma_qc-lcms-drug-06-internal-standard-area,0.88,2026-02-18T00:15:00Z,Internal Standard Area,System suitability,LCMS Drug-06,LC-MS Drug Panel,pharma_qc-demo,PHA-RG-2,PHA-21-B,ok,pharma_qc-021-021,area ratio,[],manual,synthetic demo slow low drift
demo-pharma_qc-lcms-drug-06-internal-standard-area,0.876,2026-02-18T02:15:00Z,Internal Standard Area,System suitability,LCMS Drug-06,LC-MS Drug Panel,pharma_qc-demo,PHA-RG-2,PHA-21-B,ok,pharma_qc-021-022,area ratio,[],manual,synthetic demo slow low drift
demo-pharma_qc-lcms-drug-06-internal-standard-area,0.872,2026-02-18T04:15:00Z,Internal Standard Area,System suitability,LCMS Drug-06,LC-MS Drug Panel,pharma_qc-demo,PHA-RG-2,PHA-21-B,ok,pharma_qc-021-023,area ratio,[],manual,synthetic demo slow low drift
demo-pharma_qc-lcms-drug-06-internal-standard-area,0.868,2026-02-18T06:15:00Z,Internal Standard Area,System suitability,LCMS Drug-06,LC-MS Drug Panel,pharma_qc-demo,PHA-RG-2,PHA-21-B,ok,pharma_qc-021-024,area ratio,[],manual,synthetic demo slow low drift
demo-pharma_qc-lcms-drug-06-internal-standard-area,0.864,2026-02-18T08:15:00Z,Internal Standard Area,System suitability,LCMS Drug-06,LC-MS Drug Panel,pharma_qc-demo,PHA-RG-2,PHA-21-B,ok,pharma_qc-021-025,area ratio,[],manual,synthetic demo slow low drift
demo-pharma_qc-toc-clean-07-toc-rinse,60.0,2026-02-16T08:20:00Z,TOC Rinse,Cleaning QC,TOC Clean-07,TOC,pharma_qc-demo,PHA-RG-1,PHA-22-A,ok,pharma_qc-022-001,ppb,[],manual,synthetic demo R-4s precision failure
demo-pharma_qc-toc-clean-07-toc-rinse,60.4,2026-02-16T10:20:00Z,TOC Rinse,Cleaning QC,TOC Clean-07,TOC,pharma_qc-demo,PHA-RG-1,PHA-22-A,ok,pharma_qc-022-002,ppb,[],manual,synthetic demo R-4s precision failure
demo-pharma_qc-toc-clean-07-toc-rinse,68.8,2026-02-16T12:20:00Z,TOC Rinse,Cleaning QC,TOC Clean-07,TOC,pharma_qc-demo,PHA-RG-1,PHA-22-A,ok,pharma_qc-022-003,ppb,[],manual,synthetic demo R-4s precision failure
demo-pharma_qc-toc-clean-07-toc-rinse,51.2,2026-02-16T14:20:00Z,TOC Rinse,Cleaning QC,TOC Clean-07,TOC,pharma_qc-demo,PHA-RG-1,PHA-22-A,ok,pharma_qc-022-004,ppb,[],manual,synthetic demo R-4s precision failure
demo-pharma_qc-toc-clean-07-toc-rinse,68.4,2026-02-16T16:20:00Z,TOC Rinse,Cleaning QC,TOC Clean-07,TOC,pharma_qc-demo,PHA-RG-1,PHA-22-A,ok,pharma_qc-022-005,ppb,[],manual,synthetic demo R-4s precision failure
demo-pharma_qc-toc-clean-07-toc-rinse,51.6,2026-02-16T18:20:00Z,TOC Rinse,Cleaning QC,TOC Clean-07,TOC,pharma_qc-demo,PHA-RG-1,PHA-22-A,ok,pharma_qc-022-006,ppb,[],manual,synthetic demo R-4s precision failure
demo-pharma_qc-toc-clean-07-toc-rinse,67.2,2026-02-16T20:20:00Z,TOC Rinse,Cleaning QC,TOC Clean-07,TOC,pharma_qc-demo,PHA-RG-1,PHA-22-A,ok,pharma_qc-022-007,ppb,[],manual,synthetic demo R-4s precision failure
demo-pharma_qc-toc-clean-07-toc-rinse,53.2,2026-02-16T22:20:00Z,TOC Rinse,Cleaning QC,TOC Clean-07,TOC,pharma_qc-demo,PHA-RG-1,PHA-22-A,ok,pharma_qc-022-008,ppb,[],manual,synthetic demo R-4s precision failure
demo-pharma_qc-toc-clean-07-toc-rinse,66.0,2026-02-17T00:20:00Z,TOC Rinse,Cleaning QC,TOC Clean-07,TOC,pharma_qc-demo,PHA-RG-1,PHA-22-A,ok,pharma_qc-022-009,ppb,[],manual,synthetic demo R-4s precision failure
demo-pharma_qc-toc-clean-07-toc-rinse,54.4,2026-02-17T02:20:00Z,TOC Rinse,Cleaning QC,TOC Clean-07,TOC,pharma_qc-demo,PHA-RG-1,PHA-22-A,ok,pharma_qc-022-010,ppb,[],manual,synthetic demo R-4s precision failure
demo-pharma_qc-toc-clean-07-toc-rinse,64.8,2026-02-17T04:20:00Z,TOC Rinse,Cleaning QC,TOC Clean-07,TOC,pharma_qc-demo,PHA-RG-1,PHA-22-A,ok,pharma_qc-022-011,ppb,[],manual,synthetic demo R-4s precision failure
demo-pharma_qc-toc-clean-07-toc-rinse,55.6,2026-02-17T06:20:00Z,TOC Rinse,Cleaning QC,TOC Clean-07,TOC,pharma_qc-demo,PHA-RG-1,PHA-22-A,ok,pharma_qc-022-012,ppb,[],manual,synthetic demo R-4s precision failure
demo-pharma_qc-toc-clean-07-toc-rinse,63.2,2026-02-17T08:20:00Z,TOC Rinse,Cleaning QC,TOC Clean-07,TOC,pharma_qc-demo,PHA-RG-1,PHA-22-A,ok,pharma_qc-022-013,ppb,[],manual,synthetic demo R-4s precision failure
demo-pharma_qc-toc-clean-07-toc-rinse,57.2,2026-02-17T10:20:00Z,TOC Rinse,Cleaning QC,TOC Clean-07,TOC,pharma_qc-demo,PHA-RG-1,PHA-22-A,ok,pharma_qc-022-014,ppb,[],manual,synthetic demo R-4s precision failure
demo-pharma_qc-toc-clean-07-toc-rinse,61.6,2026-02-17T12:20:00Z,TOC Rinse,Cleaning QC,TOC Clean-07,TOC,pharma_qc-demo,PHA-RG-1,PHA-22-A,ok,pharma_qc-022-015,ppb,[],manual,synthetic demo R-4s precision failure
demo-pharma_qc-toc-clean-07-toc-rinse,58.8,2026-02-17T14:20:00Z,TOC Rinse,Cleaning QC,TOC Clean-07,TOC,pharma_qc-demo,PHA-RG-2,PHA-22-B,ok,pharma_qc-022-016,ppb,[],manual,synthetic demo R-4s precision failure
demo-pharma_qc-toc-clean-07-toc-rinse,60.8,2026-02-17T16:20:00Z,TOC Rinse,Cleaning QC,TOC Clean-07,TOC,pharma_qc-demo,PHA-RG-2,PHA-22-B,ok,pharma_qc-022-017,ppb,[],manual,synthetic demo R-4s precision failure
demo-pharma_qc-toc-clean-07-toc-rinse,59.2,2026-02-17T18:20:00Z,TOC Rinse,Cleaning QC,TOC Clean-07,TOC,pharma_qc-demo,PHA-RG-2,PHA-22-B,ok,pharma_qc-022-018,ppb,[],manual,synthetic demo R-4s precision failure
demo-pharma_qc-toc-clean-07-toc-rinse,60.4,2026-02-17T20:20:00Z,TOC Rinse,Cleaning QC,TOC Clean-07,TOC,pharma_qc-demo,PHA-RG-2,PHA-22-B,ok,pharma_qc-022-019,ppb,[],manual,synthetic demo R-4s precision failure
demo-pharma_qc-toc-clean-07-toc-rinse,60.0,2026-02-17T22:20:00Z,TOC Rinse,Cleaning QC,TOC Clean-07,TOC,pharma_qc-demo,PHA-RG-2,PHA-22-B,ok,pharma_qc-022-020,ppb,[],manual,synthetic demo R-4s precision failure
demo-pharma_qc-toc-clean-07-toc-rinse,59.6,2026-02-18T00:20:00Z,TOC Rinse,Cleaning QC,TOC Clean-07,TOC,pharma_qc-demo,PHA-RG-2,PHA-22-B,ok,pharma_qc-022-021,ppb,[],manual,synthetic demo R-4s precision failure
demo-pharma_qc-toc-clean-07-toc-rinse,60.4,2026-02-18T02:20:00Z,TOC Rinse,Cleaning QC,TOC Clean-07,TOC,pharma_qc-demo,PHA-RG-2,PHA-22-B,ok,pharma_qc-022-022,ppb,[],manual,synthetic demo R-4s precision failure
demo-pharma_qc-toc-clean-07-toc-rinse,60.0,2026-02-18T04:20:00Z,TOC Rinse,Cleaning QC,TOC Clean-07,TOC,pharma_qc-demo,PHA-RG-2,PHA-22-B,ok,pharma_qc-022-023,ppb,[],manual,synthetic demo R-4s precision failure
demo-pharma_qc-toc-clean-07-toc-rinse,59.6,2026-02-18T06:20:00Z,TOC Rinse,Cleaning QC,TOC Clean-07,TOC,pharma_qc-demo,PHA-RG-2,PHA-22-B,ok,pharma_qc-022-024,ppb,[],manual,synthetic demo R-4s precision failure
demo-pharma_qc-toc-clean-07-toc-rinse,60.0,2026-02-18T08:20:00Z,TOC Rinse,Cleaning QC,TOC Clean-07,TOC,pharma_qc-demo,PHA-RG-2,PHA-22-B,ok,pharma_qc-022-025,ppb,[],manual,synthetic demo R-4s precision failure
demo-pharma_qc-toc-clean-07-toc-wfi,180.0,2026-02-16T08:25:00Z,TOC WFI,Water QC,TOC Clean-07,TOC,pharma_qc-demo,PHA-RG-1,PHA-23-A,ok,pharma_qc-023-001,ppb,[],manual,synthetic demo duplicate retry cluster
demo-pharma_qc-toc-clean-07-toc-wfi,180.0,2026-02-16T10:25:00Z,TOC WFI,Water QC,TOC Clean-07,TOC,pharma_qc-demo,PHA-RG-1,PHA-23-A,ok,pharma_qc-023-002,ppb,[],manual,synthetic demo duplicate retry cluster
demo-pharma_qc-toc-clean-07-toc-wfi,180.8,2026-02-16T12:25:00Z,TOC WFI,Water QC,TOC Clean-07,TOC,pharma_qc-demo,PHA-RG-1,PHA-23-A,ok,pharma_qc-023-003,ppb,[],manual,synthetic demo duplicate retry cluster
demo-pharma_qc-toc-clean-07-toc-wfi,180.8,2026-02-16T14:25:00Z,TOC WFI,Water QC,TOC Clean-07,TOC,pharma_qc-demo,PHA-RG-1,PHA-23-A,ok,pharma_qc-023-004,ppb,[],manual,synthetic demo duplicate retry cluster
demo-pharma_qc-toc-clean-07-toc-wfi,180.8,2026-02-16T16:25:00Z,TOC WFI,Water QC,TOC Clean-07,TOC,pharma_qc-demo,PHA-RG-1,PHA-23-A,ok,pharma_qc-023-005,ppb,[],manual,synthetic demo duplicate retry cluster
demo-pharma_qc-toc-clean-07-toc-wfi,179.2,2026-02-16T18:25:00Z,TOC WFI,Water QC,TOC Clean-07,TOC,pharma_qc-demo,PHA-RG-1,PHA-23-A,ok,pharma_qc-023-006,ppb,[],manual,synthetic demo duplicate retry cluster
demo-pharma_qc-toc-clean-07-toc-wfi,179.2,2026-02-16T20:25:00Z,TOC WFI,Water QC,TOC Clean-07,TOC,pharma_qc-demo,PHA-RG-1,PHA-23-A,ok,pharma_qc-023-007,ppb,[],manual,synthetic demo duplicate retry cluster
demo-pharma_qc-toc-clean-07-toc-wfi,180.0,2026-02-16T22:25:00Z,TOC WFI,Water QC,TOC Clean-07,TOC,pharma_qc-demo,PHA-RG-1,PHA-23-A,ok,pharma_qc-023-008,ppb,[],manual,synthetic demo duplicate retry cluster
demo-pharma_qc-toc-clean-07-toc-wfi,181.6,2026-02-17T00:25:00Z,TOC WFI,Water QC,TOC Clean-07,TOC,pharma_qc-demo,PHA-RG-1,PHA-23-A,ok,pharma_qc-023-009,ppb,[],manual,synthetic demo duplicate retry cluster
demo-pharma_qc-toc-clean-07-toc-wfi,181.6,2026-02-17T02:25:00Z,TOC WFI,Water QC,TOC Clean-07,TOC,pharma_qc-demo,PHA-RG-1,PHA-23-A,ok,pharma_qc-023-010,ppb,[],manual,synthetic demo duplicate retry cluster
demo-pharma_qc-toc-clean-07-toc-wfi,180.8,2026-02-17T04:25:00Z,TOC WFI,Water QC,TOC Clean-07,TOC,pharma_qc-demo,PHA-RG-1,PHA-23-A,ok,pharma_qc-023-011,ppb,[],manual,synthetic demo duplicate retry cluster
demo-pharma_qc-toc-clean-07-toc-wfi,180.0,2026-02-17T06:25:00Z,TOC WFI,Water QC,TOC Clean-07,TOC,pharma_qc-demo,PHA-RG-1,PHA-23-A,ok,pharma_qc-023-012,ppb,[],manual,synthetic demo duplicate retry cluster
demo-pharma_qc-toc-clean-07-toc-wfi,180.0,2026-02-17T08:25:00Z,TOC WFI,Water QC,TOC Clean-07,TOC,pharma_qc-demo,PHA-RG-1,PHA-23-A,ok,pharma_qc-023-013,ppb,[],manual,synthetic demo duplicate retry cluster
demo-pharma_qc-toc-clean-07-toc-wfi,179.2,2026-02-17T10:25:00Z,TOC WFI,Water QC,TOC Clean-07,TOC,pharma_qc-demo,PHA-RG-1,PHA-23-A,ok,pharma_qc-023-014,ppb,[],manual,synthetic demo duplicate retry cluster
demo-pharma_qc-toc-clean-07-toc-wfi,180.0,2026-02-17T12:25:00Z,TOC WFI,Water QC,TOC Clean-07,TOC,pharma_qc-demo,PHA-RG-1,PHA-23-A,ok,pharma_qc-023-015,ppb,[],manual,synthetic demo duplicate retry cluster
demo-pharma_qc-toc-clean-07-toc-wfi,182.4,2026-02-17T14:25:00Z,TOC WFI,Water QC,TOC Clean-07,TOC,pharma_qc-demo,PHA-RG-2,PHA-23-B,ok,pharma_qc-023-016,ppb,[],manual,synthetic demo duplicate retry cluster
demo-pharma_qc-toc-clean-07-toc-wfi,181.6,2026-02-17T16:25:00Z,TOC WFI,Water QC,TOC Clean-07,TOC,pharma_qc-demo,PHA-RG-2,PHA-23-B,ok,pharma_qc-023-017,ppb,[],manual,synthetic demo duplicate retry cluster
demo-pharma_qc-toc-clean-07-toc-wfi,182.4,2026-02-17T18:25:00Z,TOC WFI,Water QC,TOC Clean-07,TOC,pharma_qc-demo,PHA-RG-2,PHA-23-B,ok,pharma_qc-023-018,ppb,[],manual,synthetic demo duplicate retry cluster
demo-pharma_qc-toc-clean-07-toc-wfi,181.6,2026-02-17T20:25:00Z,TOC WFI,Water QC,TOC Clean-07,TOC,pharma_qc-demo,PHA-RG-2,PHA-23-B,ok,pharma_qc-023-019,ppb,[],manual,synthetic demo duplicate retry cluster
demo-pharma_qc-toc-clean-07-toc-wfi,180.8,2026-02-17T22:25:00Z,TOC WFI,Water QC,TOC Clean-07,TOC,pharma_qc-demo,PHA-RG-2,PHA-23-B,ok,pharma_qc-023-020,ppb,[],manual,synthetic demo duplicate retry cluster
demo-pharma_qc-toc-clean-07-toc-wfi,181.6,2026-02-18T00:25:00Z,TOC WFI,Water QC,TOC Clean-07,TOC,pharma_qc-demo,PHA-RG-2,PHA-23-B,ok,pharma_qc-023-021,ppb,[],manual,synthetic demo duplicate retry cluster
demo-pharma_qc-toc-clean-07-toc-wfi,180.8,2026-02-18T02:25:00Z,TOC WFI,Water QC,TOC Clean-07,TOC,pharma_qc-demo,PHA-RG-2,PHA-23-B,ok,pharma_qc-023-022,ppb,[],manual,synthetic demo duplicate retry cluster
demo-pharma_qc-toc-clean-07-toc-wfi,180.0,2026-02-18T04:25:00Z,TOC WFI,Water QC,TOC Clean-07,TOC,pharma_qc-demo,PHA-RG-2,PHA-23-B,ok,pharma_qc-023-023,ppb,[],manual,synthetic demo duplicate retry cluster
demo-pharma_qc-toc-clean-07-toc-wfi,180.8,2026-02-18T06:25:00Z,TOC WFI,Water QC,TOC Clean-07,TOC,pharma_qc-demo,PHA-RG-2,PHA-23-B,ok,pharma_qc-023-024,ppb,[],manual,synthetic demo duplicate retry cluster
demo-pharma_qc-toc-clean-07-toc-wfi,180.0,2026-02-18T08:25:00Z,TOC WFI,Water QC,TOC Clean-07,TOC,pharma_qc-demo,PHA-RG-2,PHA-23-B,ok,pharma_qc-023-025,ppb,[],manual,synthetic demo duplicate retry cluster
demo-pharma_qc-gc-solvent-08-residual-ethanol,1200.0,2026-02-16T08:00:00Z,Residual Ethanol,Residual solvent QC,GC Solvent-08,GC Residual Solvent,pharma_qc-demo,PHA-RG-1,PHA-24-A,ok,pharma_qc-024-001,ppm,[],manual,synthetic demo stable second-lot baseline
demo-pharma_qc-gc-solvent-08-residual-ethanol,1204.5,2026-02-16T10:00:00Z,Residual Ethanol,Residual solvent QC,GC Solvent-08,GC Residual Solvent,pharma_qc-demo,PHA-RG-1,PHA-24-A,ok,pharma_qc-024-002,ppm,[],manual,synthetic demo stable second-lot baseline
demo-pharma_qc-gc-solvent-08-residual-ethanol,1195.5,2026-02-16T12:00:00Z,Residual Ethanol,Residual solvent QC,GC Solvent-08,GC Residual Solvent,pharma_qc-demo,PHA-RG-1,PHA-24-A,ok,pharma_qc-024-003,ppm,[],manual,synthetic demo stable second-lot baseline
demo-pharma_qc-gc-solvent-08-residual-ethanol,1209.0,2026-02-16T14:00:00Z,Residual Ethanol,Residual solvent QC,GC Solvent-08,GC Residual Solvent,pharma_qc-demo,PHA-RG-1,PHA-24-A,ok,pharma_qc-024-004,ppm,[],manual,synthetic demo stable second-lot baseline
demo-pharma_qc-gc-solvent-08-residual-ethanol,1191.0,2026-02-16T16:00:00Z,Residual Ethanol,Residual solvent QC,GC Solvent-08,GC Residual Solvent,pharma_qc-demo,PHA-RG-1,PHA-24-A,ok,pharma_qc-024-005,ppm,[],manual,synthetic demo stable second-lot baseline
demo-pharma_qc-gc-solvent-08-residual-ethanol,1204.5,2026-02-16T18:00:00Z,Residual Ethanol,Residual solvent QC,GC Solvent-08,GC Residual Solvent,pharma_qc-demo,PHA-RG-1,PHA-24-A,ok,pharma_qc-024-006,ppm,[],manual,synthetic demo stable second-lot baseline
demo-pharma_qc-gc-solvent-08-residual-ethanol,1200.0,2026-02-16T20:00:00Z,Residual Ethanol,Residual solvent QC,GC Solvent-08,GC Residual Solvent,pharma_qc-demo,PHA-RG-1,PHA-24-A,ok,pharma_qc-024-007,ppm,[],manual,synthetic demo stable second-lot baseline
demo-pharma_qc-gc-solvent-08-residual-ethanol,1195.5,2026-02-16T22:00:00Z,Residual Ethanol,Residual solvent QC,GC Solvent-08,GC Residual Solvent,pharma_qc-demo,PHA-RG-1,PHA-24-A,ok,pharma_qc-024-008,ppm,[],manual,synthetic demo stable second-lot baseline
demo-pharma_qc-gc-solvent-08-residual-ethanol,1209.0,2026-02-17T00:00:00Z,Residual Ethanol,Residual solvent QC,GC Solvent-08,GC Residual Solvent,pharma_qc-demo,PHA-RG-1,PHA-24-A,ok,pharma_qc-024-009,ppm,[],manual,synthetic demo stable second-lot baseline
demo-pharma_qc-gc-solvent-08-residual-ethanol,1204.5,2026-02-17T02:00:00Z,Residual Ethanol,Residual solvent QC,GC Solvent-08,GC Residual Solvent,pharma_qc-demo,PHA-RG-1,PHA-24-A,ok,pharma_qc-024-010,ppm,[],manual,synthetic demo stable second-lot baseline
demo-pharma_qc-gc-solvent-08-residual-ethanol,1191.0,2026-02-17T04:00:00Z,Residual Ethanol,Residual solvent QC,GC Solvent-08,GC Residual Solvent,pharma_qc-demo,PHA-RG-1,PHA-24-A,ok,pharma_qc-024-011,ppm,[],manual,synthetic demo stable second-lot baseline
demo-pharma_qc-gc-solvent-08-residual-ethanol,1200.0,2026-02-17T06:00:00Z,Residual Ethanol,Residual solvent QC,GC Solvent-08,GC Residual Solvent,pharma_qc-demo,PHA-RG-1,PHA-24-A,ok,pharma_qc-024-012,ppm,[],manual,synthetic demo stable second-lot baseline
demo-pharma_qc-gc-solvent-08-residual-ethanol,1204.5,2026-02-17T08:00:00Z,Residual Ethanol,Residual solvent QC,GC Solvent-08,GC Residual Solvent,pharma_qc-demo,PHA-RG-1,PHA-24-A,ok,pharma_qc-024-013,ppm,[],manual,synthetic demo stable second-lot baseline
demo-pharma_qc-gc-solvent-08-residual-ethanol,1195.5,2026-02-17T10:00:00Z,Residual Ethanol,Residual solvent QC,GC Solvent-08,GC Residual Solvent,pharma_qc-demo,PHA-RG-1,PHA-24-A,ok,pharma_qc-024-014,ppm,[],manual,synthetic demo stable second-lot baseline
demo-pharma_qc-gc-solvent-08-residual-ethanol,1200.0,2026-02-17T12:00:00Z,Residual Ethanol,Residual solvent QC,GC Solvent-08,GC Residual Solvent,pharma_qc-demo,PHA-RG-1,PHA-24-A,ok,pharma_qc-024-015,ppm,[],manual,synthetic demo stable second-lot baseline
demo-pharma_qc-gc-solvent-08-residual-ethanol,1209.0,2026-02-17T14:00:00Z,Residual Ethanol,Residual solvent QC,GC Solvent-08,GC Residual Solvent,pharma_qc-demo,PHA-RG-2,PHA-24-B,ok,pharma_qc-024-016,ppm,[],manual,synthetic demo stable second-lot baseline
demo-pharma_qc-gc-solvent-08-residual-ethanol,1191.0,2026-02-17T16:00:00Z,Residual Ethanol,Residual solvent QC,GC Solvent-08,GC Residual Solvent,pharma_qc-demo,PHA-RG-2,PHA-24-B,ok,pharma_qc-024-017,ppm,[],manual,synthetic demo stable second-lot baseline
demo-pharma_qc-gc-solvent-08-residual-ethanol,1204.5,2026-02-17T18:00:00Z,Residual Ethanol,Residual solvent QC,GC Solvent-08,GC Residual Solvent,pharma_qc-demo,PHA-RG-2,PHA-24-B,ok,pharma_qc-024-018,ppm,[],manual,synthetic demo stable second-lot baseline
demo-pharma_qc-gc-solvent-08-residual-ethanol,1200.0,2026-02-17T20:00:00Z,Residual Ethanol,Residual solvent QC,GC Solvent-08,GC Residual Solvent,pharma_qc-demo,PHA-RG-2,PHA-24-B,ok,pharma_qc-024-019,ppm,[],manual,synthetic demo stable second-lot baseline
demo-pharma_qc-gc-solvent-08-residual-ethanol,1195.5,2026-02-17T22:00:00Z,Residual Ethanol,Residual solvent QC,GC Solvent-08,GC Residual Solvent,pharma_qc-demo,PHA-RG-2,PHA-24-B,ok,pharma_qc-024-020,ppm,[],manual,synthetic demo stable second-lot baseline
demo-pharma_qc-gc-solvent-08-residual-ethanol,1204.5,2026-02-18T00:00:00Z,Residual Ethanol,Residual solvent QC,GC Solvent-08,GC Residual Solvent,pharma_qc-demo,PHA-RG-2,PHA-24-B,ok,pharma_qc-024-021,ppm,[],manual,synthetic demo stable second-lot baseline
demo-pharma_qc-gc-solvent-08-residual-ethanol,1200.0,2026-02-18T02:00:00Z,Residual Ethanol,Residual solvent QC,GC Solvent-08,GC Residual Solvent,pharma_qc-demo,PHA-RG-2,PHA-24-B,ok,pharma_qc-024-022,ppm,[],manual,synthetic demo stable second-lot baseline
demo-pharma_qc-gc-solvent-08-residual-ethanol,1191.0,2026-02-18T04:00:00Z,Residual Ethanol,Residual solvent QC,GC Solvent-08,GC Residual Solvent,pharma_qc-demo,PHA-RG-2,PHA-24-B,ok,pharma_qc-024-023,ppm,[],manual,synthetic demo stable second-lot baseline
demo-pharma_qc-gc-solvent-08-residual-ethanol,1209.0,2026-02-18T06:00:00Z,Residual Ethanol,Residual solvent QC,GC Solvent-08,GC Residual Solvent,pharma_qc-demo,PHA-RG-2,PHA-24-B,ok,pharma_qc-024-024,ppm,[],manual,synthetic demo stable second-lot baseline
demo-pharma_qc-gc-solvent-08-residual-ethanol,1200.0,2026-02-18T08:00:00Z,Residual Ethanol,Residual solvent QC,GC Solvent-08,GC Residual Solvent,pharma_qc-demo,PHA-RG-2,PHA-24-B,ok,pharma_qc-024-025,ppm,[],manual,synthetic demo stable second-lot baseline
demo-pharma_qc-gc-solvent-08-residual-acetone,400.0,2026-02-16T08:05:00Z,Residual Acetone,Residual solvent QC,GC Solvent-08,GC Residual Solvent,pharma_qc-demo,PHA-RG-1,PHA-25-A,ok,pharma_qc-025-001,ppm,[],manual,synthetic demo single high action outlier
demo-pharma_qc-gc-solvent-08-residual-acetone,402.0,2026-02-16T10:05:00Z,Residual Acetone,Residual solvent QC,GC Solvent-08,GC Residual Solvent,pharma_qc-demo,PHA-RG-1,PHA-25-A,ok,pharma_qc-025-002,ppm,[],manual,synthetic demo single high action outlier
demo-pharma_qc-gc-solvent-08-residual-acetone,398.0,2026-02-16T12:05:00Z,Residual Acetone,Residual solvent QC,GC Solvent-08,GC Residual Solvent,pharma_qc-demo,PHA-RG-1,PHA-25-A,ok,pharma_qc-025-003,ppm,[],manual,synthetic demo single high action outlier
demo-pharma_qc-gc-solvent-08-residual-acetone,404.0,2026-02-16T14:05:00Z,Residual Acetone,Residual solvent QC,GC Solvent-08,GC Residual Solvent,pharma_qc-demo,PHA-RG-1,PHA-25-A,ok,pharma_qc-025-004,ppm,[],manual,synthetic demo single high action outlier
demo-pharma_qc-gc-solvent-08-residual-acetone,400.0,2026-02-16T16:05:00Z,Residual Acetone,Residual solvent QC,GC Solvent-08,GC Residual Solvent,pharma_qc-demo,PHA-RG-1,PHA-25-A,ok,pharma_qc-025-005,ppm,[],manual,synthetic demo single high action outlier
demo-pharma_qc-gc-solvent-08-residual-acetone,396.0,2026-02-16T18:05:00Z,Residual Acetone,Residual solvent QC,GC Solvent-08,GC Residual Solvent,pharma_qc-demo,PHA-RG-1,PHA-25-A,ok,pharma_qc-025-006,ppm,[],manual,synthetic demo single high action outlier
demo-pharma_qc-gc-solvent-08-residual-acetone,402.0,2026-02-16T20:05:00Z,Residual Acetone,Residual solvent QC,GC Solvent-08,GC Residual Solvent,pharma_qc-demo,PHA-RG-1,PHA-25-A,ok,pharma_qc-025-007,ppm,[],manual,synthetic demo single high action outlier
demo-pharma_qc-gc-solvent-08-residual-acetone,404.0,2026-02-16T22:05:00Z,Residual Acetone,Residual solvent QC,GC Solvent-08,GC Residual Solvent,pharma_qc-demo,PHA-RG-1,PHA-25-A,ok,pharma_qc-025-008,ppm,[],manual,synthetic demo single high action outlier
demo-pharma_qc-gc-solvent-08-residual-acetone,468.0,2026-02-17T00:05:00Z,Residual Acetone,Residual solvent QC,GC Solvent-08,GC Residual Solvent,pharma_qc-demo,PHA-RG-1,PHA-25-A,ok,pharma_qc-025-009,ppm,[],manual,synthetic demo single high action outlier
demo-pharma_qc-gc-solvent-08-residual-acetone,406.0,2026-02-17T02:05:00Z,Residual Acetone,Residual solvent QC,GC Solvent-08,GC Residual Solvent,pharma_qc-demo,PHA-RG-1,PHA-25-A,ok,pharma_qc-025-010,ppm,[],manual,synthetic demo single high action outlier
demo-pharma_qc-gc-solvent-08-residual-acetone,400.0,2026-02-17T04:05:00Z,Residual Acetone,Residual solvent QC,GC Solvent-08,GC Residual Solvent,pharma_qc-demo,PHA-RG-1,PHA-25-A,ok,pharma_qc-025-011,ppm,[],manual,synthetic demo single high action outlier
demo-pharma_qc-gc-solvent-08-residual-acetone,398.0,2026-02-17T06:05:00Z,Residual Acetone,Residual solvent QC,GC Solvent-08,GC Residual Solvent,pharma_qc-demo,PHA-RG-1,PHA-25-A,ok,pharma_qc-025-012,ppm,[],manual,synthetic demo single high action outlier
demo-pharma_qc-gc-solvent-08-residual-acetone,402.0,2026-02-17T08:05:00Z,Residual Acetone,Residual solvent QC,GC Solvent-08,GC Residual Solvent,pharma_qc-demo,PHA-RG-1,PHA-25-A,ok,pharma_qc-025-013,ppm,[],manual,synthetic demo single high action outlier
demo-pharma_qc-gc-solvent-08-residual-acetone,400.0,2026-02-17T10:05:00Z,Residual Acetone,Residual solvent QC,GC Solvent-08,GC Residual Solvent,pharma_qc-demo,PHA-RG-1,PHA-25-A,ok,pharma_qc-025-014,ppm,[],manual,synthetic demo single high action outlier
demo-pharma_qc-gc-solvent-08-residual-acetone,396.0,2026-02-17T12:05:00Z,Residual Acetone,Residual solvent QC,GC Solvent-08,GC Residual Solvent,pharma_qc-demo,PHA-RG-1,PHA-25-A,ok,pharma_qc-025-015,ppm,[],manual,synthetic demo single high action outlier
demo-pharma_qc-gc-solvent-08-residual-acetone,404.0,2026-02-17T14:05:00Z,Residual Acetone,Residual solvent QC,GC Solvent-08,GC Residual Solvent,pharma_qc-demo,PHA-RG-2,PHA-25-B,ok,pharma_qc-025-016,ppm,[],manual,synthetic demo single high action outlier
demo-pharma_qc-gc-solvent-08-residual-acetone,402.0,2026-02-17T16:05:00Z,Residual Acetone,Residual solvent QC,GC Solvent-08,GC Residual Solvent,pharma_qc-demo,PHA-RG-2,PHA-25-B,ok,pharma_qc-025-017,ppm,[],manual,synthetic demo single high action outlier
demo-pharma_qc-gc-solvent-08-residual-acetone,400.0,2026-02-17T18:05:00Z,Residual Acetone,Residual solvent QC,GC Solvent-08,GC Residual Solvent,pharma_qc-demo,PHA-RG-2,PHA-25-B,ok,pharma_qc-025-018,ppm,[],manual,synthetic demo single high action outlier
demo-pharma_qc-gc-solvent-08-residual-acetone,398.0,2026-02-17T20:05:00Z,Residual Acetone,Residual solvent QC,GC Solvent-08,GC Residual Solvent,pharma_qc-demo,PHA-RG-2,PHA-25-B,ok,pharma_qc-025-019,ppm,[],manual,synthetic demo single high action outlier
demo-pharma_qc-gc-solvent-08-residual-acetone,402.0,2026-02-17T22:05:00Z,Residual Acetone,Residual solvent QC,GC Solvent-08,GC Residual Solvent,pharma_qc-demo,PHA-RG-2,PHA-25-B,ok,pharma_qc-025-020,ppm,[],manual,synthetic demo single high action outlier
demo-pharma_qc-gc-solvent-08-residual-acetone,400.0,2026-02-18T00:05:00Z,Residual Acetone,Residual solvent QC,GC Solvent-08,GC Residual Solvent,pharma_qc-demo,PHA-RG-2,PHA-25-B,ok,pharma_qc-025-021,ppm,[],manual,synthetic demo single high action outlier
demo-pharma_qc-gc-solvent-08-residual-acetone,396.0,2026-02-18T02:05:00Z,Residual Acetone,Residual solvent QC,GC Solvent-08,GC Residual Solvent,pharma_qc-demo,PHA-RG-2,PHA-25-B,ok,pharma_qc-025-022,ppm,[],manual,synthetic demo single high action outlier
demo-pharma_qc-gc-solvent-08-residual-acetone,402.0,2026-02-18T04:05:00Z,Residual Acetone,Residual solvent QC,GC Solvent-08,GC Residual Solvent,pharma_qc-demo,PHA-RG-2,PHA-25-B,ok,pharma_qc-025-023,ppm,[],manual,synthetic demo single high action outlier
demo-pharma_qc-gc-solvent-08-residual-acetone,400.0,2026-02-18T06:05:00Z,Residual Acetone,Residual solvent QC,GC Solvent-08,GC Residual Solvent,pharma_qc-demo,PHA-RG-2,PHA-25-B,ok,pharma_qc-025-024,ppm,[],manual,synthetic demo single high action outlier
demo-pharma_qc-gc-solvent-08-residual-acetone,404.0,2026-02-18T08:05:00Z,Residual Acetone,Residual solvent QC,GC Solvent-08,GC Residual Solvent,pharma_qc-demo,PHA-RG-2,PHA-25-B,ok,pharma_qc-025-025,ppm,[],manual,synthetic demo single high action outlier
