stream_id,result_value,timestamp,analyte,qc_level,instrument_id,method_id,operator_id,reagent_lot,control_material_lot,calibration_status,run_id,units,flags,entry_source,comments
demo-steel_metals-oes-spark-01-carbon,0.18,2026-02-23T08:05:00Z,Carbon,Heat chemistry QC,OES Spark-01,OES Chemistry,steel_metals-demo,STE-RG-1,STE-01-A,ok,steel_metals-001-001,% mass,[],manual,synthetic demo single high action outlier
demo-steel_metals-oes-spark-01-carbon,0.1806,2026-02-23T10:05:00Z,Carbon,Heat chemistry QC,OES Spark-01,OES Chemistry,steel_metals-demo,STE-RG-1,STE-01-A,ok,steel_metals-001-002,% mass,[],manual,synthetic demo single high action outlier
demo-steel_metals-oes-spark-01-carbon,0.1794,2026-02-23T12:05:00Z,Carbon,Heat chemistry QC,OES Spark-01,OES Chemistry,steel_metals-demo,STE-RG-1,STE-01-A,ok,steel_metals-001-003,% mass,[],manual,synthetic demo single high action outlier
demo-steel_metals-oes-spark-01-carbon,0.1812,2026-02-23T14:05:00Z,Carbon,Heat chemistry QC,OES Spark-01,OES Chemistry,steel_metals-demo,STE-RG-1,STE-01-A,ok,steel_metals-001-004,% mass,[],manual,synthetic demo single high action outlier
demo-steel_metals-oes-spark-01-carbon,0.18,2026-02-23T16:05:00Z,Carbon,Heat chemistry QC,OES Spark-01,OES Chemistry,steel_metals-demo,STE-RG-1,STE-01-A,ok,steel_metals-001-005,% mass,[],manual,synthetic demo single high action outlier
demo-steel_metals-oes-spark-01-carbon,0.1788,2026-02-23T18:05:00Z,Carbon,Heat chemistry QC,OES Spark-01,OES Chemistry,steel_metals-demo,STE-RG-1,STE-01-A,ok,steel_metals-001-006,% mass,[],manual,synthetic demo single high action outlier
demo-steel_metals-oes-spark-01-carbon,0.1806,2026-02-23T20:05:00Z,Carbon,Heat chemistry QC,OES Spark-01,OES Chemistry,steel_metals-demo,STE-RG-1,STE-01-A,ok,steel_metals-001-007,% mass,[],manual,synthetic demo single high action outlier
demo-steel_metals-oes-spark-01-carbon,0.1812,2026-02-23T22:05:00Z,Carbon,Heat chemistry QC,OES Spark-01,OES Chemistry,steel_metals-demo,STE-RG-1,STE-01-A,ok,steel_metals-001-008,% mass,[],manual,synthetic demo single high action outlier
demo-steel_metals-oes-spark-01-carbon,0.2004,2026-02-24T00:05:00Z,Carbon,Heat chemistry QC,OES Spark-01,OES Chemistry,steel_metals-demo,STE-RG-1,STE-01-A,ok,steel_metals-001-009,% mass,[],manual,synthetic demo single high action outlier
demo-steel_metals-oes-spark-01-carbon,0.1818,2026-02-24T02:05:00Z,Carbon,Heat chemistry QC,OES Spark-01,OES Chemistry,steel_metals-demo,STE-RG-1,STE-01-A,ok,steel_metals-001-010,% mass,[],manual,synthetic demo single high action outlier
demo-steel_metals-oes-spark-01-carbon,0.18,2026-02-24T04:05:00Z,Carbon,Heat chemistry QC,OES Spark-01,OES Chemistry,steel_metals-demo,STE-RG-1,STE-01-A,ok,steel_metals-001-011,% mass,[],manual,synthetic demo single high action outlier
demo-steel_metals-oes-spark-01-carbon,0.1794,2026-02-24T06:05:00Z,Carbon,Heat chemistry QC,OES Spark-01,OES Chemistry,steel_metals-demo,STE-RG-1,STE-01-A,ok,steel_metals-001-012,% mass,[],manual,synthetic demo single high action outlier
demo-steel_metals-oes-spark-01-carbon,0.1806,2026-02-24T08:05:00Z,Carbon,Heat chemistry QC,OES Spark-01,OES Chemistry,steel_metals-demo,STE-RG-1,STE-01-A,ok,steel_metals-001-013,% mass,[],manual,synthetic demo single high action outlier
demo-steel_metals-oes-spark-01-carbon,0.18,2026-02-24T10:05:00Z,Carbon,Heat chemistry QC,OES Spark-01,OES Chemistry,steel_metals-demo,STE-RG-1,STE-01-A,ok,steel_metals-001-014,% mass,[],manual,synthetic demo single high action outlier
demo-steel_metals-oes-spark-01-carbon,0.1788,2026-02-24T12:05:00Z,Carbon,Heat chemistry QC,OES Spark-01,OES Chemistry,steel_metals-demo,STE-RG-1,STE-01-A,ok,steel_metals-001-015,% mass,[],manual,synthetic demo single high action outlier
demo-steel_metals-oes-spark-01-carbon,0.1812,2026-02-24T14:05:00Z,Carbon,Heat chemistry QC,OES Spark-01,OES Chemistry,steel_metals-demo,STE-RG-2,STE-01-B,ok,steel_metals-001-016,% mass,[],manual,synthetic demo single high action outlier
demo-steel_metals-oes-spark-01-carbon,0.1806,2026-02-24T16:05:00Z,Carbon,Heat chemistry QC,OES Spark-01,OES Chemistry,steel_metals-demo,STE-RG-2,STE-01-B,ok,steel_metals-001-017,% mass,[],manual,synthetic demo single high action outlier
demo-steel_metals-oes-spark-01-carbon,0.18,2026-02-24T18:05:00Z,Carbon,Heat chemistry QC,OES Spark-01,OES Chemistry,steel_metals-demo,STE-RG-2,STE-01-B,ok,steel_metals-001-018,% mass,[],manual,synthetic demo single high action outlier
demo-steel_metals-oes-spark-01-carbon,0.1794,2026-02-24T20:05:00Z,Carbon,Heat chemistry QC,OES Spark-01,OES Chemistry,steel_metals-demo,STE-RG-2,STE-01-B,ok,steel_metals-001-019,% mass,[],manual,synthetic demo single high action outlier
demo-steel_metals-oes-spark-01-carbon,0.1806,2026-02-24T22:05:00Z,Carbon,Heat chemistry QC,OES Spark-01,OES Chemistry,steel_metals-demo,STE-RG-2,STE-01-B,ok,steel_metals-001-020,% mass,[],manual,synthetic demo single high action outlier
demo-steel_metals-oes-spark-01-carbon,0.18,2026-02-25T00:05:00Z,Carbon,Heat chemistry QC,OES Spark-01,OES Chemistry,steel_metals-demo,STE-RG-2,STE-01-B,ok,steel_metals-001-021,% mass,[],manual,synthetic demo single high action outlier
demo-steel_metals-oes-spark-01-carbon,0.1788,2026-02-25T02:05:00Z,Carbon,Heat chemistry QC,OES Spark-01,OES Chemistry,steel_metals-demo,STE-RG-2,STE-01-B,ok,steel_metals-001-022,% mass,[],manual,synthetic demo single high action outlier
demo-steel_metals-oes-spark-01-carbon,0.1806,2026-02-25T04:05:00Z,Carbon,Heat chemistry QC,OES Spark-01,OES Chemistry,steel_metals-demo,STE-RG-2,STE-01-B,ok,steel_metals-001-023,% mass,[],manual,synthetic demo single high action outlier
demo-steel_metals-oes-spark-01-carbon,0.18,2026-02-25T06:05:00Z,Carbon,Heat chemistry QC,OES Spark-01,OES Chemistry,steel_metals-demo,STE-RG-2,STE-01-B,ok,steel_metals-001-024,% mass,[],manual,synthetic demo single high action outlier
demo-steel_metals-oes-spark-01-carbon,0.1812,2026-02-25T08:05:00Z,Carbon,Heat chemistry QC,OES Spark-01,OES Chemistry,steel_metals-demo,STE-RG-2,STE-01-B,ok,steel_metals-001-025,% mass,[],manual,synthetic demo single high action outlier
demo-steel_metals-oes-spark-01-manganese,1.25,2026-02-23T08:10:00Z,Manganese,Heat chemistry QC,OES Spark-01,OES Chemistry,steel_metals-demo,STE-RG-1,STE-02-A,ok,steel_metals-002-001,% mass,[],manual,synthetic demo stable baseline
demo-steel_metals-oes-spark-01-manganese,1.2525,2026-02-23T10:10:00Z,Manganese,Heat chemistry QC,OES Spark-01,OES Chemistry,steel_metals-demo,STE-RG-1,STE-02-A,ok,steel_metals-002-002,% mass,[],manual,synthetic demo stable baseline
demo-steel_metals-oes-spark-01-manganese,1.2475,2026-02-23T12:10:00Z,Manganese,Heat chemistry QC,OES Spark-01,OES Chemistry,steel_metals-demo,STE-RG-1,STE-02-A,ok,steel_metals-002-003,% mass,[],manual,synthetic demo stable baseline
demo-steel_metals-oes-spark-01-manganese,1.255,2026-02-23T14:10:00Z,Manganese,Heat chemistry QC,OES Spark-01,OES Chemistry,steel_metals-demo,STE-RG-1,STE-02-A,ok,steel_metals-002-004,% mass,[],manual,synthetic demo stable baseline
demo-steel_metals-oes-spark-01-manganese,1.245,2026-02-23T16:10:00Z,Manganese,Heat chemistry QC,OES Spark-01,OES Chemistry,steel_metals-demo,STE-RG-1,STE-02-A,ok,steel_metals-002-005,% mass,[],manual,synthetic demo stable baseline
demo-steel_metals-oes-spark-01-manganese,1.2525,2026-02-23T18:10:00Z,Manganese,Heat chemistry QC,OES Spark-01,OES Chemistry,steel_metals-demo,STE-RG-1,STE-02-A,ok,steel_metals-002-006,% mass,[],manual,synthetic demo stable baseline
demo-steel_metals-oes-spark-01-manganese,1.25,2026-02-23T20:10:00Z,Manganese,Heat chemistry QC,OES Spark-01,OES Chemistry,steel_metals-demo,STE-RG-1,STE-02-A,ok,steel_metals-002-007,% mass,[],manual,synthetic demo stable baseline
demo-steel_metals-oes-spark-01-manganese,1.2475,2026-02-23T22:10:00Z,Manganese,Heat chemistry QC,OES Spark-01,OES Chemistry,steel_metals-demo,STE-RG-1,STE-02-A,ok,steel_metals-002-008,% mass,[],manual,synthetic demo stable baseline
demo-steel_metals-oes-spark-01-manganese,1.255,2026-02-24T00:10:00Z,Manganese,Heat chemistry QC,OES Spark-01,OES Chemistry,steel_metals-demo,STE-RG-1,STE-02-A,ok,steel_metals-002-009,% mass,[],manual,synthetic demo stable baseline
demo-steel_metals-oes-spark-01-manganese,1.2525,2026-02-24T02:10:00Z,Manganese,Heat chemistry QC,OES Spark-01,OES Chemistry,steel_metals-demo,STE-RG-1,STE-02-A,ok,steel_metals-002-010,% mass,[],manual,synthetic demo stable baseline
demo-steel_metals-oes-spark-01-manganese,1.245,2026-02-24T04:10:00Z,Manganese,Heat chemistry QC,OES Spark-01,OES Chemistry,steel_metals-demo,STE-RG-1,STE-02-A,ok,steel_metals-002-011,% mass,[],manual,synthetic demo stable baseline
demo-steel_metals-oes-spark-01-manganese,1.25,2026-02-24T06:10:00Z,Manganese,Heat chemistry QC,OES Spark-01,OES Chemistry,steel_metals-demo,STE-RG-1,STE-02-A,ok,steel_metals-002-012,% mass,[],manual,synthetic demo stable baseline
demo-steel_metals-oes-spark-01-manganese,1.2525,2026-02-24T08:10:00Z,Manganese,Heat chemistry QC,OES Spark-01,OES Chemistry,steel_metals-demo,STE-RG-1,STE-02-A,ok,steel_metals-002-013,% mass,[],manual,synthetic demo stable baseline
demo-steel_metals-oes-spark-01-manganese,1.2475,2026-02-24T10:10:00Z,Manganese,Heat chemistry QC,OES Spark-01,OES Chemistry,steel_metals-demo,STE-RG-1,STE-02-A,ok,steel_metals-002-014,% mass,[],manual,synthetic demo stable baseline
demo-steel_metals-oes-spark-01-manganese,1.25,2026-02-24T12:10:00Z,Manganese,Heat chemistry QC,OES Spark-01,OES Chemistry,steel_metals-demo,STE-RG-1,STE-02-A,ok,steel_metals-002-015,% mass,[],manual,synthetic demo stable baseline
demo-steel_metals-oes-spark-01-manganese,1.255,2026-02-24T14:10:00Z,Manganese,Heat chemistry QC,OES Spark-01,OES Chemistry,steel_metals-demo,STE-RG-2,STE-02-B,ok,steel_metals-002-016,% mass,[],manual,synthetic demo stable baseline
demo-steel_metals-oes-spark-01-manganese,1.245,2026-02-24T16:10:00Z,Manganese,Heat chemistry QC,OES Spark-01,OES Chemistry,steel_metals-demo,STE-RG-2,STE-02-B,ok,steel_metals-002-017,% mass,[],manual,synthetic demo stable baseline
demo-steel_metals-oes-spark-01-manganese,1.2525,2026-02-24T18:10:00Z,Manganese,Heat chemistry QC,OES Spark-01,OES Chemistry,steel_metals-demo,STE-RG-2,STE-02-B,ok,steel_metals-002-018,% mass,[],manual,synthetic demo stable baseline
demo-steel_metals-oes-spark-01-manganese,1.25,2026-02-24T20:10:00Z,Manganese,Heat chemistry QC,OES Spark-01,OES Chemistry,steel_metals-demo,STE-RG-2,STE-02-B,ok,steel_metals-002-019,% mass,[],manual,synthetic demo stable baseline
demo-steel_metals-oes-spark-01-manganese,1.2475,2026-02-24T22:10:00Z,Manganese,Heat chemistry QC,OES Spark-01,OES Chemistry,steel_metals-demo,STE-RG-2,STE-02-B,ok,steel_metals-002-020,% mass,[],manual,synthetic demo stable baseline
demo-steel_metals-oes-spark-01-manganese,1.2525,2026-02-25T00:10:00Z,Manganese,Heat chemistry QC,OES Spark-01,OES Chemistry,steel_metals-demo,STE-RG-2,STE-02-B,ok,steel_metals-002-021,% mass,[],manual,synthetic demo stable baseline
demo-steel_metals-oes-spark-01-manganese,1.25,2026-02-25T02:10:00Z,Manganese,Heat chemistry QC,OES Spark-01,OES Chemistry,steel_metals-demo,STE-RG-2,STE-02-B,ok,steel_metals-002-022,% mass,[],manual,synthetic demo stable baseline
demo-steel_metals-oes-spark-01-manganese,1.245,2026-02-25T04:10:00Z,Manganese,Heat chemistry QC,OES Spark-01,OES Chemistry,steel_metals-demo,STE-RG-2,STE-02-B,ok,steel_metals-002-023,% mass,[],manual,synthetic demo stable baseline
demo-steel_metals-oes-spark-01-manganese,1.255,2026-02-25T06:10:00Z,Manganese,Heat chemistry QC,OES Spark-01,OES Chemistry,steel_metals-demo,STE-RG-2,STE-02-B,ok,steel_metals-002-024,% mass,[],manual,synthetic demo stable baseline
demo-steel_metals-oes-spark-01-manganese,1.25,2026-02-25T08:10:00Z,Manganese,Heat chemistry QC,OES Spark-01,OES Chemistry,steel_metals-demo,STE-RG-2,STE-02-B,ok,steel_metals-002-025,% mass,[],manual,synthetic demo stable baseline
demo-steel_metals-oes-spark-01-silicon,0.28,2026-02-23T08:15:00Z,Silicon,Heat chemistry QC,OES Spark-01,OES Chemistry,steel_metals-demo,STE-RG-1,STE-03-A,ok,steel_metals-003-001,% mass,[],manual,synthetic demo high scatter with low Bayesian confidence
demo-steel_metals-oes-spark-01-silicon,0.294,2026-02-23T10:15:00Z,Silicon,Heat chemistry QC,OES Spark-01,OES Chemistry,steel_metals-demo,STE-RG-1,STE-03-A,ok,steel_metals-003-002,% mass,[],manual,synthetic demo high scatter with low Bayesian confidence
demo-steel_metals-oes-spark-01-silicon,0.267,2026-02-23T12:15:00Z,Silicon,Heat chemistry QC,OES Spark-01,OES Chemistry,steel_metals-demo,STE-RG-1,STE-03-A,ok,steel_metals-003-003,% mass,[],manual,synthetic demo high scatter with low Bayesian confidence
demo-steel_metals-oes-spark-01-silicon,0.295,2026-02-23T14:15:00Z,Silicon,Heat chemistry QC,OES Spark-01,OES Chemistry,steel_metals-demo,STE-RG-1,STE-03-A,ok,steel_metals-003-004,% mass,[],manual,synthetic demo high scatter with low Bayesian confidence
demo-steel_metals-oes-spark-01-silicon,0.266,2026-02-23T16:15:00Z,Silicon,Heat chemistry QC,OES Spark-01,OES Chemistry,steel_metals-demo,STE-RG-1,STE-03-A,ok,steel_metals-003-005,% mass,[],manual,synthetic demo high scatter with low Bayesian confidence
demo-steel_metals-oes-spark-01-silicon,0.296,2026-02-23T18:15:00Z,Silicon,Heat chemistry QC,OES Spark-01,OES Chemistry,steel_metals-demo,STE-RG-1,STE-03-A,ok,steel_metals-003-006,% mass,[],manual,synthetic demo high scatter with low Bayesian confidence
demo-steel_metals-oes-spark-01-silicon,0.265,2026-02-23T20:15:00Z,Silicon,Heat chemistry QC,OES Spark-01,OES Chemistry,steel_metals-demo,STE-RG-1,STE-03-A,ok,steel_metals-003-007,% mass,[],manual,synthetic demo high scatter with low Bayesian confidence
demo-steel_metals-oes-spark-01-silicon,0.297,2026-02-23T22:15:00Z,Silicon,Heat chemistry QC,OES Spark-01,OES Chemistry,steel_metals-demo,STE-RG-1,STE-03-A,ok,steel_metals-003-008,% mass,[],manual,synthetic demo high scatter with low Bayesian confidence
demo-steel_metals-oes-spark-01-silicon,0.264,2026-02-24T00:15:00Z,Silicon,Heat chemistry QC,OES Spark-01,OES Chemistry,steel_metals-demo,STE-RG-1,STE-03-A,ok,steel_metals-003-009,% mass,[],manual,synthetic demo high scatter with low Bayesian confidence
demo-steel_metals-oes-spark-01-silicon,0.298,2026-02-24T02:15:00Z,Silicon,Heat chemistry QC,OES Spark-01,OES Chemistry,steel_metals-demo,STE-RG-1,STE-03-A,ok,steel_metals-003-010,% mass,[],manual,synthetic demo high scatter with low Bayesian confidence
demo-steel_metals-oes-spark-01-silicon,0.263,2026-02-24T04:15:00Z,Silicon,Heat chemistry QC,OES Spark-01,OES Chemistry,steel_metals-demo,STE-RG-1,STE-03-A,ok,steel_metals-003-011,% mass,[],manual,synthetic demo high scatter with low Bayesian confidence
demo-steel_metals-oes-spark-01-silicon,0.299,2026-02-24T06:15:00Z,Silicon,Heat chemistry QC,OES Spark-01,OES Chemistry,steel_metals-demo,STE-RG-1,STE-03-A,ok,steel_metals-003-012,% mass,[],manual,synthetic demo high scatter with low Bayesian confidence
demo-steel_metals-oes-spark-01-silicon,0.262,2026-02-24T08:15:00Z,Silicon,Heat chemistry QC,OES Spark-01,OES Chemistry,steel_metals-demo,STE-RG-1,STE-03-A,ok,steel_metals-003-013,% mass,[],manual,synthetic demo high scatter with low Bayesian confidence
demo-steel_metals-oes-spark-01-silicon,0.297,2026-02-24T10:15:00Z,Silicon,Heat chemistry QC,OES Spark-01,OES Chemistry,steel_metals-demo,STE-RG-1,STE-03-A,ok,steel_metals-003-014,% mass,[],manual,synthetic demo high scatter with low Bayesian confidence
demo-steel_metals-oes-spark-01-silicon,0.264,2026-02-24T12:15:00Z,Silicon,Heat chemistry QC,OES Spark-01,OES Chemistry,steel_metals-demo,STE-RG-1,STE-03-A,ok,steel_metals-003-015,% mass,[],manual,synthetic demo high scatter with low Bayesian confidence
demo-steel_metals-oes-spark-01-silicon,0.298,2026-02-24T14:15:00Z,Silicon,Heat chemistry QC,OES Spark-01,OES Chemistry,steel_metals-demo,STE-RG-2,STE-03-B,ok,steel_metals-003-016,% mass,[],manual,synthetic demo high scatter with low Bayesian confidence
demo-steel_metals-oes-spark-01-silicon,0.263,2026-02-24T16:15:00Z,Silicon,Heat chemistry QC,OES Spark-01,OES Chemistry,steel_metals-demo,STE-RG-2,STE-03-B,ok,steel_metals-003-017,% mass,[],manual,synthetic demo high scatter with low Bayesian confidence
demo-steel_metals-oes-spark-01-silicon,0.296,2026-02-24T18:15:00Z,Silicon,Heat chemistry QC,OES Spark-01,OES Chemistry,steel_metals-demo,STE-RG-2,STE-03-B,ok,steel_metals-003-018,% mass,[],manual,synthetic demo high scatter with low Bayesian confidence
demo-steel_metals-oes-spark-01-silicon,0.265,2026-02-24T20:15:00Z,Silicon,Heat chemistry QC,OES Spark-01,OES Chemistry,steel_metals-demo,STE-RG-2,STE-03-B,ok,steel_metals-003-019,% mass,[],manual,synthetic demo high scatter with low Bayesian confidence
demo-steel_metals-oes-spark-01-silicon,0.294,2026-02-24T22:15:00Z,Silicon,Heat chemistry QC,OES Spark-01,OES Chemistry,steel_metals-demo,STE-RG-2,STE-03-B,ok,steel_metals-003-020,% mass,[],manual,synthetic demo high scatter with low Bayesian confidence
demo-steel_metals-oes-spark-01-silicon,0.267,2026-02-25T00:15:00Z,Silicon,Heat chemistry QC,OES Spark-01,OES Chemistry,steel_metals-demo,STE-RG-2,STE-03-B,ok,steel_metals-003-021,% mass,[],manual,synthetic demo high scatter with low Bayesian confidence
demo-steel_metals-oes-spark-01-silicon,0.292,2026-02-25T02:15:00Z,Silicon,Heat chemistry QC,OES Spark-01,OES Chemistry,steel_metals-demo,STE-RG-2,STE-03-B,ok,steel_metals-003-022,% mass,[],manual,synthetic demo high scatter with low Bayesian confidence
demo-steel_metals-oes-spark-01-silicon,0.269,2026-02-25T04:15:00Z,Silicon,Heat chemistry QC,OES Spark-01,OES Chemistry,steel_metals-demo,STE-RG-2,STE-03-B,ok,steel_metals-003-023,% mass,[],manual,synthetic demo high scatter with low Bayesian confidence
demo-steel_metals-oes-spark-01-silicon,0.288,2026-02-25T06:15:00Z,Silicon,Heat chemistry QC,OES Spark-01,OES Chemistry,steel_metals-demo,STE-RG-2,STE-03-B,ok,steel_metals-003-024,% mass,[],manual,synthetic demo high scatter with low Bayesian confidence
demo-steel_metals-oes-spark-01-silicon,0.273,2026-02-25T08:15:00Z,Silicon,Heat chemistry QC,OES Spark-01,OES Chemistry,steel_metals-demo,STE-RG-2,STE-03-B,ok,steel_metals-003-025,% mass,[],manual,synthetic demo high scatter with low Bayesian confidence
demo-steel_metals-oes-spark-01-chromium,0.85,2026-02-23T08:20:00Z,Chromium,Heat chemistry QC,OES Spark-01,OES Chemistry,steel_metals-demo,STE-RG-1,STE-04-A,ok,steel_metals-004-001,% mass,[],manual,synthetic demo upward step after lot change
demo-steel_metals-oes-spark-01-chromium,0.852,2026-02-23T10:20:00Z,Chromium,Heat chemistry QC,OES Spark-01,OES Chemistry,steel_metals-demo,STE-RG-1,STE-04-A,ok,steel_metals-004-002,% mass,[],manual,synthetic demo upward step after lot change
demo-steel_metals-oes-spark-01-chromium,0.848,2026-02-23T12:20:00Z,Chromium,Heat chemistry QC,OES Spark-01,OES Chemistry,steel_metals-demo,STE-RG-1,STE-04-A,ok,steel_metals-004-003,% mass,[],manual,synthetic demo upward step after lot change
demo-steel_metals-oes-spark-01-chromium,0.85,2026-02-23T14:20:00Z,Chromium,Heat chemistry QC,OES Spark-01,OES Chemistry,steel_metals-demo,STE-RG-1,STE-04-A,ok,steel_metals-004-004,% mass,[],manual,synthetic demo upward step after lot change
demo-steel_metals-oes-spark-01-chromium,0.854,2026-02-23T16:20:00Z,Chromium,Heat chemistry QC,OES Spark-01,OES Chemistry,steel_metals-demo,STE-RG-1,STE-04-A,ok,steel_metals-004-005,% mass,[],manual,synthetic demo upward step after lot change
demo-steel_metals-oes-spark-01-chromium,0.852,2026-02-23T18:20:00Z,Chromium,Heat chemistry QC,OES Spark-01,OES Chemistry,steel_metals-demo,STE-RG-1,STE-04-A,ok,steel_metals-004-006,% mass,[],manual,synthetic demo upward step after lot change
demo-steel_metals-oes-spark-01-chromium,0.848,2026-02-23T20:20:00Z,Chromium,Heat chemistry QC,OES Spark-01,OES Chemistry,steel_metals-demo,STE-RG-1,STE-04-A,ok,steel_metals-004-007,% mass,[],manual,synthetic demo upward step after lot change
demo-steel_metals-oes-spark-01-chromium,0.85,2026-02-23T22:20:00Z,Chromium,Heat chemistry QC,OES Spark-01,OES Chemistry,steel_metals-demo,STE-RG-1,STE-04-A,ok,steel_metals-004-008,% mass,[],manual,synthetic demo upward step after lot change
demo-steel_metals-oes-spark-01-chromium,0.852,2026-02-24T00:20:00Z,Chromium,Heat chemistry QC,OES Spark-01,OES Chemistry,steel_metals-demo,STE-RG-1,STE-04-A,ok,steel_metals-004-009,% mass,[],manual,synthetic demo upward step after lot change
demo-steel_metals-oes-spark-01-chromium,0.848,2026-02-24T02:20:00Z,Chromium,Heat chemistry QC,OES Spark-01,OES Chemistry,steel_metals-demo,STE-RG-1,STE-04-A,ok,steel_metals-004-010,% mass,[],manual,synthetic demo upward step after lot change
demo-steel_metals-oes-spark-01-chromium,0.85,2026-02-24T04:20:00Z,Chromium,Heat chemistry QC,OES Spark-01,OES Chemistry,steel_metals-demo,STE-RG-1,STE-04-A,ok,steel_metals-004-011,% mass,[],manual,synthetic demo upward step after lot change
demo-steel_metals-oes-spark-01-chromium,0.854,2026-02-24T06:20:00Z,Chromium,Heat chemistry QC,OES Spark-01,OES Chemistry,steel_metals-demo,STE-RG-1,STE-04-A,ok,steel_metals-004-012,% mass,[],manual,synthetic demo upward step after lot change
demo-steel_metals-oes-spark-01-chromium,0.852,2026-02-24T08:20:00Z,Chromium,Heat chemistry QC,OES Spark-01,OES Chemistry,steel_metals-demo,STE-RG-1,STE-04-A,ok,steel_metals-004-013,% mass,[],manual,synthetic demo upward step after lot change
demo-steel_metals-oes-spark-01-chromium,0.85,2026-02-24T10:20:00Z,Chromium,Heat chemistry QC,OES Spark-01,OES Chemistry,steel_metals-demo,STE-RG-1,STE-04-A,ok,steel_metals-004-014,% mass,[],manual,synthetic demo upward step after lot change
demo-steel_metals-oes-spark-01-chromium,0.848,2026-02-24T12:20:00Z,Chromium,Heat chemistry QC,OES Spark-01,OES Chemistry,steel_metals-demo,STE-RG-1,STE-04-A,ok,steel_metals-004-015,% mass,[],manual,synthetic demo upward step after lot change
demo-steel_metals-oes-spark-01-chromium,0.874,2026-02-24T14:20:00Z,Chromium,Heat chemistry QC,OES Spark-01,OES Chemistry,steel_metals-demo,STE-RG-2,STE-04-B,ok,steel_metals-004-016,% mass,[],manual,synthetic demo upward step after lot change
demo-steel_metals-oes-spark-01-chromium,0.878,2026-02-24T16:20:00Z,Chromium,Heat chemistry QC,OES Spark-01,OES Chemistry,steel_metals-demo,STE-RG-2,STE-04-B,ok,steel_metals-004-017,% mass,[],manual,synthetic demo upward step after lot change
demo-steel_metals-oes-spark-01-chromium,0.88,2026-02-24T18:20:00Z,Chromium,Heat chemistry QC,OES Spark-01,OES Chemistry,steel_metals-demo,STE-RG-2,STE-04-B,ok,steel_metals-004-018,% mass,[],manual,synthetic demo upward step after lot change
demo-steel_metals-oes-spark-01-chromium,0.878,2026-02-24T20:20:00Z,Chromium,Heat chemistry QC,OES Spark-01,OES Chemistry,steel_metals-demo,STE-RG-2,STE-04-B,ok,steel_metals-004-019,% mass,[],manual,synthetic demo upward step after lot change
demo-steel_metals-oes-spark-01-chromium,0.882,2026-02-24T22:20:00Z,Chromium,Heat chemistry QC,OES Spark-01,OES Chemistry,steel_metals-demo,STE-RG-2,STE-04-B,ok,steel_metals-004-020,% mass,[],manual,synthetic demo upward step after lot change
demo-steel_metals-oes-spark-01-chromium,0.88,2026-02-25T00:20:00Z,Chromium,Heat chemistry QC,OES Spark-01,OES Chemistry,steel_metals-demo,STE-RG-2,STE-04-B,ok,steel_metals-004-021,% mass,[],manual,synthetic demo upward step after lot change
demo-steel_metals-oes-spark-01-chromium,0.878,2026-02-25T02:20:00Z,Chromium,Heat chemistry QC,OES Spark-01,OES Chemistry,steel_metals-demo,STE-RG-2,STE-04-B,ok,steel_metals-004-022,% mass,[],manual,synthetic demo upward step after lot change
demo-steel_metals-oes-spark-01-chromium,0.882,2026-02-25T04:20:00Z,Chromium,Heat chemistry QC,OES Spark-01,OES Chemistry,steel_metals-demo,STE-RG-2,STE-04-B,ok,steel_metals-004-023,% mass,[],manual,synthetic demo upward step after lot change
demo-steel_metals-oes-spark-01-chromium,0.88,2026-02-25T06:20:00Z,Chromium,Heat chemistry QC,OES Spark-01,OES Chemistry,steel_metals-demo,STE-RG-2,STE-04-B,ok,steel_metals-004-024,% mass,[],manual,synthetic demo upward step after lot change
demo-steel_metals-oes-spark-01-chromium,0.878,2026-02-25T08:20:00Z,Chromium,Heat chemistry QC,OES Spark-01,OES Chemistry,steel_metals-demo,STE-RG-2,STE-04-B,ok,steel_metals-004-025,% mass,[],manual,synthetic demo upward step after lot change
demo-steel_metals-oes-spark-01-nickel,0.35,2026-02-23T08:25:00Z,Nickel,Heat chemistry QC,OES Spark-01,OES Chemistry,steel_metals-demo,STE-RG-1,STE-05-A,ok,steel_metals-005-001,% mass,[],manual,synthetic demo slow high drift
demo-steel_metals-oes-spark-01-nickel,0.3515,2026-02-23T10:25:00Z,Nickel,Heat chemistry QC,OES Spark-01,OES Chemistry,steel_metals-demo,STE-RG-1,STE-05-A,ok,steel_metals-005-002,% mass,[],manual,synthetic demo slow high drift
demo-steel_metals-oes-spark-01-nickel,0.3545,2026-02-23T12:25:00Z,Nickel,Heat chemistry QC,OES Spark-01,OES Chemistry,steel_metals-demo,STE-RG-1,STE-05-A,ok,steel_metals-005-003,% mass,[],manual,synthetic demo slow high drift
demo-steel_metals-oes-spark-01-nickel,0.3575,2026-02-23T14:25:00Z,Nickel,Heat chemistry QC,OES Spark-01,OES Chemistry,steel_metals-demo,STE-RG-1,STE-05-A,ok,steel_metals-005-004,% mass,[],manual,synthetic demo slow high drift
demo-steel_metals-oes-spark-01-nickel,0.3605,2026-02-23T16:25:00Z,Nickel,Heat chemistry QC,OES Spark-01,OES Chemistry,steel_metals-demo,STE-RG-1,STE-05-A,ok,steel_metals-005-005,% mass,[],manual,synthetic demo slow high drift
demo-steel_metals-oes-spark-01-nickel,0.3635,2026-02-23T18:25:00Z,Nickel,Heat chemistry QC,OES Spark-01,OES Chemistry,steel_metals-demo,STE-RG-1,STE-05-A,ok,steel_metals-005-006,% mass,[],manual,synthetic demo slow high drift
demo-steel_metals-oes-spark-01-nickel,0.3665,2026-02-23T20:25:00Z,Nickel,Heat chemistry QC,OES Spark-01,OES Chemistry,steel_metals-demo,STE-RG-1,STE-05-A,ok,steel_metals-005-007,% mass,[],manual,synthetic demo slow high drift
demo-steel_metals-oes-spark-01-nickel,0.3695,2026-02-23T22:25:00Z,Nickel,Heat chemistry QC,OES Spark-01,OES Chemistry,steel_metals-demo,STE-RG-1,STE-05-A,ok,steel_metals-005-008,% mass,[],manual,synthetic demo slow high drift
demo-steel_metals-oes-spark-01-nickel,0.3725,2026-02-24T00:25:00Z,Nickel,Heat chemistry QC,OES Spark-01,OES Chemistry,steel_metals-demo,STE-RG-1,STE-05-A,ok,steel_metals-005-009,% mass,[],manual,synthetic demo slow high drift
demo-steel_metals-oes-spark-01-nickel,0.3755,2026-02-24T02:25:00Z,Nickel,Heat chemistry QC,OES Spark-01,OES Chemistry,steel_metals-demo,STE-RG-1,STE-05-A,ok,steel_metals-005-010,% mass,[],manual,synthetic demo slow high drift
demo-steel_metals-oes-spark-01-nickel,0.3785,2026-02-24T04:25:00Z,Nickel,Heat chemistry QC,OES Spark-01,OES Chemistry,steel_metals-demo,STE-RG-1,STE-05-A,ok,steel_metals-005-011,% mass,[],manual,synthetic demo slow high drift
demo-steel_metals-oes-spark-01-nickel,0.3815,2026-02-24T06:25:00Z,Nickel,Heat chemistry QC,OES Spark-01,OES Chemistry,steel_metals-demo,STE-RG-1,STE-05-A,ok,steel_metals-005-012,% mass,[],manual,synthetic demo slow high drift
demo-steel_metals-oes-spark-01-nickel,0.383,2026-02-24T08:25:00Z,Nickel,Heat chemistry QC,OES Spark-01,OES Chemistry,steel_metals-demo,STE-RG-1,STE-05-A,ok,steel_metals-005-013,% mass,[],manual,synthetic demo slow high drift
demo-steel_metals-oes-spark-01-nickel,0.3845,2026-02-24T10:25:00Z,Nickel,Heat chemistry QC,OES Spark-01,OES Chemistry,steel_metals-demo,STE-RG-1,STE-05-A,ok,steel_metals-005-014,% mass,[],manual,synthetic demo slow high drift
demo-steel_metals-oes-spark-01-nickel,0.386,2026-02-24T12:25:00Z,Nickel,Heat chemistry QC,OES Spark-01,OES Chemistry,steel_metals-demo,STE-RG-1,STE-05-A,ok,steel_metals-005-015,% mass,[],manual,synthetic demo slow high drift
demo-steel_metals-oes-spark-01-nickel,0.3875,2026-02-24T14:25:00Z,Nickel,Heat chemistry QC,OES Spark-01,OES Chemistry,steel_metals-demo,STE-RG-2,STE-05-B,ok,steel_metals-005-016,% mass,[],manual,synthetic demo slow high drift
demo-steel_metals-oes-spark-01-nickel,0.389,2026-02-24T16:25:00Z,Nickel,Heat chemistry QC,OES Spark-01,OES Chemistry,steel_metals-demo,STE-RG-2,STE-05-B,ok,steel_metals-005-017,% mass,[],manual,synthetic demo slow high drift
demo-steel_metals-oes-spark-01-nickel,0.3905,2026-02-24T18:25:00Z,Nickel,Heat chemistry QC,OES Spark-01,OES Chemistry,steel_metals-demo,STE-RG-2,STE-05-B,ok,steel_metals-005-018,% mass,[],manual,synthetic demo slow high drift
demo-steel_metals-oes-spark-01-nickel,0.392,2026-02-24T20:25:00Z,Nickel,Heat chemistry QC,OES Spark-01,OES Chemistry,steel_metals-demo,STE-RG-2,STE-05-B,ok,steel_metals-005-019,% mass,[],manual,synthetic demo slow high drift
demo-steel_metals-oes-spark-01-nickel,0.3935,2026-02-24T22:25:00Z,Nickel,Heat chemistry QC,OES Spark-01,OES Chemistry,steel_metals-demo,STE-RG-2,STE-05-B,ok,steel_metals-005-020,% mass,[],manual,synthetic demo slow high drift
demo-steel_metals-oes-spark-01-nickel,0.395,2026-02-25T00:25:00Z,Nickel,Heat chemistry QC,OES Spark-01,OES Chemistry,steel_metals-demo,STE-RG-2,STE-05-B,ok,steel_metals-005-021,% mass,[],manual,synthetic demo slow high drift
demo-steel_metals-oes-spark-01-nickel,0.3965,2026-02-25T02:25:00Z,Nickel,Heat chemistry QC,OES Spark-01,OES Chemistry,steel_metals-demo,STE-RG-2,STE-05-B,ok,steel_metals-005-022,% mass,[],manual,synthetic demo slow high drift
demo-steel_metals-oes-spark-01-nickel,0.398,2026-02-25T04:25:00Z,Nickel,Heat chemistry QC,OES Spark-01,OES Chemistry,steel_metals-demo,STE-RG-2,STE-05-B,ok,steel_metals-005-023,% mass,[],manual,synthetic demo slow high drift
demo-steel_metals-oes-spark-01-nickel,0.3995,2026-02-25T06:25:00Z,Nickel,Heat chemistry QC,OES Spark-01,OES Chemistry,steel_metals-demo,STE-RG-2,STE-05-B,ok,steel_metals-005-024,% mass,[],manual,synthetic demo slow high drift
demo-steel_metals-oes-spark-01-nickel,0.401,2026-02-25T08:25:00Z,Nickel,Heat chemistry QC,OES Spark-01,OES Chemistry,steel_metals-demo,STE-RG-2,STE-05-B,ok,steel_metals-005-025,% mass,[],manual,synthetic demo slow high drift
demo-steel_metals-cs-burn-02-low-carbon,0.045,2026-02-23T08:00:00Z,Low Carbon,C/S QC,CS Burn-02,Combustion C/S,steel_metals-demo,STE-RG-1,STE-06-A,ok,steel_metals-006-001,% mass,[],manual,synthetic demo single low action outlier
demo-steel_metals-cs-burn-02-low-carbon,0.0448,2026-02-23T10:00:00Z,Low Carbon,C/S QC,CS Burn-02,Combustion C/S,steel_metals-demo,STE-RG-1,STE-06-A,ok,steel_metals-006-002,% mass,[],manual,synthetic demo single low action outlier
demo-steel_metals-cs-burn-02-low-carbon,0.0452,2026-02-23T12:00:00Z,Low Carbon,C/S QC,CS Burn-02,Combustion C/S,steel_metals-demo,STE-RG-1,STE-06-A,ok,steel_metals-006-003,% mass,[],manual,synthetic demo single low action outlier
demo-steel_metals-cs-burn-02-low-carbon,0.0446,2026-02-23T14:00:00Z,Low Carbon,C/S QC,CS Burn-02,Combustion C/S,steel_metals-demo,STE-RG-1,STE-06-A,ok,steel_metals-006-004,% mass,[],manual,synthetic demo single low action outlier
demo-steel_metals-cs-burn-02-low-carbon,0.045,2026-02-23T16:00:00Z,Low Carbon,C/S QC,CS Burn-02,Combustion C/S,steel_metals-demo,STE-RG-1,STE-06-A,ok,steel_metals-006-005,% mass,[],manual,synthetic demo single low action outlier
demo-steel_metals-cs-burn-02-low-carbon,0.0454,2026-02-23T18:00:00Z,Low Carbon,C/S QC,CS Burn-02,Combustion C/S,steel_metals-demo,STE-RG-1,STE-06-A,ok,steel_metals-006-006,% mass,[],manual,synthetic demo single low action outlier
demo-steel_metals-cs-burn-02-low-carbon,0.0448,2026-02-23T20:00:00Z,Low Carbon,C/S QC,CS Burn-02,Combustion C/S,steel_metals-demo,STE-RG-1,STE-06-A,ok,steel_metals-006-007,% mass,[],manual,synthetic demo single low action outlier
demo-steel_metals-cs-burn-02-low-carbon,0.0446,2026-02-23T22:00:00Z,Low Carbon,C/S QC,CS Burn-02,Combustion C/S,steel_metals-demo,STE-RG-1,STE-06-A,ok,steel_metals-006-008,% mass,[],manual,synthetic demo single low action outlier
demo-steel_metals-cs-burn-02-low-carbon,0.0382,2026-02-24T00:00:00Z,Low Carbon,C/S QC,CS Burn-02,Combustion C/S,steel_metals-demo,STE-RG-1,STE-06-A,ok,steel_metals-006-009,% mass,[],manual,synthetic demo single low action outlier
demo-steel_metals-cs-burn-02-low-carbon,0.0444,2026-02-24T02:00:00Z,Low Carbon,C/S QC,CS Burn-02,Combustion C/S,steel_metals-demo,STE-RG-1,STE-06-A,ok,steel_metals-006-010,% mass,[],manual,synthetic demo single low action outlier
demo-steel_metals-cs-burn-02-low-carbon,0.045,2026-02-24T04:00:00Z,Low Carbon,C/S QC,CS Burn-02,Combustion C/S,steel_metals-demo,STE-RG-1,STE-06-A,ok,steel_metals-006-011,% mass,[],manual,synthetic demo single low action outlier
demo-steel_metals-cs-burn-02-low-carbon,0.0452,2026-02-24T06:00:00Z,Low Carbon,C/S QC,CS Burn-02,Combustion C/S,steel_metals-demo,STE-RG-1,STE-06-A,ok,steel_metals-006-012,% mass,[],manual,synthetic demo single low action outlier
demo-steel_metals-cs-burn-02-low-carbon,0.0448,2026-02-24T08:00:00Z,Low Carbon,C/S QC,CS Burn-02,Combustion C/S,steel_metals-demo,STE-RG-1,STE-06-A,ok,steel_metals-006-013,% mass,[],manual,synthetic demo single low action outlier
demo-steel_metals-cs-burn-02-low-carbon,0.045,2026-02-24T10:00:00Z,Low Carbon,C/S QC,CS Burn-02,Combustion C/S,steel_metals-demo,STE-RG-1,STE-06-A,ok,steel_metals-006-014,% mass,[],manual,synthetic demo single low action outlier
demo-steel_metals-cs-burn-02-low-carbon,0.0454,2026-02-24T12:00:00Z,Low Carbon,C/S QC,CS Burn-02,Combustion C/S,steel_metals-demo,STE-RG-1,STE-06-A,ok,steel_metals-006-015,% mass,[],manual,synthetic demo single low action outlier
demo-steel_metals-cs-burn-02-low-carbon,0.0446,2026-02-24T14:00:00Z,Low Carbon,C/S QC,CS Burn-02,Combustion C/S,steel_metals-demo,STE-RG-2,STE-06-B,ok,steel_metals-006-016,% mass,[],manual,synthetic demo single low action outlier
demo-steel_metals-cs-burn-02-low-carbon,0.0448,2026-02-24T16:00:00Z,Low Carbon,C/S QC,CS Burn-02,Combustion C/S,steel_metals-demo,STE-RG-2,STE-06-B,ok,steel_metals-006-017,% mass,[],manual,synthetic demo single low action outlier
demo-steel_metals-cs-burn-02-low-carbon,0.045,2026-02-24T18:00:00Z,Low Carbon,C/S QC,CS Burn-02,Combustion C/S,steel_metals-demo,STE-RG-2,STE-06-B,ok,steel_metals-006-018,% mass,[],manual,synthetic demo single low action outlier
demo-steel_metals-cs-burn-02-low-carbon,0.0452,2026-02-24T20:00:00Z,Low Carbon,C/S QC,CS Burn-02,Combustion C/S,steel_metals-demo,STE-RG-2,STE-06-B,ok,steel_metals-006-019,% mass,[],manual,synthetic demo single low action outlier
demo-steel_metals-cs-burn-02-low-carbon,0.0448,2026-02-24T22:00:00Z,Low Carbon,C/S QC,CS Burn-02,Combustion C/S,steel_metals-demo,STE-RG-2,STE-06-B,ok,steel_metals-006-020,% mass,[],manual,synthetic demo single low action outlier
demo-steel_metals-cs-burn-02-low-carbon,0.045,2026-02-25T00:00:00Z,Low Carbon,C/S QC,CS Burn-02,Combustion C/S,steel_metals-demo,STE-RG-2,STE-06-B,ok,steel_metals-006-021,% mass,[],manual,synthetic demo single low action outlier
demo-steel_metals-cs-burn-02-low-carbon,0.0454,2026-02-25T02:00:00Z,Low Carbon,C/S QC,CS Burn-02,Combustion C/S,steel_metals-demo,STE-RG-2,STE-06-B,ok,steel_metals-006-022,% mass,[],manual,synthetic demo single low action outlier
demo-steel_metals-cs-burn-02-low-carbon,0.0448,2026-02-25T04:00:00Z,Low Carbon,C/S QC,CS Burn-02,Combustion C/S,steel_metals-demo,STE-RG-2,STE-06-B,ok,steel_metals-006-023,% mass,[],manual,synthetic demo single low action outlier
demo-steel_metals-cs-burn-02-low-carbon,0.045,2026-02-25T06:00:00Z,Low Carbon,C/S QC,CS Burn-02,Combustion C/S,steel_metals-demo,STE-RG-2,STE-06-B,ok,steel_metals-006-024,% mass,[],manual,synthetic demo single low action outlier
demo-steel_metals-cs-burn-02-low-carbon,0.0446,2026-02-25T08:00:00Z,Low Carbon,C/S QC,CS Burn-02,Combustion C/S,steel_metals-demo,STE-RG-2,STE-06-B,ok,steel_metals-006-025,% mass,[],manual,synthetic demo single low action outlier
demo-steel_metals-cs-burn-02-sulfur,0.018,2026-02-23T08:05:00Z,Sulfur,C/S QC,CS Burn-02,Combustion C/S,steel_metals-demo,STE-RG-1,STE-07-A,ok,steel_metals-007-001,% mass,[],manual,synthetic demo maintenance recovery
demo-steel_metals-cs-burn-02-sulfur,0.0182,2026-02-23T10:05:00Z,Sulfur,C/S QC,CS Burn-02,Combustion C/S,steel_metals-demo,STE-RG-1,STE-07-A,ok,steel_metals-007-002,% mass,[],manual,synthetic demo maintenance recovery
demo-steel_metals-cs-burn-02-sulfur,0.0184,2026-02-23T12:05:00Z,Sulfur,C/S QC,CS Burn-02,Combustion C/S,steel_metals-demo,STE-RG-1,STE-07-A,ok,steel_metals-007-003,% mass,[],manual,synthetic demo maintenance recovery
demo-steel_metals-cs-burn-02-sulfur,0.0187,2026-02-23T14:05:00Z,Sulfur,C/S QC,CS Burn-02,Combustion C/S,steel_metals-demo,STE-RG-1,STE-07-A,ok,steel_metals-007-004,% mass,[],manual,synthetic demo maintenance recovery
demo-steel_metals-cs-burn-02-sulfur,0.019,2026-02-23T16:05:00Z,Sulfur,C/S QC,CS Burn-02,Combustion C/S,steel_metals-demo,STE-RG-1,STE-07-A,ok,steel_metals-007-005,% mass,[],manual,synthetic demo maintenance recovery
demo-steel_metals-cs-burn-02-sulfur,0.0194,2026-02-23T18:05:00Z,Sulfur,C/S QC,CS Burn-02,Combustion C/S,steel_metals-demo,STE-RG-1,STE-07-A,ok,steel_metals-007-006,% mass,[],manual,synthetic demo maintenance recovery
demo-steel_metals-cs-burn-02-sulfur,0.0198,2026-02-23T20:05:00Z,Sulfur,C/S QC,CS Burn-02,Combustion C/S,steel_metals-demo,STE-RG-1,STE-07-A,ok,steel_metals-007-007,% mass,[],manual,synthetic demo maintenance recovery
demo-steel_metals-cs-burn-02-sulfur,0.0201,2026-02-23T22:05:00Z,Sulfur,C/S QC,CS Burn-02,Combustion C/S,steel_metals-demo,STE-RG-1,STE-07-A,ok,steel_metals-007-008,% mass,[],manual,synthetic demo maintenance recovery
demo-steel_metals-cs-burn-02-sulfur,0.0204,2026-02-24T00:05:00Z,Sulfur,C/S QC,CS Burn-02,Combustion C/S,steel_metals-demo,STE-RG-1,STE-07-A,ok,steel_metals-007-009,% mass,[],manual,synthetic demo maintenance recovery
demo-steel_metals-cs-burn-02-sulfur,0.0208,2026-02-24T02:05:00Z,Sulfur,C/S QC,CS Burn-02,Combustion C/S,steel_metals-demo,STE-RG-1,STE-07-A,ok,steel_metals-007-010,% mass,[],manual,synthetic demo maintenance recovery
demo-steel_metals-cs-burn-02-sulfur,0.0212,2026-02-24T04:05:00Z,Sulfur,C/S QC,CS Burn-02,Combustion C/S,steel_metals-demo,STE-RG-1,STE-07-A,ok,steel_metals-007-011,% mass,[],manual,synthetic demo maintenance recovery
demo-steel_metals-cs-burn-02-sulfur,0.0207,2026-02-24T06:05:00Z,Sulfur,C/S QC,CS Burn-02,Combustion C/S,steel_metals-demo,STE-RG-1,STE-07-A,ok,steel_metals-007-012,% mass,[],manual,synthetic demo maintenance recovery
demo-steel_metals-cs-burn-02-sulfur,0.0201,2026-02-24T08:05:00Z,Sulfur,C/S QC,CS Burn-02,Combustion C/S,steel_metals-demo,STE-RG-1,STE-07-A,ok,steel_metals-007-013,% mass,[],manual,synthetic demo maintenance recovery
demo-steel_metals-cs-burn-02-sulfur,0.0192,2026-02-24T10:05:00Z,Sulfur,C/S QC,CS Burn-02,Combustion C/S,steel_metals-demo,STE-RG-1,STE-07-A,ok,steel_metals-007-014,% mass,[],manual,synthetic demo maintenance recovery
demo-steel_metals-cs-burn-02-sulfur,0.0185,2026-02-24T12:05:00Z,Sulfur,C/S QC,CS Burn-02,Combustion C/S,steel_metals-demo,STE-RG-1,STE-07-A,ok,steel_metals-007-015,% mass,[],manual,synthetic demo maintenance recovery
demo-steel_metals-cs-burn-02-sulfur,0.0182,2026-02-24T14:05:00Z,Sulfur,C/S QC,CS Burn-02,Combustion C/S,steel_metals-demo,STE-RG-2,STE-07-B,ok,steel_metals-007-016,% mass,[],manual,synthetic demo maintenance recovery
demo-steel_metals-cs-burn-02-sulfur,0.018,2026-02-24T16:05:00Z,Sulfur,C/S QC,CS Burn-02,Combustion C/S,steel_metals-demo,STE-RG-2,STE-07-B,ok,steel_metals-007-017,% mass,[],manual,synthetic demo maintenance recovery
demo-steel_metals-cs-burn-02-sulfur,0.0179,2026-02-24T18:05:00Z,Sulfur,C/S QC,CS Burn-02,Combustion C/S,steel_metals-demo,STE-RG-2,STE-07-B,ok,steel_metals-007-018,% mass,[],manual,synthetic demo maintenance recovery
demo-steel_metals-cs-burn-02-sulfur,0.0181,2026-02-24T20:05:00Z,Sulfur,C/S QC,CS Burn-02,Combustion C/S,steel_metals-demo,STE-RG-2,STE-07-B,ok,steel_metals-007-019,% mass,[],manual,synthetic demo maintenance recovery
demo-steel_metals-cs-burn-02-sulfur,0.018,2026-02-24T22:05:00Z,Sulfur,C/S QC,CS Burn-02,Combustion C/S,steel_metals-demo,STE-RG-2,STE-07-B,ok,steel_metals-007-020,% mass,[],manual,synthetic demo maintenance recovery
demo-steel_metals-cs-burn-02-sulfur,0.0178,2026-02-25T00:05:00Z,Sulfur,C/S QC,CS Burn-02,Combustion C/S,steel_metals-demo,STE-RG-2,STE-07-B,ok,steel_metals-007-021,% mass,[],manual,synthetic demo maintenance recovery
demo-steel_metals-cs-burn-02-sulfur,0.0181,2026-02-25T02:05:00Z,Sulfur,C/S QC,CS Burn-02,Combustion C/S,steel_metals-demo,STE-RG-2,STE-07-B,ok,steel_metals-007-022,% mass,[],manual,synthetic demo maintenance recovery
demo-steel_metals-cs-burn-02-sulfur,0.018,2026-02-25T04:05:00Z,Sulfur,C/S QC,CS Burn-02,Combustion C/S,steel_metals-demo,STE-RG-2,STE-07-B,ok,steel_metals-007-023,% mass,[],manual,synthetic demo maintenance recovery
demo-steel_metals-cs-burn-02-sulfur,0.0182,2026-02-25T06:05:00Z,Sulfur,C/S QC,CS Burn-02,Combustion C/S,steel_metals-demo,STE-RG-2,STE-07-B,ok,steel_metals-007-024,% mass,[],manual,synthetic demo maintenance recovery
demo-steel_metals-cs-burn-02-sulfur,0.0179,2026-02-25T08:05:00Z,Sulfur,C/S QC,CS Burn-02,Combustion C/S,steel_metals-demo,STE-RG-2,STE-07-B,ok,steel_metals-007-025,% mass,[],manual,synthetic demo maintenance recovery
demo-steel_metals-cs-burn-02-high-carbon,0.78,2026-02-23T08:10:00Z,High Carbon,C/S QC,CS Burn-02,Combustion C/S,steel_metals-demo,STE-RG-1,STE-08-A,ok,steel_metals-008-001,% mass,[],manual,synthetic demo downward step after lot change
demo-steel_metals-cs-burn-02-high-carbon,0.7788,2026-02-23T10:10:00Z,High Carbon,C/S QC,CS Burn-02,Combustion C/S,steel_metals-demo,STE-RG-1,STE-08-A,ok,steel_metals-008-002,% mass,[],manual,synthetic demo downward step after lot change
demo-steel_metals-cs-burn-02-high-carbon,0.7812,2026-02-23T12:10:00Z,High Carbon,C/S QC,CS Burn-02,Combustion C/S,steel_metals-demo,STE-RG-1,STE-08-A,ok,steel_metals-008-003,% mass,[],manual,synthetic demo downward step after lot change
demo-steel_metals-cs-burn-02-high-carbon,0.78,2026-02-23T14:10:00Z,High Carbon,C/S QC,CS Burn-02,Combustion C/S,steel_metals-demo,STE-RG-1,STE-08-A,ok,steel_metals-008-004,% mass,[],manual,synthetic demo downward step after lot change
demo-steel_metals-cs-burn-02-high-carbon,0.7776,2026-02-23T16:10:00Z,High Carbon,C/S QC,CS Burn-02,Combustion C/S,steel_metals-demo,STE-RG-1,STE-08-A,ok,steel_metals-008-005,% mass,[],manual,synthetic demo downward step after lot change
demo-steel_metals-cs-burn-02-high-carbon,0.7788,2026-02-23T18:10:00Z,High Carbon,C/S QC,CS Burn-02,Combustion C/S,steel_metals-demo,STE-RG-1,STE-08-A,ok,steel_metals-008-006,% mass,[],manual,synthetic demo downward step after lot change
demo-steel_metals-cs-burn-02-high-carbon,0.7812,2026-02-23T20:10:00Z,High Carbon,C/S QC,CS Burn-02,Combustion C/S,steel_metals-demo,STE-RG-1,STE-08-A,ok,steel_metals-008-007,% mass,[],manual,synthetic demo downward step after lot change
demo-steel_metals-cs-burn-02-high-carbon,0.78,2026-02-23T22:10:00Z,High Carbon,C/S QC,CS Burn-02,Combustion C/S,steel_metals-demo,STE-RG-1,STE-08-A,ok,steel_metals-008-008,% mass,[],manual,synthetic demo downward step after lot change
demo-steel_metals-cs-burn-02-high-carbon,0.7788,2026-02-24T00:10:00Z,High Carbon,C/S QC,CS Burn-02,Combustion C/S,steel_metals-demo,STE-RG-1,STE-08-A,ok,steel_metals-008-009,% mass,[],manual,synthetic demo downward step after lot change
demo-steel_metals-cs-burn-02-high-carbon,0.7812,2026-02-24T02:10:00Z,High Carbon,C/S QC,CS Burn-02,Combustion C/S,steel_metals-demo,STE-RG-1,STE-08-A,ok,steel_metals-008-010,% mass,[],manual,synthetic demo downward step after lot change
demo-steel_metals-cs-burn-02-high-carbon,0.78,2026-02-24T04:10:00Z,High Carbon,C/S QC,CS Burn-02,Combustion C/S,steel_metals-demo,STE-RG-1,STE-08-A,ok,steel_metals-008-011,% mass,[],manual,synthetic demo downward step after lot change
demo-steel_metals-cs-burn-02-high-carbon,0.7776,2026-02-24T06:10:00Z,High Carbon,C/S QC,CS Burn-02,Combustion C/S,steel_metals-demo,STE-RG-1,STE-08-A,ok,steel_metals-008-012,% mass,[],manual,synthetic demo downward step after lot change
demo-steel_metals-cs-burn-02-high-carbon,0.7788,2026-02-24T08:10:00Z,High Carbon,C/S QC,CS Burn-02,Combustion C/S,steel_metals-demo,STE-RG-1,STE-08-A,ok,steel_metals-008-013,% mass,[],manual,synthetic demo downward step after lot change
demo-steel_metals-cs-burn-02-high-carbon,0.78,2026-02-24T10:10:00Z,High Carbon,C/S QC,CS Burn-02,Combustion C/S,steel_metals-demo,STE-RG-1,STE-08-A,ok,steel_metals-008-014,% mass,[],manual,synthetic demo downward step after lot change
demo-steel_metals-cs-burn-02-high-carbon,0.7812,2026-02-24T12:10:00Z,High Carbon,C/S QC,CS Burn-02,Combustion C/S,steel_metals-demo,STE-RG-1,STE-08-A,ok,steel_metals-008-015,% mass,[],manual,synthetic demo downward step after lot change
demo-steel_metals-cs-burn-02-high-carbon,0.7656,2026-02-24T14:10:00Z,High Carbon,C/S QC,CS Burn-02,Combustion C/S,steel_metals-demo,STE-RG-2,STE-08-B,ok,steel_metals-008-016,% mass,[],manual,synthetic demo downward step after lot change
demo-steel_metals-cs-burn-02-high-carbon,0.7632,2026-02-24T16:10:00Z,High Carbon,C/S QC,CS Burn-02,Combustion C/S,steel_metals-demo,STE-RG-2,STE-08-B,ok,steel_metals-008-017,% mass,[],manual,synthetic demo downward step after lot change
demo-steel_metals-cs-burn-02-high-carbon,0.762,2026-02-24T18:10:00Z,High Carbon,C/S QC,CS Burn-02,Combustion C/S,steel_metals-demo,STE-RG-2,STE-08-B,ok,steel_metals-008-018,% mass,[],manual,synthetic demo downward step after lot change
demo-steel_metals-cs-burn-02-high-carbon,0.7632,2026-02-24T20:10:00Z,High Carbon,C/S QC,CS Burn-02,Combustion C/S,steel_metals-demo,STE-RG-2,STE-08-B,ok,steel_metals-008-019,% mass,[],manual,synthetic demo downward step after lot change
demo-steel_metals-cs-burn-02-high-carbon,0.7608,2026-02-24T22:10:00Z,High Carbon,C/S QC,CS Burn-02,Combustion C/S,steel_metals-demo,STE-RG-2,STE-08-B,ok,steel_metals-008-020,% mass,[],manual,synthetic demo downward step after lot change
demo-steel_metals-cs-burn-02-high-carbon,0.762,2026-02-25T00:10:00Z,High Carbon,C/S QC,CS Burn-02,Combustion C/S,steel_metals-demo,STE-RG-2,STE-08-B,ok,steel_metals-008-021,% mass,[],manual,synthetic demo downward step after lot change
demo-steel_metals-cs-burn-02-high-carbon,0.7632,2026-02-25T02:10:00Z,High Carbon,C/S QC,CS Burn-02,Combustion C/S,steel_metals-demo,STE-RG-2,STE-08-B,ok,steel_metals-008-022,% mass,[],manual,synthetic demo downward step after lot change
demo-steel_metals-cs-burn-02-high-carbon,0.7608,2026-02-25T04:10:00Z,High Carbon,C/S QC,CS Burn-02,Combustion C/S,steel_metals-demo,STE-RG-2,STE-08-B,ok,steel_metals-008-023,% mass,[],manual,synthetic demo downward step after lot change
demo-steel_metals-cs-burn-02-high-carbon,0.762,2026-02-25T06:10:00Z,High Carbon,C/S QC,CS Burn-02,Combustion C/S,steel_metals-demo,STE-RG-2,STE-08-B,ok,steel_metals-008-024,% mass,[],manual,synthetic demo downward step after lot change
demo-steel_metals-cs-burn-02-high-carbon,0.7632,2026-02-25T08:10:00Z,High Carbon,C/S QC,CS Burn-02,Combustion C/S,steel_metals-demo,STE-RG-2,STE-08-B,ok,steel_metals-008-025,% mass,[],manual,synthetic demo downward step after lot change
demo-steel_metals-hardness-h-03-rockwell-b,82.0,2026-02-23T08:15:00Z,Rockwell B,Hardness QC,Hardness H-03,Hardness,steel_metals-demo,STE-RG-1,STE-09-A,ok,steel_metals-009-001,HRB,[],manual,synthetic demo slow low drift
demo-steel_metals-hardness-h-03-rockwell-b,81.9,2026-02-23T10:15:00Z,Rockwell B,Hardness QC,Hardness H-03,Hardness,steel_metals-demo,STE-RG-1,STE-09-A,ok,steel_metals-009-002,HRB,[],manual,synthetic demo slow low drift
demo-steel_metals-hardness-h-03-rockwell-b,81.7,2026-02-23T12:15:00Z,Rockwell B,Hardness QC,Hardness H-03,Hardness,steel_metals-demo,STE-RG-1,STE-09-A,ok,steel_metals-009-003,HRB,[],manual,synthetic demo slow low drift
demo-steel_metals-hardness-h-03-rockwell-b,81.5,2026-02-23T14:15:00Z,Rockwell B,Hardness QC,Hardness H-03,Hardness,steel_metals-demo,STE-RG-1,STE-09-A,ok,steel_metals-009-004,HRB,[],manual,synthetic demo slow low drift
demo-steel_metals-hardness-h-03-rockwell-b,81.3,2026-02-23T16:15:00Z,Rockwell B,Hardness QC,Hardness H-03,Hardness,steel_metals-demo,STE-RG-1,STE-09-A,ok,steel_metals-009-005,HRB,[],manual,synthetic demo slow low drift
demo-steel_metals-hardness-h-03-rockwell-b,81.1,2026-02-23T18:15:00Z,Rockwell B,Hardness QC,Hardness H-03,Hardness,steel_metals-demo,STE-RG-1,STE-09-A,ok,steel_metals-009-006,HRB,[],manual,synthetic demo slow low drift
demo-steel_metals-hardness-h-03-rockwell-b,80.9,2026-02-23T20:15:00Z,Rockwell B,Hardness QC,Hardness H-03,Hardness,steel_metals-demo,STE-RG-1,STE-09-A,ok,steel_metals-009-007,HRB,[],manual,synthetic demo slow low drift
demo-steel_metals-hardness-h-03-rockwell-b,80.7,2026-02-23T22:15:00Z,Rockwell B,Hardness QC,Hardness H-03,Hardness,steel_metals-demo,STE-RG-1,STE-09-A,ok,steel_metals-009-008,HRB,[],manual,synthetic demo slow low drift
demo-steel_metals-hardness-h-03-rockwell-b,80.5,2026-02-24T00:15:00Z,Rockwell B,Hardness QC,Hardness H-03,Hardness,steel_metals-demo,STE-RG-1,STE-09-A,ok,steel_metals-009-009,HRB,[],manual,synthetic demo slow low drift
demo-steel_metals-hardness-h-03-rockwell-b,80.3,2026-02-24T02:15:00Z,Rockwell B,Hardness QC,Hardness H-03,Hardness,steel_metals-demo,STE-RG-1,STE-09-A,ok,steel_metals-009-010,HRB,[],manual,synthetic demo slow low drift
demo-steel_metals-hardness-h-03-rockwell-b,80.1,2026-02-24T04:15:00Z,Rockwell B,Hardness QC,Hardness H-03,Hardness,steel_metals-demo,STE-RG-1,STE-09-A,ok,steel_metals-009-011,HRB,[],manual,synthetic demo slow low drift
demo-steel_metals-hardness-h-03-rockwell-b,79.9,2026-02-24T06:15:00Z,Rockwell B,Hardness QC,Hardness H-03,Hardness,steel_metals-demo,STE-RG-1,STE-09-A,ok,steel_metals-009-012,HRB,[],manual,synthetic demo slow low drift
demo-steel_metals-hardness-h-03-rockwell-b,79.8,2026-02-24T08:15:00Z,Rockwell B,Hardness QC,Hardness H-03,Hardness,steel_metals-demo,STE-RG-1,STE-09-A,ok,steel_metals-009-013,HRB,[],manual,synthetic demo slow low drift
demo-steel_metals-hardness-h-03-rockwell-b,79.7,2026-02-24T10:15:00Z,Rockwell B,Hardness QC,Hardness H-03,Hardness,steel_metals-demo,STE-RG-1,STE-09-A,ok,steel_metals-009-014,HRB,[],manual,synthetic demo slow low drift
demo-steel_metals-hardness-h-03-rockwell-b,79.6,2026-02-24T12:15:00Z,Rockwell B,Hardness QC,Hardness H-03,Hardness,steel_metals-demo,STE-RG-1,STE-09-A,ok,steel_metals-009-015,HRB,[],manual,synthetic demo slow low drift
demo-steel_metals-hardness-h-03-rockwell-b,79.5,2026-02-24T14:15:00Z,Rockwell B,Hardness QC,Hardness H-03,Hardness,steel_metals-demo,STE-RG-2,STE-09-B,ok,steel_metals-009-016,HRB,[],manual,synthetic demo slow low drift
demo-steel_metals-hardness-h-03-rockwell-b,79.4,2026-02-24T16:15:00Z,Rockwell B,Hardness QC,Hardness H-03,Hardness,steel_metals-demo,STE-RG-2,STE-09-B,ok,steel_metals-009-017,HRB,[],manual,synthetic demo slow low drift
demo-steel_metals-hardness-h-03-rockwell-b,79.3,2026-02-24T18:15:00Z,Rockwell B,Hardness QC,Hardness H-03,Hardness,steel_metals-demo,STE-RG-2,STE-09-B,ok,steel_metals-009-018,HRB,[],manual,synthetic demo slow low drift
demo-steel_metals-hardness-h-03-rockwell-b,79.2,2026-02-24T20:15:00Z,Rockwell B,Hardness QC,Hardness H-03,Hardness,steel_metals-demo,STE-RG-2,STE-09-B,ok,steel_metals-009-019,HRB,[],manual,synthetic demo slow low drift
demo-steel_metals-hardness-h-03-rockwell-b,79.1,2026-02-24T22:15:00Z,Rockwell B,Hardness QC,Hardness H-03,Hardness,steel_metals-demo,STE-RG-2,STE-09-B,ok,steel_metals-009-020,HRB,[],manual,synthetic demo slow low drift
demo-steel_metals-hardness-h-03-rockwell-b,79.0,2026-02-25T00:15:00Z,Rockwell B,Hardness QC,Hardness H-03,Hardness,steel_metals-demo,STE-RG-2,STE-09-B,ok,steel_metals-009-021,HRB,[],manual,synthetic demo slow low drift
demo-steel_metals-hardness-h-03-rockwell-b,78.9,2026-02-25T02:15:00Z,Rockwell B,Hardness QC,Hardness H-03,Hardness,steel_metals-demo,STE-RG-2,STE-09-B,ok,steel_metals-009-022,HRB,[],manual,synthetic demo slow low drift
demo-steel_metals-hardness-h-03-rockwell-b,78.8,2026-02-25T04:15:00Z,Rockwell B,Hardness QC,Hardness H-03,Hardness,steel_metals-demo,STE-RG-2,STE-09-B,ok,steel_metals-009-023,HRB,[],manual,synthetic demo slow low drift
demo-steel_metals-hardness-h-03-rockwell-b,78.7,2026-02-25T06:15:00Z,Rockwell B,Hardness QC,Hardness H-03,Hardness,steel_metals-demo,STE-RG-2,STE-09-B,ok,steel_metals-009-024,HRB,[],manual,synthetic demo slow low drift
demo-steel_metals-hardness-h-03-rockwell-b,78.6,2026-02-25T08:15:00Z,Rockwell B,Hardness QC,Hardness H-03,Hardness,steel_metals-demo,STE-RG-2,STE-09-B,ok,steel_metals-009-025,HRB,[],manual,synthetic demo slow low drift
demo-steel_metals-hardness-h-03-rockwell-c,34.0,2026-02-23T08:20:00Z,Rockwell C,Hardness QC,Hardness H-03,Hardness,steel_metals-demo,STE-RG-1,STE-10-A,ok,steel_metals-010-001,HRC,[],manual,synthetic demo alternating high/low variability
demo-steel_metals-hardness-h-03-rockwell-c,34.07,2026-02-23T10:20:00Z,Rockwell C,Hardness QC,Hardness H-03,Hardness,steel_metals-demo,STE-RG-1,STE-10-A,ok,steel_metals-010-002,HRC,[],manual,synthetic demo alternating high/low variability
demo-steel_metals-hardness-h-03-rockwell-c,35.54,2026-02-23T12:20:00Z,Rockwell C,Hardness QC,Hardness H-03,Hardness,steel_metals-demo,STE-RG-1,STE-10-A,ok,steel_metals-010-003,HRC,[],manual,synthetic demo alternating high/low variability
demo-steel_metals-hardness-h-03-rockwell-c,32.46,2026-02-23T14:20:00Z,Rockwell C,Hardness QC,Hardness H-03,Hardness,steel_metals-demo,STE-RG-1,STE-10-A,ok,steel_metals-010-004,HRC,[],manual,synthetic demo alternating high/low variability
demo-steel_metals-hardness-h-03-rockwell-c,35.47,2026-02-23T16:20:00Z,Rockwell C,Hardness QC,Hardness H-03,Hardness,steel_metals-demo,STE-RG-1,STE-10-A,ok,steel_metals-010-005,HRC,[],manual,synthetic demo alternating high/low variability
demo-steel_metals-hardness-h-03-rockwell-c,32.53,2026-02-23T18:20:00Z,Rockwell C,Hardness QC,Hardness H-03,Hardness,steel_metals-demo,STE-RG-1,STE-10-A,ok,steel_metals-010-006,HRC,[],manual,synthetic demo alternating high/low variability
demo-steel_metals-hardness-h-03-rockwell-c,35.26,2026-02-23T20:20:00Z,Rockwell C,Hardness QC,Hardness H-03,Hardness,steel_metals-demo,STE-RG-1,STE-10-A,ok,steel_metals-010-007,HRC,[],manual,synthetic demo alternating high/low variability
demo-steel_metals-hardness-h-03-rockwell-c,32.81,2026-02-23T22:20:00Z,Rockwell C,Hardness QC,Hardness H-03,Hardness,steel_metals-demo,STE-RG-1,STE-10-A,ok,steel_metals-010-008,HRC,[],manual,synthetic demo alternating high/low variability
demo-steel_metals-hardness-h-03-rockwell-c,35.05,2026-02-24T00:20:00Z,Rockwell C,Hardness QC,Hardness H-03,Hardness,steel_metals-demo,STE-RG-1,STE-10-A,ok,steel_metals-010-009,HRC,[],manual,synthetic demo alternating high/low variability
demo-steel_metals-hardness-h-03-rockwell-c,33.02,2026-02-24T02:20:00Z,Rockwell C,Hardness QC,Hardness H-03,Hardness,steel_metals-demo,STE-RG-1,STE-10-A,ok,steel_metals-010-010,HRC,[],manual,synthetic demo alternating high/low variability
demo-steel_metals-hardness-h-03-rockwell-c,34.84,2026-02-24T04:20:00Z,Rockwell C,Hardness QC,Hardness H-03,Hardness,steel_metals-demo,STE-RG-1,STE-10-A,ok,steel_metals-010-011,HRC,[],manual,synthetic demo alternating high/low variability
demo-steel_metals-hardness-h-03-rockwell-c,33.23,2026-02-24T06:20:00Z,Rockwell C,Hardness QC,Hardness H-03,Hardness,steel_metals-demo,STE-RG-1,STE-10-A,ok,steel_metals-010-012,HRC,[],manual,synthetic demo alternating high/low variability
demo-steel_metals-hardness-h-03-rockwell-c,34.56,2026-02-24T08:20:00Z,Rockwell C,Hardness QC,Hardness H-03,Hardness,steel_metals-demo,STE-RG-1,STE-10-A,ok,steel_metals-010-013,HRC,[],manual,synthetic demo alternating high/low variability
demo-steel_metals-hardness-h-03-rockwell-c,33.51,2026-02-24T10:20:00Z,Rockwell C,Hardness QC,Hardness H-03,Hardness,steel_metals-demo,STE-RG-1,STE-10-A,ok,steel_metals-010-014,HRC,[],manual,synthetic demo alternating high/low variability
demo-steel_metals-hardness-h-03-rockwell-c,34.28,2026-02-24T12:20:00Z,Rockwell C,Hardness QC,Hardness H-03,Hardness,steel_metals-demo,STE-RG-1,STE-10-A,ok,steel_metals-010-015,HRC,[],manual,synthetic demo alternating high/low variability
demo-steel_metals-hardness-h-03-rockwell-c,33.79,2026-02-24T14:20:00Z,Rockwell C,Hardness QC,Hardness H-03,Hardness,steel_metals-demo,STE-RG-2,STE-10-B,ok,steel_metals-010-016,HRC,[],manual,synthetic demo alternating high/low variability
demo-steel_metals-hardness-h-03-rockwell-c,34.14,2026-02-24T16:20:00Z,Rockwell C,Hardness QC,Hardness H-03,Hardness,steel_metals-demo,STE-RG-2,STE-10-B,ok,steel_metals-010-017,HRC,[],manual,synthetic demo alternating high/low variability
demo-steel_metals-hardness-h-03-rockwell-c,33.86,2026-02-24T18:20:00Z,Rockwell C,Hardness QC,Hardness H-03,Hardness,steel_metals-demo,STE-RG-2,STE-10-B,ok,steel_metals-010-018,HRC,[],manual,synthetic demo alternating high/low variability
demo-steel_metals-hardness-h-03-rockwell-c,34.07,2026-02-24T20:20:00Z,Rockwell C,Hardness QC,Hardness H-03,Hardness,steel_metals-demo,STE-RG-2,STE-10-B,ok,steel_metals-010-019,HRC,[],manual,synthetic demo alternating high/low variability
demo-steel_metals-hardness-h-03-rockwell-c,34.0,2026-02-24T22:20:00Z,Rockwell C,Hardness QC,Hardness H-03,Hardness,steel_metals-demo,STE-RG-2,STE-10-B,ok,steel_metals-010-020,HRC,[],manual,synthetic demo alternating high/low variability
demo-steel_metals-hardness-h-03-rockwell-c,33.93,2026-02-25T00:20:00Z,Rockwell C,Hardness QC,Hardness H-03,Hardness,steel_metals-demo,STE-RG-2,STE-10-B,ok,steel_metals-010-021,HRC,[],manual,synthetic demo alternating high/low variability
demo-steel_metals-hardness-h-03-rockwell-c,34.07,2026-02-25T02:20:00Z,Rockwell C,Hardness QC,Hardness H-03,Hardness,steel_metals-demo,STE-RG-2,STE-10-B,ok,steel_metals-010-022,HRC,[],manual,synthetic demo alternating high/low variability
demo-steel_metals-hardness-h-03-rockwell-c,34.0,2026-02-25T04:20:00Z,Rockwell C,Hardness QC,Hardness H-03,Hardness,steel_metals-demo,STE-RG-2,STE-10-B,ok,steel_metals-010-023,HRC,[],manual,synthetic demo alternating high/low variability
demo-steel_metals-hardness-h-03-rockwell-c,33.93,2026-02-25T06:20:00Z,Rockwell C,Hardness QC,Hardness H-03,Hardness,steel_metals-demo,STE-RG-2,STE-10-B,ok,steel_metals-010-024,HRC,[],manual,synthetic demo alternating high/low variability
demo-steel_metals-hardness-h-03-rockwell-c,34.0,2026-02-25T08:20:00Z,Rockwell C,Hardness QC,Hardness H-03,Hardness,steel_metals-demo,STE-RG-2,STE-10-B,ok,steel_metals-010-025,HRC,[],manual,synthetic demo alternating high/low variability
demo-steel_metals-hardness-h-03-vickers-hv10,215.0,2026-02-23T08:25:00Z,Vickers HV10,Hardness QC,Hardness H-03,Hardness,steel_metals-demo,STE-RG-1,STE-11-A,ok,steel_metals-011-001,HV,[],manual,synthetic demo duplicate retry cluster
demo-steel_metals-hardness-h-03-vickers-hv10,215.0,2026-02-23T10:25:00Z,Vickers HV10,Hardness QC,Hardness H-03,Hardness,steel_metals-demo,STE-RG-1,STE-11-A,ok,steel_metals-011-002,HV,[],manual,synthetic demo duplicate retry cluster
demo-steel_metals-hardness-h-03-vickers-hv10,215.4,2026-02-23T12:25:00Z,Vickers HV10,Hardness QC,Hardness H-03,Hardness,steel_metals-demo,STE-RG-1,STE-11-A,ok,steel_metals-011-003,HV,[],manual,synthetic demo duplicate retry cluster
demo-steel_metals-hardness-h-03-vickers-hv10,215.4,2026-02-23T14:25:00Z,Vickers HV10,Hardness QC,Hardness H-03,Hardness,steel_metals-demo,STE-RG-1,STE-11-A,ok,steel_metals-011-004,HV,[],manual,synthetic demo duplicate retry cluster
demo-steel_metals-hardness-h-03-vickers-hv10,215.4,2026-02-23T16:25:00Z,Vickers HV10,Hardness QC,Hardness H-03,Hardness,steel_metals-demo,STE-RG-1,STE-11-A,ok,steel_metals-011-005,HV,[],manual,synthetic demo duplicate retry cluster
demo-steel_metals-hardness-h-03-vickers-hv10,214.6,2026-02-23T18:25:00Z,Vickers HV10,Hardness QC,Hardness H-03,Hardness,steel_metals-demo,STE-RG-1,STE-11-A,ok,steel_metals-011-006,HV,[],manual,synthetic demo duplicate retry cluster
demo-steel_metals-hardness-h-03-vickers-hv10,214.6,2026-02-23T20:25:00Z,Vickers HV10,Hardness QC,Hardness H-03,Hardness,steel_metals-demo,STE-RG-1,STE-11-A,ok,steel_metals-011-007,HV,[],manual,synthetic demo duplicate retry cluster
demo-steel_metals-hardness-h-03-vickers-hv10,215.0,2026-02-23T22:25:00Z,Vickers HV10,Hardness QC,Hardness H-03,Hardness,steel_metals-demo,STE-RG-1,STE-11-A,ok,steel_metals-011-008,HV,[],manual,synthetic demo duplicate retry cluster
demo-steel_metals-hardness-h-03-vickers-hv10,215.8,2026-02-24T00:25:00Z,Vickers HV10,Hardness QC,Hardness H-03,Hardness,steel_metals-demo,STE-RG-1,STE-11-A,ok,steel_metals-011-009,HV,[],manual,synthetic demo duplicate retry cluster
demo-steel_metals-hardness-h-03-vickers-hv10,215.8,2026-02-24T02:25:00Z,Vickers HV10,Hardness QC,Hardness H-03,Hardness,steel_metals-demo,STE-RG-1,STE-11-A,ok,steel_metals-011-010,HV,[],manual,synthetic demo duplicate retry cluster
demo-steel_metals-hardness-h-03-vickers-hv10,215.4,2026-02-24T04:25:00Z,Vickers HV10,Hardness QC,Hardness H-03,Hardness,steel_metals-demo,STE-RG-1,STE-11-A,ok,steel_metals-011-011,HV,[],manual,synthetic demo duplicate retry cluster
demo-steel_metals-hardness-h-03-vickers-hv10,215.0,2026-02-24T06:25:00Z,Vickers HV10,Hardness QC,Hardness H-03,Hardness,steel_metals-demo,STE-RG-1,STE-11-A,ok,steel_metals-011-012,HV,[],manual,synthetic demo duplicate retry cluster
demo-steel_metals-hardness-h-03-vickers-hv10,215.0,2026-02-24T08:25:00Z,Vickers HV10,Hardness QC,Hardness H-03,Hardness,steel_metals-demo,STE-RG-1,STE-11-A,ok,steel_metals-011-013,HV,[],manual,synthetic demo duplicate retry cluster
demo-steel_metals-hardness-h-03-vickers-hv10,214.6,2026-02-24T10:25:00Z,Vickers HV10,Hardness QC,Hardness H-03,Hardness,steel_metals-demo,STE-RG-1,STE-11-A,ok,steel_metals-011-014,HV,[],manual,synthetic demo duplicate retry cluster
demo-steel_metals-hardness-h-03-vickers-hv10,215.0,2026-02-24T12:25:00Z,Vickers HV10,Hardness QC,Hardness H-03,Hardness,steel_metals-demo,STE-RG-1,STE-11-A,ok,steel_metals-011-015,HV,[],manual,synthetic demo duplicate retry cluster
demo-steel_metals-hardness-h-03-vickers-hv10,216.2,2026-02-24T14:25:00Z,Vickers HV10,Hardness QC,Hardness H-03,Hardness,steel_metals-demo,STE-RG-2,STE-11-B,ok,steel_metals-011-016,HV,[],manual,synthetic demo duplicate retry cluster
demo-steel_metals-hardness-h-03-vickers-hv10,215.8,2026-02-24T16:25:00Z,Vickers HV10,Hardness QC,Hardness H-03,Hardness,steel_metals-demo,STE-RG-2,STE-11-B,ok,steel_metals-011-017,HV,[],manual,synthetic demo duplicate retry cluster
demo-steel_metals-hardness-h-03-vickers-hv10,216.2,2026-02-24T18:25:00Z,Vickers HV10,Hardness QC,Hardness H-03,Hardness,steel_metals-demo,STE-RG-2,STE-11-B,ok,steel_metals-011-018,HV,[],manual,synthetic demo duplicate retry cluster
demo-steel_metals-hardness-h-03-vickers-hv10,215.8,2026-02-24T20:25:00Z,Vickers HV10,Hardness QC,Hardness H-03,Hardness,steel_metals-demo,STE-RG-2,STE-11-B,ok,steel_metals-011-019,HV,[],manual,synthetic demo duplicate retry cluster
demo-steel_metals-hardness-h-03-vickers-hv10,215.4,2026-02-24T22:25:00Z,Vickers HV10,Hardness QC,Hardness H-03,Hardness,steel_metals-demo,STE-RG-2,STE-11-B,ok,steel_metals-011-020,HV,[],manual,synthetic demo duplicate retry cluster
demo-steel_metals-hardness-h-03-vickers-hv10,215.8,2026-02-25T00:25:00Z,Vickers HV10,Hardness QC,Hardness H-03,Hardness,steel_metals-demo,STE-RG-2,STE-11-B,ok,steel_metals-011-021,HV,[],manual,synthetic demo duplicate retry cluster
demo-steel_metals-hardness-h-03-vickers-hv10,215.4,2026-02-25T02:25:00Z,Vickers HV10,Hardness QC,Hardness H-03,Hardness,steel_metals-demo,STE-RG-2,STE-11-B,ok,steel_metals-011-022,HV,[],manual,synthetic demo duplicate retry cluster
demo-steel_metals-hardness-h-03-vickers-hv10,215.0,2026-02-25T04:25:00Z,Vickers HV10,Hardness QC,Hardness H-03,Hardness,steel_metals-demo,STE-RG-2,STE-11-B,ok,steel_metals-011-023,HV,[],manual,synthetic demo duplicate retry cluster
demo-steel_metals-hardness-h-03-vickers-hv10,215.4,2026-02-25T06:25:00Z,Vickers HV10,Hardness QC,Hardness H-03,Hardness,steel_metals-demo,STE-RG-2,STE-11-B,ok,steel_metals-011-024,HV,[],manual,synthetic demo duplicate retry cluster
demo-steel_metals-hardness-h-03-vickers-hv10,215.0,2026-02-25T08:25:00Z,Vickers HV10,Hardness QC,Hardness H-03,Hardness,steel_metals-demo,STE-RG-2,STE-11-B,ok,steel_metals-011-025,HV,[],manual,synthetic demo duplicate retry cluster
demo-steel_metals-hardness-h-03-brinell-hbw,180.0,2026-02-23T08:00:00Z,Brinell HBW,Hardness QC,Hardness H-03,Hardness,steel_metals-demo,STE-RG-1,STE-12-A,ok,steel_metals-012-001,HBW,[],manual,synthetic demo stable second-lot baseline
demo-steel_metals-hardness-h-03-brinell-hbw,180.35,2026-02-23T10:00:00Z,Brinell HBW,Hardness QC,Hardness H-03,Hardness,steel_metals-demo,STE-RG-1,STE-12-A,ok,steel_metals-012-002,HBW,[],manual,synthetic demo stable second-lot baseline
demo-steel_metals-hardness-h-03-brinell-hbw,179.65,2026-02-23T12:00:00Z,Brinell HBW,Hardness QC,Hardness H-03,Hardness,steel_metals-demo,STE-RG-1,STE-12-A,ok,steel_metals-012-003,HBW,[],manual,synthetic demo stable second-lot baseline
demo-steel_metals-hardness-h-03-brinell-hbw,180.7,2026-02-23T14:00:00Z,Brinell HBW,Hardness QC,Hardness H-03,Hardness,steel_metals-demo,STE-RG-1,STE-12-A,ok,steel_metals-012-004,HBW,[],manual,synthetic demo stable second-lot baseline
demo-steel_metals-hardness-h-03-brinell-hbw,179.3,2026-02-23T16:00:00Z,Brinell HBW,Hardness QC,Hardness H-03,Hardness,steel_metals-demo,STE-RG-1,STE-12-A,ok,steel_metals-012-005,HBW,[],manual,synthetic demo stable second-lot baseline
demo-steel_metals-hardness-h-03-brinell-hbw,180.35,2026-02-23T18:00:00Z,Brinell HBW,Hardness QC,Hardness H-03,Hardness,steel_metals-demo,STE-RG-1,STE-12-A,ok,steel_metals-012-006,HBW,[],manual,synthetic demo stable second-lot baseline
demo-steel_metals-hardness-h-03-brinell-hbw,180.0,2026-02-23T20:00:00Z,Brinell HBW,Hardness QC,Hardness H-03,Hardness,steel_metals-demo,STE-RG-1,STE-12-A,ok,steel_metals-012-007,HBW,[],manual,synthetic demo stable second-lot baseline
demo-steel_metals-hardness-h-03-brinell-hbw,179.65,2026-02-23T22:00:00Z,Brinell HBW,Hardness QC,Hardness H-03,Hardness,steel_metals-demo,STE-RG-1,STE-12-A,ok,steel_metals-012-008,HBW,[],manual,synthetic demo stable second-lot baseline
demo-steel_metals-hardness-h-03-brinell-hbw,180.7,2026-02-24T00:00:00Z,Brinell HBW,Hardness QC,Hardness H-03,Hardness,steel_metals-demo,STE-RG-1,STE-12-A,ok,steel_metals-012-009,HBW,[],manual,synthetic demo stable second-lot baseline
demo-steel_metals-hardness-h-03-brinell-hbw,180.35,2026-02-24T02:00:00Z,Brinell HBW,Hardness QC,Hardness H-03,Hardness,steel_metals-demo,STE-RG-1,STE-12-A,ok,steel_metals-012-010,HBW,[],manual,synthetic demo stable second-lot baseline
demo-steel_metals-hardness-h-03-brinell-hbw,179.3,2026-02-24T04:00:00Z,Brinell HBW,Hardness QC,Hardness H-03,Hardness,steel_metals-demo,STE-RG-1,STE-12-A,ok,steel_metals-012-011,HBW,[],manual,synthetic demo stable second-lot baseline
demo-steel_metals-hardness-h-03-brinell-hbw,180.0,2026-02-24T06:00:00Z,Brinell HBW,Hardness QC,Hardness H-03,Hardness,steel_metals-demo,STE-RG-1,STE-12-A,ok,steel_metals-012-012,HBW,[],manual,synthetic demo stable second-lot baseline
demo-steel_metals-hardness-h-03-brinell-hbw,180.35,2026-02-24T08:00:00Z,Brinell HBW,Hardness QC,Hardness H-03,Hardness,steel_metals-demo,STE-RG-1,STE-12-A,ok,steel_metals-012-013,HBW,[],manual,synthetic demo stable second-lot baseline
demo-steel_metals-hardness-h-03-brinell-hbw,179.65,2026-02-24T10:00:00Z,Brinell HBW,Hardness QC,Hardness H-03,Hardness,steel_metals-demo,STE-RG-1,STE-12-A,ok,steel_metals-012-014,HBW,[],manual,synthetic demo stable second-lot baseline
demo-steel_metals-hardness-h-03-brinell-hbw,180.0,2026-02-24T12:00:00Z,Brinell HBW,Hardness QC,Hardness H-03,Hardness,steel_metals-demo,STE-RG-1,STE-12-A,ok,steel_metals-012-015,HBW,[],manual,synthetic demo stable second-lot baseline
demo-steel_metals-hardness-h-03-brinell-hbw,180.7,2026-02-24T14:00:00Z,Brinell HBW,Hardness QC,Hardness H-03,Hardness,steel_metals-demo,STE-RG-2,STE-12-B,ok,steel_metals-012-016,HBW,[],manual,synthetic demo stable second-lot baseline
demo-steel_metals-hardness-h-03-brinell-hbw,179.3,2026-02-24T16:00:00Z,Brinell HBW,Hardness QC,Hardness H-03,Hardness,steel_metals-demo,STE-RG-2,STE-12-B,ok,steel_metals-012-017,HBW,[],manual,synthetic demo stable second-lot baseline
demo-steel_metals-hardness-h-03-brinell-hbw,180.35,2026-02-24T18:00:00Z,Brinell HBW,Hardness QC,Hardness H-03,Hardness,steel_metals-demo,STE-RG-2,STE-12-B,ok,steel_metals-012-018,HBW,[],manual,synthetic demo stable second-lot baseline
demo-steel_metals-hardness-h-03-brinell-hbw,180.0,2026-02-24T20:00:00Z,Brinell HBW,Hardness QC,Hardness H-03,Hardness,steel_metals-demo,STE-RG-2,STE-12-B,ok,steel_metals-012-019,HBW,[],manual,synthetic demo stable second-lot baseline
demo-steel_metals-hardness-h-03-brinell-hbw,179.65,2026-02-24T22:00:00Z,Brinell HBW,Hardness QC,Hardness H-03,Hardness,steel_metals-demo,STE-RG-2,STE-12-B,ok,steel_metals-012-020,HBW,[],manual,synthetic demo stable second-lot baseline
demo-steel_metals-hardness-h-03-brinell-hbw,180.35,2026-02-25T00:00:00Z,Brinell HBW,Hardness QC,Hardness H-03,Hardness,steel_metals-demo,STE-RG-2,STE-12-B,ok,steel_metals-012-021,HBW,[],manual,synthetic demo stable second-lot baseline
demo-steel_metals-hardness-h-03-brinell-hbw,180.0,2026-02-25T02:00:00Z,Brinell HBW,Hardness QC,Hardness H-03,Hardness,steel_metals-demo,STE-RG-2,STE-12-B,ok,steel_metals-012-022,HBW,[],manual,synthetic demo stable second-lot baseline
demo-steel_metals-hardness-h-03-brinell-hbw,179.3,2026-02-25T04:00:00Z,Brinell HBW,Hardness QC,Hardness H-03,Hardness,steel_metals-demo,STE-RG-2,STE-12-B,ok,steel_metals-012-023,HBW,[],manual,synthetic demo stable second-lot baseline
demo-steel_metals-hardness-h-03-brinell-hbw,180.7,2026-02-25T06:00:00Z,Brinell HBW,Hardness QC,Hardness H-03,Hardness,steel_metals-demo,STE-RG-2,STE-12-B,ok,steel_metals-012-024,HBW,[],manual,synthetic demo stable second-lot baseline
demo-steel_metals-hardness-h-03-brinell-hbw,180.0,2026-02-25T08:00:00Z,Brinell HBW,Hardness QC,Hardness H-03,Hardness,steel_metals-demo,STE-RG-2,STE-12-B,ok,steel_metals-012-025,HBW,[],manual,synthetic demo stable second-lot baseline
demo-steel_metals-tensile-t-04-yield-strength,355.0,2026-02-23T08:05:00Z,Yield Strength,Tensile QC,Tensile T-04,Tensile,steel_metals-demo,STE-RG-1,STE-13-A,ok,steel_metals-013-001,MPa,[],manual,synthetic demo single high action outlier
demo-steel_metals-tensile-t-04-yield-strength,355.6,2026-02-23T10:05:00Z,Yield Strength,Tensile QC,Tensile T-04,Tensile,steel_metals-demo,STE-RG-1,STE-13-A,ok,steel_metals-013-002,MPa,[],manual,synthetic demo single high action outlier
demo-steel_metals-tensile-t-04-yield-strength,354.4,2026-02-23T12:05:00Z,Yield Strength,Tensile QC,Tensile T-04,Tensile,steel_metals-demo,STE-RG-1,STE-13-A,ok,steel_metals-013-003,MPa,[],manual,synthetic demo single high action outlier
demo-steel_metals-tensile-t-04-yield-strength,356.2,2026-02-23T14:05:00Z,Yield Strength,Tensile QC,Tensile T-04,Tensile,steel_metals-demo,STE-RG-1,STE-13-A,ok,steel_metals-013-004,MPa,[],manual,synthetic demo single high action outlier
demo-steel_metals-tensile-t-04-yield-strength,355.0,2026-02-23T16:05:00Z,Yield Strength,Tensile QC,Tensile T-04,Tensile,steel_metals-demo,STE-RG-1,STE-13-A,ok,steel_metals-013-005,MPa,[],manual,synthetic demo single high action outlier
demo-steel_metals-tensile-t-04-yield-strength,353.8,2026-02-23T18:05:00Z,Yield Strength,Tensile QC,Tensile T-04,Tensile,steel_metals-demo,STE-RG-1,STE-13-A,ok,steel_metals-013-006,MPa,[],manual,synthetic demo single high action outlier
demo-steel_metals-tensile-t-04-yield-strength,355.6,2026-02-23T20:05:00Z,Yield Strength,Tensile QC,Tensile T-04,Tensile,steel_metals-demo,STE-RG-1,STE-13-A,ok,steel_metals-013-007,MPa,[],manual,synthetic demo single high action outlier
demo-steel_metals-tensile-t-04-yield-strength,356.2,2026-02-23T22:05:00Z,Yield Strength,Tensile QC,Tensile T-04,Tensile,steel_metals-demo,STE-RG-1,STE-13-A,ok,steel_metals-013-008,MPa,[],manual,synthetic demo single high action outlier
demo-steel_metals-tensile-t-04-yield-strength,375.4,2026-02-24T00:05:00Z,Yield Strength,Tensile QC,Tensile T-04,Tensile,steel_metals-demo,STE-RG-1,STE-13-A,ok,steel_metals-013-009,MPa,[],manual,synthetic demo single high action outlier
demo-steel_metals-tensile-t-04-yield-strength,356.8,2026-02-24T02:05:00Z,Yield Strength,Tensile QC,Tensile T-04,Tensile,steel_metals-demo,STE-RG-1,STE-13-A,ok,steel_metals-013-010,MPa,[],manual,synthetic demo single high action outlier
demo-steel_metals-tensile-t-04-yield-strength,355.0,2026-02-24T04:05:00Z,Yield Strength,Tensile QC,Tensile T-04,Tensile,steel_metals-demo,STE-RG-1,STE-13-A,ok,steel_metals-013-011,MPa,[],manual,synthetic demo single high action outlier
demo-steel_metals-tensile-t-04-yield-strength,354.4,2026-02-24T06:05:00Z,Yield Strength,Tensile QC,Tensile T-04,Tensile,steel_metals-demo,STE-RG-1,STE-13-A,ok,steel_metals-013-012,MPa,[],manual,synthetic demo single high action outlier
demo-steel_metals-tensile-t-04-yield-strength,355.6,2026-02-24T08:05:00Z,Yield Strength,Tensile QC,Tensile T-04,Tensile,steel_metals-demo,STE-RG-1,STE-13-A,ok,steel_metals-013-013,MPa,[],manual,synthetic demo single high action outlier
demo-steel_metals-tensile-t-04-yield-strength,355.0,2026-02-24T10:05:00Z,Yield Strength,Tensile QC,Tensile T-04,Tensile,steel_metals-demo,STE-RG-1,STE-13-A,ok,steel_metals-013-014,MPa,[],manual,synthetic demo single high action outlier
demo-steel_metals-tensile-t-04-yield-strength,353.8,2026-02-24T12:05:00Z,Yield Strength,Tensile QC,Tensile T-04,Tensile,steel_metals-demo,STE-RG-1,STE-13-A,ok,steel_metals-013-015,MPa,[],manual,synthetic demo single high action outlier
demo-steel_metals-tensile-t-04-yield-strength,356.2,2026-02-24T14:05:00Z,Yield Strength,Tensile QC,Tensile T-04,Tensile,steel_metals-demo,STE-RG-2,STE-13-B,ok,steel_metals-013-016,MPa,[],manual,synthetic demo single high action outlier
demo-steel_metals-tensile-t-04-yield-strength,355.6,2026-02-24T16:05:00Z,Yield Strength,Tensile QC,Tensile T-04,Tensile,steel_metals-demo,STE-RG-2,STE-13-B,ok,steel_metals-013-017,MPa,[],manual,synthetic demo single high action outlier
demo-steel_metals-tensile-t-04-yield-strength,355.0,2026-02-24T18:05:00Z,Yield Strength,Tensile QC,Tensile T-04,Tensile,steel_metals-demo,STE-RG-2,STE-13-B,ok,steel_metals-013-018,MPa,[],manual,synthetic demo single high action outlier
demo-steel_metals-tensile-t-04-yield-strength,354.4,2026-02-24T20:05:00Z,Yield Strength,Tensile QC,Tensile T-04,Tensile,steel_metals-demo,STE-RG-2,STE-13-B,ok,steel_metals-013-019,MPa,[],manual,synthetic demo single high action outlier
demo-steel_metals-tensile-t-04-yield-strength,355.6,2026-02-24T22:05:00Z,Yield Strength,Tensile QC,Tensile T-04,Tensile,steel_metals-demo,STE-RG-2,STE-13-B,ok,steel_metals-013-020,MPa,[],manual,synthetic demo single high action outlier
demo-steel_metals-tensile-t-04-yield-strength,355.0,2026-02-25T00:05:00Z,Yield Strength,Tensile QC,Tensile T-04,Tensile,steel_metals-demo,STE-RG-2,STE-13-B,ok,steel_metals-013-021,MPa,[],manual,synthetic demo single high action outlier
demo-steel_metals-tensile-t-04-yield-strength,353.8,2026-02-25T02:05:00Z,Yield Strength,Tensile QC,Tensile T-04,Tensile,steel_metals-demo,STE-RG-2,STE-13-B,ok,steel_metals-013-022,MPa,[],manual,synthetic demo single high action outlier
demo-steel_metals-tensile-t-04-yield-strength,355.6,2026-02-25T04:05:00Z,Yield Strength,Tensile QC,Tensile T-04,Tensile,steel_metals-demo,STE-RG-2,STE-13-B,ok,steel_metals-013-023,MPa,[],manual,synthetic demo single high action outlier
demo-steel_metals-tensile-t-04-yield-strength,355.0,2026-02-25T06:05:00Z,Yield Strength,Tensile QC,Tensile T-04,Tensile,steel_metals-demo,STE-RG-2,STE-13-B,ok,steel_metals-013-024,MPa,[],manual,synthetic demo single high action outlier
demo-steel_metals-tensile-t-04-yield-strength,356.2,2026-02-25T08:05:00Z,Yield Strength,Tensile QC,Tensile T-04,Tensile,steel_metals-demo,STE-RG-2,STE-13-B,ok,steel_metals-013-025,MPa,[],manual,synthetic demo single high action outlier
demo-steel_metals-tensile-t-04-ultimate-strength,520.0,2026-02-23T08:10:00Z,Ultimate Strength,Tensile QC,Tensile T-04,Tensile,steel_metals-demo,STE-RG-1,STE-14-A,ok,steel_metals-014-001,MPa,[],manual,synthetic demo stable baseline
demo-steel_metals-tensile-t-04-ultimate-strength,520.8,2026-02-23T10:10:00Z,Ultimate Strength,Tensile QC,Tensile T-04,Tensile,steel_metals-demo,STE-RG-1,STE-14-A,ok,steel_metals-014-002,MPa,[],manual,synthetic demo stable baseline
demo-steel_metals-tensile-t-04-ultimate-strength,519.2,2026-02-23T12:10:00Z,Ultimate Strength,Tensile QC,Tensile T-04,Tensile,steel_metals-demo,STE-RG-1,STE-14-A,ok,steel_metals-014-003,MPa,[],manual,synthetic demo stable baseline
demo-steel_metals-tensile-t-04-ultimate-strength,521.6,2026-02-23T14:10:00Z,Ultimate Strength,Tensile QC,Tensile T-04,Tensile,steel_metals-demo,STE-RG-1,STE-14-A,ok,steel_metals-014-004,MPa,[],manual,synthetic demo stable baseline
demo-steel_metals-tensile-t-04-ultimate-strength,518.4,2026-02-23T16:10:00Z,Ultimate Strength,Tensile QC,Tensile T-04,Tensile,steel_metals-demo,STE-RG-1,STE-14-A,ok,steel_metals-014-005,MPa,[],manual,synthetic demo stable baseline
demo-steel_metals-tensile-t-04-ultimate-strength,520.8,2026-02-23T18:10:00Z,Ultimate Strength,Tensile QC,Tensile T-04,Tensile,steel_metals-demo,STE-RG-1,STE-14-A,ok,steel_metals-014-006,MPa,[],manual,synthetic demo stable baseline
demo-steel_metals-tensile-t-04-ultimate-strength,520.0,2026-02-23T20:10:00Z,Ultimate Strength,Tensile QC,Tensile T-04,Tensile,steel_metals-demo,STE-RG-1,STE-14-A,ok,steel_metals-014-007,MPa,[],manual,synthetic demo stable baseline
demo-steel_metals-tensile-t-04-ultimate-strength,519.2,2026-02-23T22:10:00Z,Ultimate Strength,Tensile QC,Tensile T-04,Tensile,steel_metals-demo,STE-RG-1,STE-14-A,ok,steel_metals-014-008,MPa,[],manual,synthetic demo stable baseline
demo-steel_metals-tensile-t-04-ultimate-strength,521.6,2026-02-24T00:10:00Z,Ultimate Strength,Tensile QC,Tensile T-04,Tensile,steel_metals-demo,STE-RG-1,STE-14-A,ok,steel_metals-014-009,MPa,[],manual,synthetic demo stable baseline
demo-steel_metals-tensile-t-04-ultimate-strength,520.8,2026-02-24T02:10:00Z,Ultimate Strength,Tensile QC,Tensile T-04,Tensile,steel_metals-demo,STE-RG-1,STE-14-A,ok,steel_metals-014-010,MPa,[],manual,synthetic demo stable baseline
demo-steel_metals-tensile-t-04-ultimate-strength,518.4,2026-02-24T04:10:00Z,Ultimate Strength,Tensile QC,Tensile T-04,Tensile,steel_metals-demo,STE-RG-1,STE-14-A,ok,steel_metals-014-011,MPa,[],manual,synthetic demo stable baseline
demo-steel_metals-tensile-t-04-ultimate-strength,520.0,2026-02-24T06:10:00Z,Ultimate Strength,Tensile QC,Tensile T-04,Tensile,steel_metals-demo,STE-RG-1,STE-14-A,ok,steel_metals-014-012,MPa,[],manual,synthetic demo stable baseline
demo-steel_metals-tensile-t-04-ultimate-strength,520.8,2026-02-24T08:10:00Z,Ultimate Strength,Tensile QC,Tensile T-04,Tensile,steel_metals-demo,STE-RG-1,STE-14-A,ok,steel_metals-014-013,MPa,[],manual,synthetic demo stable baseline
demo-steel_metals-tensile-t-04-ultimate-strength,519.2,2026-02-24T10:10:00Z,Ultimate Strength,Tensile QC,Tensile T-04,Tensile,steel_metals-demo,STE-RG-1,STE-14-A,ok,steel_metals-014-014,MPa,[],manual,synthetic demo stable baseline
demo-steel_metals-tensile-t-04-ultimate-strength,520.0,2026-02-24T12:10:00Z,Ultimate Strength,Tensile QC,Tensile T-04,Tensile,steel_metals-demo,STE-RG-1,STE-14-A,ok,steel_metals-014-015,MPa,[],manual,synthetic demo stable baseline
demo-steel_metals-tensile-t-04-ultimate-strength,521.6,2026-02-24T14:10:00Z,Ultimate Strength,Tensile QC,Tensile T-04,Tensile,steel_metals-demo,STE-RG-2,STE-14-B,ok,steel_metals-014-016,MPa,[],manual,synthetic demo stable baseline
demo-steel_metals-tensile-t-04-ultimate-strength,518.4,2026-02-24T16:10:00Z,Ultimate Strength,Tensile QC,Tensile T-04,Tensile,steel_metals-demo,STE-RG-2,STE-14-B,ok,steel_metals-014-017,MPa,[],manual,synthetic demo stable baseline
demo-steel_metals-tensile-t-04-ultimate-strength,520.8,2026-02-24T18:10:00Z,Ultimate Strength,Tensile QC,Tensile T-04,Tensile,steel_metals-demo,STE-RG-2,STE-14-B,ok,steel_metals-014-018,MPa,[],manual,synthetic demo stable baseline
demo-steel_metals-tensile-t-04-ultimate-strength,520.0,2026-02-24T20:10:00Z,Ultimate Strength,Tensile QC,Tensile T-04,Tensile,steel_metals-demo,STE-RG-2,STE-14-B,ok,steel_metals-014-019,MPa,[],manual,synthetic demo stable baseline
demo-steel_metals-tensile-t-04-ultimate-strength,519.2,2026-02-24T22:10:00Z,Ultimate Strength,Tensile QC,Tensile T-04,Tensile,steel_metals-demo,STE-RG-2,STE-14-B,ok,steel_metals-014-020,MPa,[],manual,synthetic demo stable baseline
demo-steel_metals-tensile-t-04-ultimate-strength,520.8,2026-02-25T00:10:00Z,Ultimate Strength,Tensile QC,Tensile T-04,Tensile,steel_metals-demo,STE-RG-2,STE-14-B,ok,steel_metals-014-021,MPa,[],manual,synthetic demo stable baseline
demo-steel_metals-tensile-t-04-ultimate-strength,520.0,2026-02-25T02:10:00Z,Ultimate Strength,Tensile QC,Tensile T-04,Tensile,steel_metals-demo,STE-RG-2,STE-14-B,ok,steel_metals-014-022,MPa,[],manual,synthetic demo stable baseline
demo-steel_metals-tensile-t-04-ultimate-strength,518.4,2026-02-25T04:10:00Z,Ultimate Strength,Tensile QC,Tensile T-04,Tensile,steel_metals-demo,STE-RG-2,STE-14-B,ok,steel_metals-014-023,MPa,[],manual,synthetic demo stable baseline
demo-steel_metals-tensile-t-04-ultimate-strength,521.6,2026-02-25T06:10:00Z,Ultimate Strength,Tensile QC,Tensile T-04,Tensile,steel_metals-demo,STE-RG-2,STE-14-B,ok,steel_metals-014-024,MPa,[],manual,synthetic demo stable baseline
demo-steel_metals-tensile-t-04-ultimate-strength,520.0,2026-02-25T08:10:00Z,Ultimate Strength,Tensile QC,Tensile T-04,Tensile,steel_metals-demo,STE-RG-2,STE-14-B,ok,steel_metals-014-025,MPa,[],manual,synthetic demo stable baseline
demo-steel_metals-tensile-t-04-elongation,24.0,2026-02-23T08:15:00Z,Elongation,Tensile QC,Tensile T-04,Tensile,steel_metals-demo,STE-RG-1,STE-15-A,ok,steel_metals-015-001,%,[],manual,synthetic demo high scatter with low Bayesian confidence
demo-steel_metals-tensile-t-04-elongation,25.12,2026-02-23T10:15:00Z,Elongation,Tensile QC,Tensile T-04,Tensile,steel_metals-demo,STE-RG-1,STE-15-A,ok,steel_metals-015-002,%,[],manual,synthetic demo high scatter with low Bayesian confidence
demo-steel_metals-tensile-t-04-elongation,22.96,2026-02-23T12:15:00Z,Elongation,Tensile QC,Tensile T-04,Tensile,steel_metals-demo,STE-RG-1,STE-15-A,ok,steel_metals-015-003,%,[],manual,synthetic demo high scatter with low Bayesian confidence
demo-steel_metals-tensile-t-04-elongation,25.2,2026-02-23T14:15:00Z,Elongation,Tensile QC,Tensile T-04,Tensile,steel_metals-demo,STE-RG-1,STE-15-A,ok,steel_metals-015-004,%,[],manual,synthetic demo high scatter with low Bayesian confidence
demo-steel_metals-tensile-t-04-elongation,22.88,2026-02-23T16:15:00Z,Elongation,Tensile QC,Tensile T-04,Tensile,steel_metals-demo,STE-RG-1,STE-15-A,ok,steel_metals-015-005,%,[],manual,synthetic demo high scatter with low Bayesian confidence
demo-steel_metals-tensile-t-04-elongation,25.28,2026-02-23T18:15:00Z,Elongation,Tensile QC,Tensile T-04,Tensile,steel_metals-demo,STE-RG-1,STE-15-A,ok,steel_metals-015-006,%,[],manual,synthetic demo high scatter with low Bayesian confidence
demo-steel_metals-tensile-t-04-elongation,22.8,2026-02-23T20:15:00Z,Elongation,Tensile QC,Tensile T-04,Tensile,steel_metals-demo,STE-RG-1,STE-15-A,ok,steel_metals-015-007,%,[],manual,synthetic demo high scatter with low Bayesian confidence
demo-steel_metals-tensile-t-04-elongation,25.36,2026-02-23T22:15:00Z,Elongation,Tensile QC,Tensile T-04,Tensile,steel_metals-demo,STE-RG-1,STE-15-A,ok,steel_metals-015-008,%,[],manual,synthetic demo high scatter with low Bayesian confidence
demo-steel_metals-tensile-t-04-elongation,22.72,2026-02-24T00:15:00Z,Elongation,Tensile QC,Tensile T-04,Tensile,steel_metals-demo,STE-RG-1,STE-15-A,ok,steel_metals-015-009,%,[],manual,synthetic demo high scatter with low Bayesian confidence
demo-steel_metals-tensile-t-04-elongation,25.44,2026-02-24T02:15:00Z,Elongation,Tensile QC,Tensile T-04,Tensile,steel_metals-demo,STE-RG-1,STE-15-A,ok,steel_metals-015-010,%,[],manual,synthetic demo high scatter with low Bayesian confidence
demo-steel_metals-tensile-t-04-elongation,22.64,2026-02-24T04:15:00Z,Elongation,Tensile QC,Tensile T-04,Tensile,steel_metals-demo,STE-RG-1,STE-15-A,ok,steel_metals-015-011,%,[],manual,synthetic demo high scatter with low Bayesian confidence
demo-steel_metals-tensile-t-04-elongation,25.52,2026-02-24T06:15:00Z,Elongation,Tensile QC,Tensile T-04,Tensile,steel_metals-demo,STE-RG-1,STE-15-A,ok,steel_metals-015-012,%,[],manual,synthetic demo high scatter with low Bayesian confidence
demo-steel_metals-tensile-t-04-elongation,22.56,2026-02-24T08:15:00Z,Elongation,Tensile QC,Tensile T-04,Tensile,steel_metals-demo,STE-RG-1,STE-15-A,ok,steel_metals-015-013,%,[],manual,synthetic demo high scatter with low Bayesian confidence
demo-steel_metals-tensile-t-04-elongation,25.36,2026-02-24T10:15:00Z,Elongation,Tensile QC,Tensile T-04,Tensile,steel_metals-demo,STE-RG-1,STE-15-A,ok,steel_metals-015-014,%,[],manual,synthetic demo high scatter with low Bayesian confidence
demo-steel_metals-tensile-t-04-elongation,22.72,2026-02-24T12:15:00Z,Elongation,Tensile QC,Tensile T-04,Tensile,steel_metals-demo,STE-RG-1,STE-15-A,ok,steel_metals-015-015,%,[],manual,synthetic demo high scatter with low Bayesian confidence
demo-steel_metals-tensile-t-04-elongation,25.44,2026-02-24T14:15:00Z,Elongation,Tensile QC,Tensile T-04,Tensile,steel_metals-demo,STE-RG-2,STE-15-B,ok,steel_metals-015-016,%,[],manual,synthetic demo high scatter with low Bayesian confidence
demo-steel_metals-tensile-t-04-elongation,22.64,2026-02-24T16:15:00Z,Elongation,Tensile QC,Tensile T-04,Tensile,steel_metals-demo,STE-RG-2,STE-15-B,ok,steel_metals-015-017,%,[],manual,synthetic demo high scatter with low Bayesian confidence
demo-steel_metals-tensile-t-04-elongation,25.28,2026-02-24T18:15:00Z,Elongation,Tensile QC,Tensile T-04,Tensile,steel_metals-demo,STE-RG-2,STE-15-B,ok,steel_metals-015-018,%,[],manual,synthetic demo high scatter with low Bayesian confidence
demo-steel_metals-tensile-t-04-elongation,22.8,2026-02-24T20:15:00Z,Elongation,Tensile QC,Tensile T-04,Tensile,steel_metals-demo,STE-RG-2,STE-15-B,ok,steel_metals-015-019,%,[],manual,synthetic demo high scatter with low Bayesian confidence
demo-steel_metals-tensile-t-04-elongation,25.12,2026-02-24T22:15:00Z,Elongation,Tensile QC,Tensile T-04,Tensile,steel_metals-demo,STE-RG-2,STE-15-B,ok,steel_metals-015-020,%,[],manual,synthetic demo high scatter with low Bayesian confidence
demo-steel_metals-tensile-t-04-elongation,22.96,2026-02-25T00:15:00Z,Elongation,Tensile QC,Tensile T-04,Tensile,steel_metals-demo,STE-RG-2,STE-15-B,ok,steel_metals-015-021,%,[],manual,synthetic demo high scatter with low Bayesian confidence
demo-steel_metals-tensile-t-04-elongation,24.96,2026-02-25T02:15:00Z,Elongation,Tensile QC,Tensile T-04,Tensile,steel_metals-demo,STE-RG-2,STE-15-B,ok,steel_metals-015-022,%,[],manual,synthetic demo high scatter with low Bayesian confidence
demo-steel_metals-tensile-t-04-elongation,23.12,2026-02-25T04:15:00Z,Elongation,Tensile QC,Tensile T-04,Tensile,steel_metals-demo,STE-RG-2,STE-15-B,ok,steel_metals-015-023,%,[],manual,synthetic demo high scatter with low Bayesian confidence
demo-steel_metals-tensile-t-04-elongation,24.64,2026-02-25T06:15:00Z,Elongation,Tensile QC,Tensile T-04,Tensile,steel_metals-demo,STE-RG-2,STE-15-B,ok,steel_metals-015-024,%,[],manual,synthetic demo high scatter with low Bayesian confidence
demo-steel_metals-tensile-t-04-elongation,23.44,2026-02-25T08:15:00Z,Elongation,Tensile QC,Tensile T-04,Tensile,steel_metals-demo,STE-RG-2,STE-15-B,ok,steel_metals-015-025,%,[],manual,synthetic demo high scatter with low Bayesian confidence
demo-steel_metals-tensile-t-04-reduction-area,48.0,2026-02-23T08:20:00Z,Reduction Area,Tensile QC,Tensile T-04,Tensile,steel_metals-demo,STE-RG-1,STE-16-A,ok,steel_metals-016-001,%,[],manual,synthetic demo upward step after lot change
demo-steel_metals-tensile-t-04-reduction-area,48.12,2026-02-23T10:20:00Z,Reduction Area,Tensile QC,Tensile T-04,Tensile,steel_metals-demo,STE-RG-1,STE-16-A,ok,steel_metals-016-002,%,[],manual,synthetic demo upward step after lot change
demo-steel_metals-tensile-t-04-reduction-area,47.88,2026-02-23T12:20:00Z,Reduction Area,Tensile QC,Tensile T-04,Tensile,steel_metals-demo,STE-RG-1,STE-16-A,ok,steel_metals-016-003,%,[],manual,synthetic demo upward step after lot change
demo-steel_metals-tensile-t-04-reduction-area,48.0,2026-02-23T14:20:00Z,Reduction Area,Tensile QC,Tensile T-04,Tensile,steel_metals-demo,STE-RG-1,STE-16-A,ok,steel_metals-016-004,%,[],manual,synthetic demo upward step after lot change
demo-steel_metals-tensile-t-04-reduction-area,48.24,2026-02-23T16:20:00Z,Reduction Area,Tensile QC,Tensile T-04,Tensile,steel_metals-demo,STE-RG-1,STE-16-A,ok,steel_metals-016-005,%,[],manual,synthetic demo upward step after lot change
demo-steel_metals-tensile-t-04-reduction-area,48.12,2026-02-23T18:20:00Z,Reduction Area,Tensile QC,Tensile T-04,Tensile,steel_metals-demo,STE-RG-1,STE-16-A,ok,steel_metals-016-006,%,[],manual,synthetic demo upward step after lot change
demo-steel_metals-tensile-t-04-reduction-area,47.88,2026-02-23T20:20:00Z,Reduction Area,Tensile QC,Tensile T-04,Tensile,steel_metals-demo,STE-RG-1,STE-16-A,ok,steel_metals-016-007,%,[],manual,synthetic demo upward step after lot change
demo-steel_metals-tensile-t-04-reduction-area,48.0,2026-02-23T22:20:00Z,Reduction Area,Tensile QC,Tensile T-04,Tensile,steel_metals-demo,STE-RG-1,STE-16-A,ok,steel_metals-016-008,%,[],manual,synthetic demo upward step after lot change
demo-steel_metals-tensile-t-04-reduction-area,48.12,2026-02-24T00:20:00Z,Reduction Area,Tensile QC,Tensile T-04,Tensile,steel_metals-demo,STE-RG-1,STE-16-A,ok,steel_metals-016-009,%,[],manual,synthetic demo upward step after lot change
demo-steel_metals-tensile-t-04-reduction-area,47.88,2026-02-24T02:20:00Z,Reduction Area,Tensile QC,Tensile T-04,Tensile,steel_metals-demo,STE-RG-1,STE-16-A,ok,steel_metals-016-010,%,[],manual,synthetic demo upward step after lot change
demo-steel_metals-tensile-t-04-reduction-area,48.0,2026-02-24T04:20:00Z,Reduction Area,Tensile QC,Tensile T-04,Tensile,steel_metals-demo,STE-RG-1,STE-16-A,ok,steel_metals-016-011,%,[],manual,synthetic demo upward step after lot change
demo-steel_metals-tensile-t-04-reduction-area,48.24,2026-02-24T06:20:00Z,Reduction Area,Tensile QC,Tensile T-04,Tensile,steel_metals-demo,STE-RG-1,STE-16-A,ok,steel_metals-016-012,%,[],manual,synthetic demo upward step after lot change
demo-steel_metals-tensile-t-04-reduction-area,48.12,2026-02-24T08:20:00Z,Reduction Area,Tensile QC,Tensile T-04,Tensile,steel_metals-demo,STE-RG-1,STE-16-A,ok,steel_metals-016-013,%,[],manual,synthetic demo upward step after lot change
demo-steel_metals-tensile-t-04-reduction-area,48.0,2026-02-24T10:20:00Z,Reduction Area,Tensile QC,Tensile T-04,Tensile,steel_metals-demo,STE-RG-1,STE-16-A,ok,steel_metals-016-014,%,[],manual,synthetic demo upward step after lot change
demo-steel_metals-tensile-t-04-reduction-area,47.88,2026-02-24T12:20:00Z,Reduction Area,Tensile QC,Tensile T-04,Tensile,steel_metals-demo,STE-RG-1,STE-16-A,ok,steel_metals-016-015,%,[],manual,synthetic demo upward step after lot change
demo-steel_metals-tensile-t-04-reduction-area,49.44,2026-02-24T14:20:00Z,Reduction Area,Tensile QC,Tensile T-04,Tensile,steel_metals-demo,STE-RG-2,STE-16-B,ok,steel_metals-016-016,%,[],manual,synthetic demo upward step after lot change
demo-steel_metals-tensile-t-04-reduction-area,49.68,2026-02-24T16:20:00Z,Reduction Area,Tensile QC,Tensile T-04,Tensile,steel_metals-demo,STE-RG-2,STE-16-B,ok,steel_metals-016-017,%,[],manual,synthetic demo upward step after lot change
demo-steel_metals-tensile-t-04-reduction-area,49.8,2026-02-24T18:20:00Z,Reduction Area,Tensile QC,Tensile T-04,Tensile,steel_metals-demo,STE-RG-2,STE-16-B,ok,steel_metals-016-018,%,[],manual,synthetic demo upward step after lot change
demo-steel_metals-tensile-t-04-reduction-area,49.68,2026-02-24T20:20:00Z,Reduction Area,Tensile QC,Tensile T-04,Tensile,steel_metals-demo,STE-RG-2,STE-16-B,ok,steel_metals-016-019,%,[],manual,synthetic demo upward step after lot change
demo-steel_metals-tensile-t-04-reduction-area,49.92,2026-02-24T22:20:00Z,Reduction Area,Tensile QC,Tensile T-04,Tensile,steel_metals-demo,STE-RG-2,STE-16-B,ok,steel_metals-016-020,%,[],manual,synthetic demo upward step after lot change
demo-steel_metals-tensile-t-04-reduction-area,49.8,2026-02-25T00:20:00Z,Reduction Area,Tensile QC,Tensile T-04,Tensile,steel_metals-demo,STE-RG-2,STE-16-B,ok,steel_metals-016-021,%,[],manual,synthetic demo upward step after lot change
demo-steel_metals-tensile-t-04-reduction-area,49.68,2026-02-25T02:20:00Z,Reduction Area,Tensile QC,Tensile T-04,Tensile,steel_metals-demo,STE-RG-2,STE-16-B,ok,steel_metals-016-022,%,[],manual,synthetic demo upward step after lot change
demo-steel_metals-tensile-t-04-reduction-area,49.92,2026-02-25T04:20:00Z,Reduction Area,Tensile QC,Tensile T-04,Tensile,steel_metals-demo,STE-RG-2,STE-16-B,ok,steel_metals-016-023,%,[],manual,synthetic demo upward step after lot change
demo-steel_metals-tensile-t-04-reduction-area,49.8,2026-02-25T06:20:00Z,Reduction Area,Tensile QC,Tensile T-04,Tensile,steel_metals-demo,STE-RG-2,STE-16-B,ok,steel_metals-016-024,%,[],manual,synthetic demo upward step after lot change
demo-steel_metals-tensile-t-04-reduction-area,49.68,2026-02-25T08:20:00Z,Reduction Area,Tensile QC,Tensile T-04,Tensile,steel_metals-demo,STE-RG-2,STE-16-B,ok,steel_metals-016-025,%,[],manual,synthetic demo upward step after lot change
demo-steel_metals-impact-i-05-charpy-0c,85.0,2026-02-23T08:25:00Z,Charpy 0C,Impact QC,Impact I-05,Charpy Impact,steel_metals-demo,STE-RG-1,STE-17-A,ok,steel_metals-017-001,J,[],manual,synthetic demo slow high drift
demo-steel_metals-impact-i-05-charpy-0c,85.4,2026-02-23T10:25:00Z,Charpy 0C,Impact QC,Impact I-05,Charpy Impact,steel_metals-demo,STE-RG-1,STE-17-A,ok,steel_metals-017-002,J,[],manual,synthetic demo slow high drift
demo-steel_metals-impact-i-05-charpy-0c,86.2,2026-02-23T12:25:00Z,Charpy 0C,Impact QC,Impact I-05,Charpy Impact,steel_metals-demo,STE-RG-1,STE-17-A,ok,steel_metals-017-003,J,[],manual,synthetic demo slow high drift
demo-steel_metals-impact-i-05-charpy-0c,87.0,2026-02-23T14:25:00Z,Charpy 0C,Impact QC,Impact I-05,Charpy Impact,steel_metals-demo,STE-RG-1,STE-17-A,ok,steel_metals-017-004,J,[],manual,synthetic demo slow high drift
demo-steel_metals-impact-i-05-charpy-0c,87.8,2026-02-23T16:25:00Z,Charpy 0C,Impact QC,Impact I-05,Charpy Impact,steel_metals-demo,STE-RG-1,STE-17-A,ok,steel_metals-017-005,J,[],manual,synthetic demo slow high drift
demo-steel_metals-impact-i-05-charpy-0c,88.6,2026-02-23T18:25:00Z,Charpy 0C,Impact QC,Impact I-05,Charpy Impact,steel_metals-demo,STE-RG-1,STE-17-A,ok,steel_metals-017-006,J,[],manual,synthetic demo slow high drift
demo-steel_metals-impact-i-05-charpy-0c,89.4,2026-02-23T20:25:00Z,Charpy 0C,Impact QC,Impact I-05,Charpy Impact,steel_metals-demo,STE-RG-1,STE-17-A,ok,steel_metals-017-007,J,[],manual,synthetic demo slow high drift
demo-steel_metals-impact-i-05-charpy-0c,90.2,2026-02-23T22:25:00Z,Charpy 0C,Impact QC,Impact I-05,Charpy Impact,steel_metals-demo,STE-RG-1,STE-17-A,ok,steel_metals-017-008,J,[],manual,synthetic demo slow high drift
demo-steel_metals-impact-i-05-charpy-0c,91.0,2026-02-24T00:25:00Z,Charpy 0C,Impact QC,Impact I-05,Charpy Impact,steel_metals-demo,STE-RG-1,STE-17-A,ok,steel_metals-017-009,J,[],manual,synthetic demo slow high drift
demo-steel_metals-impact-i-05-charpy-0c,91.8,2026-02-24T02:25:00Z,Charpy 0C,Impact QC,Impact I-05,Charpy Impact,steel_metals-demo,STE-RG-1,STE-17-A,ok,steel_metals-017-010,J,[],manual,synthetic demo slow high drift
demo-steel_metals-impact-i-05-charpy-0c,92.6,2026-02-24T04:25:00Z,Charpy 0C,Impact QC,Impact I-05,Charpy Impact,steel_metals-demo,STE-RG-1,STE-17-A,ok,steel_metals-017-011,J,[],manual,synthetic demo slow high drift
demo-steel_metals-impact-i-05-charpy-0c,93.4,2026-02-24T06:25:00Z,Charpy 0C,Impact QC,Impact I-05,Charpy Impact,steel_metals-demo,STE-RG-1,STE-17-A,ok,steel_metals-017-012,J,[],manual,synthetic demo slow high drift
demo-steel_metals-impact-i-05-charpy-0c,93.8,2026-02-24T08:25:00Z,Charpy 0C,Impact QC,Impact I-05,Charpy Impact,steel_metals-demo,STE-RG-1,STE-17-A,ok,steel_metals-017-013,J,[],manual,synthetic demo slow high drift
demo-steel_metals-impact-i-05-charpy-0c,94.2,2026-02-24T10:25:00Z,Charpy 0C,Impact QC,Impact I-05,Charpy Impact,steel_metals-demo,STE-RG-1,STE-17-A,ok,steel_metals-017-014,J,[],manual,synthetic demo slow high drift
demo-steel_metals-impact-i-05-charpy-0c,94.6,2026-02-24T12:25:00Z,Charpy 0C,Impact QC,Impact I-05,Charpy Impact,steel_metals-demo,STE-RG-1,STE-17-A,ok,steel_metals-017-015,J,[],manual,synthetic demo slow high drift
demo-steel_metals-impact-i-05-charpy-0c,95.0,2026-02-24T14:25:00Z,Charpy 0C,Impact QC,Impact I-05,Charpy Impact,steel_metals-demo,STE-RG-2,STE-17-B,ok,steel_metals-017-016,J,[],manual,synthetic demo slow high drift
demo-steel_metals-impact-i-05-charpy-0c,95.4,2026-02-24T16:25:00Z,Charpy 0C,Impact QC,Impact I-05,Charpy Impact,steel_metals-demo,STE-RG-2,STE-17-B,ok,steel_metals-017-017,J,[],manual,synthetic demo slow high drift
demo-steel_metals-impact-i-05-charpy-0c,95.8,2026-02-24T18:25:00Z,Charpy 0C,Impact QC,Impact I-05,Charpy Impact,steel_metals-demo,STE-RG-2,STE-17-B,ok,steel_metals-017-018,J,[],manual,synthetic demo slow high drift
demo-steel_metals-impact-i-05-charpy-0c,96.2,2026-02-24T20:25:00Z,Charpy 0C,Impact QC,Impact I-05,Charpy Impact,steel_metals-demo,STE-RG-2,STE-17-B,ok,steel_metals-017-019,J,[],manual,synthetic demo slow high drift
demo-steel_metals-impact-i-05-charpy-0c,96.6,2026-02-24T22:25:00Z,Charpy 0C,Impact QC,Impact I-05,Charpy Impact,steel_metals-demo,STE-RG-2,STE-17-B,ok,steel_metals-017-020,J,[],manual,synthetic demo slow high drift
demo-steel_metals-impact-i-05-charpy-0c,97.0,2026-02-25T00:25:00Z,Charpy 0C,Impact QC,Impact I-05,Charpy Impact,steel_metals-demo,STE-RG-2,STE-17-B,ok,steel_metals-017-021,J,[],manual,synthetic demo slow high drift
demo-steel_metals-impact-i-05-charpy-0c,97.4,2026-02-25T02:25:00Z,Charpy 0C,Impact QC,Impact I-05,Charpy Impact,steel_metals-demo,STE-RG-2,STE-17-B,ok,steel_metals-017-022,J,[],manual,synthetic demo slow high drift
demo-steel_metals-impact-i-05-charpy-0c,97.8,2026-02-25T04:25:00Z,Charpy 0C,Impact QC,Impact I-05,Charpy Impact,steel_metals-demo,STE-RG-2,STE-17-B,ok,steel_metals-017-023,J,[],manual,synthetic demo slow high drift
demo-steel_metals-impact-i-05-charpy-0c,98.2,2026-02-25T06:25:00Z,Charpy 0C,Impact QC,Impact I-05,Charpy Impact,steel_metals-demo,STE-RG-2,STE-17-B,ok,steel_metals-017-024,J,[],manual,synthetic demo slow high drift
demo-steel_metals-impact-i-05-charpy-0c,98.6,2026-02-25T08:25:00Z,Charpy 0C,Impact QC,Impact I-05,Charpy Impact,steel_metals-demo,STE-RG-2,STE-17-B,ok,steel_metals-017-025,J,[],manual,synthetic demo slow high drift
demo-steel_metals-impact-i-05-charpy-20c,52.0,2026-02-23T08:00:00Z,Charpy -20C,Impact QC,Impact I-05,Charpy Impact,steel_metals-demo,STE-RG-1,STE-18-A,ok,steel_metals-018-001,J,[],manual,synthetic demo single low action outlier
demo-steel_metals-impact-i-05-charpy-20c,51.7,2026-02-23T10:00:00Z,Charpy -20C,Impact QC,Impact I-05,Charpy Impact,steel_metals-demo,STE-RG-1,STE-18-A,ok,steel_metals-018-002,J,[],manual,synthetic demo single low action outlier
demo-steel_metals-impact-i-05-charpy-20c,52.3,2026-02-23T12:00:00Z,Charpy -20C,Impact QC,Impact I-05,Charpy Impact,steel_metals-demo,STE-RG-1,STE-18-A,ok,steel_metals-018-003,J,[],manual,synthetic demo single low action outlier
demo-steel_metals-impact-i-05-charpy-20c,51.4,2026-02-23T14:00:00Z,Charpy -20C,Impact QC,Impact I-05,Charpy Impact,steel_metals-demo,STE-RG-1,STE-18-A,ok,steel_metals-018-004,J,[],manual,synthetic demo single low action outlier
demo-steel_metals-impact-i-05-charpy-20c,52.0,2026-02-23T16:00:00Z,Charpy -20C,Impact QC,Impact I-05,Charpy Impact,steel_metals-demo,STE-RG-1,STE-18-A,ok,steel_metals-018-005,J,[],manual,synthetic demo single low action outlier
demo-steel_metals-impact-i-05-charpy-20c,52.6,2026-02-23T18:00:00Z,Charpy -20C,Impact QC,Impact I-05,Charpy Impact,steel_metals-demo,STE-RG-1,STE-18-A,ok,steel_metals-018-006,J,[],manual,synthetic demo single low action outlier
demo-steel_metals-impact-i-05-charpy-20c,51.7,2026-02-23T20:00:00Z,Charpy -20C,Impact QC,Impact I-05,Charpy Impact,steel_metals-demo,STE-RG-1,STE-18-A,ok,steel_metals-018-007,J,[],manual,synthetic demo single low action outlier
demo-steel_metals-impact-i-05-charpy-20c,51.4,2026-02-23T22:00:00Z,Charpy -20C,Impact QC,Impact I-05,Charpy Impact,steel_metals-demo,STE-RG-1,STE-18-A,ok,steel_metals-018-008,J,[],manual,synthetic demo single low action outlier
demo-steel_metals-impact-i-05-charpy-20c,41.8,2026-02-24T00:00:00Z,Charpy -20C,Impact QC,Impact I-05,Charpy Impact,steel_metals-demo,STE-RG-1,STE-18-A,ok,steel_metals-018-009,J,[],manual,synthetic demo single low action outlier
demo-steel_metals-impact-i-05-charpy-20c,51.1,2026-02-24T02:00:00Z,Charpy -20C,Impact QC,Impact I-05,Charpy Impact,steel_metals-demo,STE-RG-1,STE-18-A,ok,steel_metals-018-010,J,[],manual,synthetic demo single low action outlier
demo-steel_metals-impact-i-05-charpy-20c,52.0,2026-02-24T04:00:00Z,Charpy -20C,Impact QC,Impact I-05,Charpy Impact,steel_metals-demo,STE-RG-1,STE-18-A,ok,steel_metals-018-011,J,[],manual,synthetic demo single low action outlier
demo-steel_metals-impact-i-05-charpy-20c,52.3,2026-02-24T06:00:00Z,Charpy -20C,Impact QC,Impact I-05,Charpy Impact,steel_metals-demo,STE-RG-1,STE-18-A,ok,steel_metals-018-012,J,[],manual,synthetic demo single low action outlier
demo-steel_metals-impact-i-05-charpy-20c,51.7,2026-02-24T08:00:00Z,Charpy -20C,Impact QC,Impact I-05,Charpy Impact,steel_metals-demo,STE-RG-1,STE-18-A,ok,steel_metals-018-013,J,[],manual,synthetic demo single low action outlier
demo-steel_metals-impact-i-05-charpy-20c,52.0,2026-02-24T10:00:00Z,Charpy -20C,Impact QC,Impact I-05,Charpy Impact,steel_metals-demo,STE-RG-1,STE-18-A,ok,steel_metals-018-014,J,[],manual,synthetic demo single low action outlier
demo-steel_metals-impact-i-05-charpy-20c,52.6,2026-02-24T12:00:00Z,Charpy -20C,Impact QC,Impact I-05,Charpy Impact,steel_metals-demo,STE-RG-1,STE-18-A,ok,steel_metals-018-015,J,[],manual,synthetic demo single low action outlier
demo-steel_metals-impact-i-05-charpy-20c,51.4,2026-02-24T14:00:00Z,Charpy -20C,Impact QC,Impact I-05,Charpy Impact,steel_metals-demo,STE-RG-2,STE-18-B,ok,steel_metals-018-016,J,[],manual,synthetic demo single low action outlier
demo-steel_metals-impact-i-05-charpy-20c,51.7,2026-02-24T16:00:00Z,Charpy -20C,Impact QC,Impact I-05,Charpy Impact,steel_metals-demo,STE-RG-2,STE-18-B,ok,steel_metals-018-017,J,[],manual,synthetic demo single low action outlier
demo-steel_metals-impact-i-05-charpy-20c,52.0,2026-02-24T18:00:00Z,Charpy -20C,Impact QC,Impact I-05,Charpy Impact,steel_metals-demo,STE-RG-2,STE-18-B,ok,steel_metals-018-018,J,[],manual,synthetic demo single low action outlier
demo-steel_metals-impact-i-05-charpy-20c,52.3,2026-02-24T20:00:00Z,Charpy -20C,Impact QC,Impact I-05,Charpy Impact,steel_metals-demo,STE-RG-2,STE-18-B,ok,steel_metals-018-019,J,[],manual,synthetic demo single low action outlier
demo-steel_metals-impact-i-05-charpy-20c,51.7,2026-02-24T22:00:00Z,Charpy -20C,Impact QC,Impact I-05,Charpy Impact,steel_metals-demo,STE-RG-2,STE-18-B,ok,steel_metals-018-020,J,[],manual,synthetic demo single low action outlier
demo-steel_metals-impact-i-05-charpy-20c,52.0,2026-02-25T00:00:00Z,Charpy -20C,Impact QC,Impact I-05,Charpy Impact,steel_metals-demo,STE-RG-2,STE-18-B,ok,steel_metals-018-021,J,[],manual,synthetic demo single low action outlier
demo-steel_metals-impact-i-05-charpy-20c,52.6,2026-02-25T02:00:00Z,Charpy -20C,Impact QC,Impact I-05,Charpy Impact,steel_metals-demo,STE-RG-2,STE-18-B,ok,steel_metals-018-022,J,[],manual,synthetic demo single low action outlier
demo-steel_metals-impact-i-05-charpy-20c,51.7,2026-02-25T04:00:00Z,Charpy -20C,Impact QC,Impact I-05,Charpy Impact,steel_metals-demo,STE-RG-2,STE-18-B,ok,steel_metals-018-023,J,[],manual,synthetic demo single low action outlier
demo-steel_metals-impact-i-05-charpy-20c,52.0,2026-02-25T06:00:00Z,Charpy -20C,Impact QC,Impact I-05,Charpy Impact,steel_metals-demo,STE-RG-2,STE-18-B,ok,steel_metals-018-024,J,[],manual,synthetic demo single low action outlier
demo-steel_metals-impact-i-05-charpy-20c,51.4,2026-02-25T08:00:00Z,Charpy -20C,Impact QC,Impact I-05,Charpy Impact,steel_metals-demo,STE-RG-2,STE-18-B,ok,steel_metals-018-025,J,[],manual,synthetic demo single low action outlier
demo-steel_metals-impact-i-05-charpy-lateral,35.0,2026-02-23T08:05:00Z,Charpy Lateral,Impact QC,Impact I-05,Charpy Impact,steel_metals-demo,STE-RG-1,STE-19-A,ok,steel_metals-019-001,mils,[],manual,synthetic demo maintenance recovery
demo-steel_metals-impact-i-05-charpy-lateral,35.28,2026-02-23T10:05:00Z,Charpy Lateral,Impact QC,Impact I-05,Charpy Impact,steel_metals-demo,STE-RG-1,STE-19-A,ok,steel_metals-019-002,mils,[],manual,synthetic demo maintenance recovery
demo-steel_metals-impact-i-05-charpy-lateral,35.56,2026-02-23T12:05:00Z,Charpy Lateral,Impact QC,Impact I-05,Charpy Impact,steel_metals-demo,STE-RG-1,STE-19-A,ok,steel_metals-019-003,mils,[],manual,synthetic demo maintenance recovery
demo-steel_metals-impact-i-05-charpy-lateral,35.98,2026-02-23T14:05:00Z,Charpy Lateral,Impact QC,Impact I-05,Charpy Impact,steel_metals-demo,STE-RG-1,STE-19-A,ok,steel_metals-019-004,mils,[],manual,synthetic demo maintenance recovery
demo-steel_metals-impact-i-05-charpy-lateral,36.4,2026-02-23T16:05:00Z,Charpy Lateral,Impact QC,Impact I-05,Charpy Impact,steel_metals-demo,STE-RG-1,STE-19-A,ok,steel_metals-019-005,mils,[],manual,synthetic demo maintenance recovery
demo-steel_metals-impact-i-05-charpy-lateral,36.96,2026-02-23T18:05:00Z,Charpy Lateral,Impact QC,Impact I-05,Charpy Impact,steel_metals-demo,STE-RG-1,STE-19-A,ok,steel_metals-019-006,mils,[],manual,synthetic demo maintenance recovery
demo-steel_metals-impact-i-05-charpy-lateral,37.52,2026-02-23T20:05:00Z,Charpy Lateral,Impact QC,Impact I-05,Charpy Impact,steel_metals-demo,STE-RG-1,STE-19-A,ok,steel_metals-019-007,mils,[],manual,synthetic demo maintenance recovery
demo-steel_metals-impact-i-05-charpy-lateral,37.94,2026-02-23T22:05:00Z,Charpy Lateral,Impact QC,Impact I-05,Charpy Impact,steel_metals-demo,STE-RG-1,STE-19-A,ok,steel_metals-019-008,mils,[],manual,synthetic demo maintenance recovery
demo-steel_metals-impact-i-05-charpy-lateral,38.36,2026-02-24T00:05:00Z,Charpy Lateral,Impact QC,Impact I-05,Charpy Impact,steel_metals-demo,STE-RG-1,STE-19-A,ok,steel_metals-019-009,mils,[],manual,synthetic demo maintenance recovery
demo-steel_metals-impact-i-05-charpy-lateral,38.92,2026-02-24T02:05:00Z,Charpy Lateral,Impact QC,Impact I-05,Charpy Impact,steel_metals-demo,STE-RG-1,STE-19-A,ok,steel_metals-019-010,mils,[],manual,synthetic demo maintenance recovery
demo-steel_metals-impact-i-05-charpy-lateral,39.48,2026-02-24T04:05:00Z,Charpy Lateral,Impact QC,Impact I-05,Charpy Impact,steel_metals-demo,STE-RG-1,STE-19-A,ok,steel_metals-019-011,mils,[],manual,synthetic demo maintenance recovery
demo-steel_metals-impact-i-05-charpy-lateral,38.78,2026-02-24T06:05:00Z,Charpy Lateral,Impact QC,Impact I-05,Charpy Impact,steel_metals-demo,STE-RG-1,STE-19-A,ok,steel_metals-019-012,mils,[],manual,synthetic demo maintenance recovery
demo-steel_metals-impact-i-05-charpy-lateral,37.94,2026-02-24T08:05:00Z,Charpy Lateral,Impact QC,Impact I-05,Charpy Impact,steel_metals-demo,STE-RG-1,STE-19-A,ok,steel_metals-019-013,mils,[],manual,synthetic demo maintenance recovery
demo-steel_metals-impact-i-05-charpy-lateral,36.68,2026-02-24T10:05:00Z,Charpy Lateral,Impact QC,Impact I-05,Charpy Impact,steel_metals-demo,STE-RG-1,STE-19-A,ok,steel_metals-019-014,mils,[],manual,synthetic demo maintenance recovery
demo-steel_metals-impact-i-05-charpy-lateral,35.7,2026-02-24T12:05:00Z,Charpy Lateral,Impact QC,Impact I-05,Charpy Impact,steel_metals-demo,STE-RG-1,STE-19-A,ok,steel_metals-019-015,mils,[],manual,synthetic demo maintenance recovery
demo-steel_metals-impact-i-05-charpy-lateral,35.28,2026-02-24T14:05:00Z,Charpy Lateral,Impact QC,Impact I-05,Charpy Impact,steel_metals-demo,STE-RG-2,STE-19-B,ok,steel_metals-019-016,mils,[],manual,synthetic demo maintenance recovery
demo-steel_metals-impact-i-05-charpy-lateral,35.0,2026-02-24T16:05:00Z,Charpy Lateral,Impact QC,Impact I-05,Charpy Impact,steel_metals-demo,STE-RG-2,STE-19-B,ok,steel_metals-019-017,mils,[],manual,synthetic demo maintenance recovery
demo-steel_metals-impact-i-05-charpy-lateral,34.86,2026-02-24T18:05:00Z,Charpy Lateral,Impact QC,Impact I-05,Charpy Impact,steel_metals-demo,STE-RG-2,STE-19-B,ok,steel_metals-019-018,mils,[],manual,synthetic demo maintenance recovery
demo-steel_metals-impact-i-05-charpy-lateral,35.14,2026-02-24T20:05:00Z,Charpy Lateral,Impact QC,Impact I-05,Charpy Impact,steel_metals-demo,STE-RG-2,STE-19-B,ok,steel_metals-019-019,mils,[],manual,synthetic demo maintenance recovery
demo-steel_metals-impact-i-05-charpy-lateral,35.0,2026-02-24T22:05:00Z,Charpy Lateral,Impact QC,Impact I-05,Charpy Impact,steel_metals-demo,STE-RG-2,STE-19-B,ok,steel_metals-019-020,mils,[],manual,synthetic demo maintenance recovery
demo-steel_metals-impact-i-05-charpy-lateral,34.72,2026-02-25T00:05:00Z,Charpy Lateral,Impact QC,Impact I-05,Charpy Impact,steel_metals-demo,STE-RG-2,STE-19-B,ok,steel_metals-019-021,mils,[],manual,synthetic demo maintenance recovery
demo-steel_metals-impact-i-05-charpy-lateral,35.14,2026-02-25T02:05:00Z,Charpy Lateral,Impact QC,Impact I-05,Charpy Impact,steel_metals-demo,STE-RG-2,STE-19-B,ok,steel_metals-019-022,mils,[],manual,synthetic demo maintenance recovery
demo-steel_metals-impact-i-05-charpy-lateral,35.0,2026-02-25T04:05:00Z,Charpy Lateral,Impact QC,Impact I-05,Charpy Impact,steel_metals-demo,STE-RG-2,STE-19-B,ok,steel_metals-019-023,mils,[],manual,synthetic demo maintenance recovery
demo-steel_metals-impact-i-05-charpy-lateral,35.28,2026-02-25T06:05:00Z,Charpy Lateral,Impact QC,Impact I-05,Charpy Impact,steel_metals-demo,STE-RG-2,STE-19-B,ok,steel_metals-019-024,mils,[],manual,synthetic demo maintenance recovery
demo-steel_metals-impact-i-05-charpy-lateral,34.86,2026-02-25T08:05:00Z,Charpy Lateral,Impact QC,Impact I-05,Charpy Impact,steel_metals-demo,STE-RG-2,STE-19-B,ok,steel_metals-019-025,mils,[],manual,synthetic demo maintenance recovery
demo-steel_metals-coatgauge-c-06-zinc-coating,275.0,2026-02-23T08:10:00Z,Zinc Coating,Coating QC,CoatGauge C-06,Coating,steel_metals-demo,STE-RG-1,STE-20-A,ok,steel_metals-020-001,g/m2,[],manual,synthetic demo downward step after lot change
demo-steel_metals-coatgauge-c-06-zinc-coating,274.2,2026-02-23T10:10:00Z,Zinc Coating,Coating QC,CoatGauge C-06,Coating,steel_metals-demo,STE-RG-1,STE-20-A,ok,steel_metals-020-002,g/m2,[],manual,synthetic demo downward step after lot change
demo-steel_metals-coatgauge-c-06-zinc-coating,275.8,2026-02-23T12:10:00Z,Zinc Coating,Coating QC,CoatGauge C-06,Coating,steel_metals-demo,STE-RG-1,STE-20-A,ok,steel_metals-020-003,g/m2,[],manual,synthetic demo downward step after lot change
demo-steel_metals-coatgauge-c-06-zinc-coating,275.0,2026-02-23T14:10:00Z,Zinc Coating,Coating QC,CoatGauge C-06,Coating,steel_metals-demo,STE-RG-1,STE-20-A,ok,steel_metals-020-004,g/m2,[],manual,synthetic demo downward step after lot change
demo-steel_metals-coatgauge-c-06-zinc-coating,273.4,2026-02-23T16:10:00Z,Zinc Coating,Coating QC,CoatGauge C-06,Coating,steel_metals-demo,STE-RG-1,STE-20-A,ok,steel_metals-020-005,g/m2,[],manual,synthetic demo downward step after lot change
demo-steel_metals-coatgauge-c-06-zinc-coating,274.2,2026-02-23T18:10:00Z,Zinc Coating,Coating QC,CoatGauge C-06,Coating,steel_metals-demo,STE-RG-1,STE-20-A,ok,steel_metals-020-006,g/m2,[],manual,synthetic demo downward step after lot change
demo-steel_metals-coatgauge-c-06-zinc-coating,275.8,2026-02-23T20:10:00Z,Zinc Coating,Coating QC,CoatGauge C-06,Coating,steel_metals-demo,STE-RG-1,STE-20-A,ok,steel_metals-020-007,g/m2,[],manual,synthetic demo downward step after lot change
demo-steel_metals-coatgauge-c-06-zinc-coating,275.0,2026-02-23T22:10:00Z,Zinc Coating,Coating QC,CoatGauge C-06,Coating,steel_metals-demo,STE-RG-1,STE-20-A,ok,steel_metals-020-008,g/m2,[],manual,synthetic demo downward step after lot change
demo-steel_metals-coatgauge-c-06-zinc-coating,274.2,2026-02-24T00:10:00Z,Zinc Coating,Coating QC,CoatGauge C-06,Coating,steel_metals-demo,STE-RG-1,STE-20-A,ok,steel_metals-020-009,g/m2,[],manual,synthetic demo downward step after lot change
demo-steel_metals-coatgauge-c-06-zinc-coating,275.8,2026-02-24T02:10:00Z,Zinc Coating,Coating QC,CoatGauge C-06,Coating,steel_metals-demo,STE-RG-1,STE-20-A,ok,steel_metals-020-010,g/m2,[],manual,synthetic demo downward step after lot change
demo-steel_metals-coatgauge-c-06-zinc-coating,275.0,2026-02-24T04:10:00Z,Zinc Coating,Coating QC,CoatGauge C-06,Coating,steel_metals-demo,STE-RG-1,STE-20-A,ok,steel_metals-020-011,g/m2,[],manual,synthetic demo downward step after lot change
demo-steel_metals-coatgauge-c-06-zinc-coating,273.4,2026-02-24T06:10:00Z,Zinc Coating,Coating QC,CoatGauge C-06,Coating,steel_metals-demo,STE-RG-1,STE-20-A,ok,steel_metals-020-012,g/m2,[],manual,synthetic demo downward step after lot change
demo-steel_metals-coatgauge-c-06-zinc-coating,274.2,2026-02-24T08:10:00Z,Zinc Coating,Coating QC,CoatGauge C-06,Coating,steel_metals-demo,STE-RG-1,STE-20-A,ok,steel_metals-020-013,g/m2,[],manual,synthetic demo downward step after lot change
demo-steel_metals-coatgauge-c-06-zinc-coating,275.0,2026-02-24T10:10:00Z,Zinc Coating,Coating QC,CoatGauge C-06,Coating,steel_metals-demo,STE-RG-1,STE-20-A,ok,steel_metals-020-014,g/m2,[],manual,synthetic demo downward step after lot change
demo-steel_metals-coatgauge-c-06-zinc-coating,275.8,2026-02-24T12:10:00Z,Zinc Coating,Coating QC,CoatGauge C-06,Coating,steel_metals-demo,STE-RG-1,STE-20-A,ok,steel_metals-020-015,g/m2,[],manual,synthetic demo downward step after lot change
demo-steel_metals-coatgauge-c-06-zinc-coating,265.4,2026-02-24T14:10:00Z,Zinc Coating,Coating QC,CoatGauge C-06,Coating,steel_metals-demo,STE-RG-2,STE-20-B,ok,steel_metals-020-016,g/m2,[],manual,synthetic demo downward step after lot change
demo-steel_metals-coatgauge-c-06-zinc-coating,263.8,2026-02-24T16:10:00Z,Zinc Coating,Coating QC,CoatGauge C-06,Coating,steel_metals-demo,STE-RG-2,STE-20-B,ok,steel_metals-020-017,g/m2,[],manual,synthetic demo downward step after lot change
demo-steel_metals-coatgauge-c-06-zinc-coating,263.0,2026-02-24T18:10:00Z,Zinc Coating,Coating QC,CoatGauge C-06,Coating,steel_metals-demo,STE-RG-2,STE-20-B,ok,steel_metals-020-018,g/m2,[],manual,synthetic demo downward step after lot change
demo-steel_metals-coatgauge-c-06-zinc-coating,263.8,2026-02-24T20:10:00Z,Zinc Coating,Coating QC,CoatGauge C-06,Coating,steel_metals-demo,STE-RG-2,STE-20-B,ok,steel_metals-020-019,g/m2,[],manual,synthetic demo downward step after lot change
demo-steel_metals-coatgauge-c-06-zinc-coating,262.2,2026-02-24T22:10:00Z,Zinc Coating,Coating QC,CoatGauge C-06,Coating,steel_metals-demo,STE-RG-2,STE-20-B,ok,steel_metals-020-020,g/m2,[],manual,synthetic demo downward step after lot change
demo-steel_metals-coatgauge-c-06-zinc-coating,263.0,2026-02-25T00:10:00Z,Zinc Coating,Coating QC,CoatGauge C-06,Coating,steel_metals-demo,STE-RG-2,STE-20-B,ok,steel_metals-020-021,g/m2,[],manual,synthetic demo downward step after lot change
demo-steel_metals-coatgauge-c-06-zinc-coating,263.8,2026-02-25T02:10:00Z,Zinc Coating,Coating QC,CoatGauge C-06,Coating,steel_metals-demo,STE-RG-2,STE-20-B,ok,steel_metals-020-022,g/m2,[],manual,synthetic demo downward step after lot change
demo-steel_metals-coatgauge-c-06-zinc-coating,262.2,2026-02-25T04:10:00Z,Zinc Coating,Coating QC,CoatGauge C-06,Coating,steel_metals-demo,STE-RG-2,STE-20-B,ok,steel_metals-020-023,g/m2,[],manual,synthetic demo downward step after lot change
demo-steel_metals-coatgauge-c-06-zinc-coating,263.0,2026-02-25T06:10:00Z,Zinc Coating,Coating QC,CoatGauge C-06,Coating,steel_metals-demo,STE-RG-2,STE-20-B,ok,steel_metals-020-024,g/m2,[],manual,synthetic demo downward step after lot change
demo-steel_metals-coatgauge-c-06-zinc-coating,263.8,2026-02-25T08:10:00Z,Zinc Coating,Coating QC,CoatGauge C-06,Coating,steel_metals-demo,STE-RG-2,STE-20-B,ok,steel_metals-020-025,g/m2,[],manual,synthetic demo downward step after lot change
demo-steel_metals-coatgauge-c-06-tin-coating,11.2,2026-02-23T08:15:00Z,Tin Coating,Coating QC,CoatGauge C-06,Coating,steel_metals-demo,STE-RG-1,STE-21-A,ok,steel_metals-021-001,g/m2,[],manual,synthetic demo slow low drift
demo-steel_metals-coatgauge-c-06-tin-coating,11.16,2026-02-23T10:15:00Z,Tin Coating,Coating QC,CoatGauge C-06,Coating,steel_metals-demo,STE-RG-1,STE-21-A,ok,steel_metals-021-002,g/m2,[],manual,synthetic demo slow low drift
demo-steel_metals-coatgauge-c-06-tin-coating,11.08,2026-02-23T12:15:00Z,Tin Coating,Coating QC,CoatGauge C-06,Coating,steel_metals-demo,STE-RG-1,STE-21-A,ok,steel_metals-021-003,g/m2,[],manual,synthetic demo slow low drift
demo-steel_metals-coatgauge-c-06-tin-coating,11.0,2026-02-23T14:15:00Z,Tin Coating,Coating QC,CoatGauge C-06,Coating,steel_metals-demo,STE-RG-1,STE-21-A,ok,steel_metals-021-004,g/m2,[],manual,synthetic demo slow low drift
demo-steel_metals-coatgauge-c-06-tin-coating,10.92,2026-02-23T16:15:00Z,Tin Coating,Coating QC,CoatGauge C-06,Coating,steel_metals-demo,STE-RG-1,STE-21-A,ok,steel_metals-021-005,g/m2,[],manual,synthetic demo slow low drift
demo-steel_metals-coatgauge-c-06-tin-coating,10.84,2026-02-23T18:15:00Z,Tin Coating,Coating QC,CoatGauge C-06,Coating,steel_metals-demo,STE-RG-1,STE-21-A,ok,steel_metals-021-006,g/m2,[],manual,synthetic demo slow low drift
demo-steel_metals-coatgauge-c-06-tin-coating,10.76,2026-02-23T20:15:00Z,Tin Coating,Coating QC,CoatGauge C-06,Coating,steel_metals-demo,STE-RG-1,STE-21-A,ok,steel_metals-021-007,g/m2,[],manual,synthetic demo slow low drift
demo-steel_metals-coatgauge-c-06-tin-coating,10.68,2026-02-23T22:15:00Z,Tin Coating,Coating QC,CoatGauge C-06,Coating,steel_metals-demo,STE-RG-1,STE-21-A,ok,steel_metals-021-008,g/m2,[],manual,synthetic demo slow low drift
demo-steel_metals-coatgauge-c-06-tin-coating,10.6,2026-02-24T00:15:00Z,Tin Coating,Coating QC,CoatGauge C-06,Coating,steel_metals-demo,STE-RG-1,STE-21-A,ok,steel_metals-021-009,g/m2,[],manual,synthetic demo slow low drift
demo-steel_metals-coatgauge-c-06-tin-coating,10.52,2026-02-24T02:15:00Z,Tin Coating,Coating QC,CoatGauge C-06,Coating,steel_metals-demo,STE-RG-1,STE-21-A,ok,steel_metals-021-010,g/m2,[],manual,synthetic demo slow low drift
demo-steel_metals-coatgauge-c-06-tin-coating,10.44,2026-02-24T04:15:00Z,Tin Coating,Coating QC,CoatGauge C-06,Coating,steel_metals-demo,STE-RG-1,STE-21-A,ok,steel_metals-021-011,g/m2,[],manual,synthetic demo slow low drift
demo-steel_metals-coatgauge-c-06-tin-coating,10.36,2026-02-24T06:15:00Z,Tin Coating,Coating QC,CoatGauge C-06,Coating,steel_metals-demo,STE-RG-1,STE-21-A,ok,steel_metals-021-012,g/m2,[],manual,synthetic demo slow low drift
demo-steel_metals-coatgauge-c-06-tin-coating,10.32,2026-02-24T08:15:00Z,Tin Coating,Coating QC,CoatGauge C-06,Coating,steel_metals-demo,STE-RG-1,STE-21-A,ok,steel_metals-021-013,g/m2,[],manual,synthetic demo slow low drift
demo-steel_metals-coatgauge-c-06-tin-coating,10.28,2026-02-24T10:15:00Z,Tin Coating,Coating QC,CoatGauge C-06,Coating,steel_metals-demo,STE-RG-1,STE-21-A,ok,steel_metals-021-014,g/m2,[],manual,synthetic demo slow low drift
demo-steel_metals-coatgauge-c-06-tin-coating,10.24,2026-02-24T12:15:00Z,Tin Coating,Coating QC,CoatGauge C-06,Coating,steel_metals-demo,STE-RG-1,STE-21-A,ok,steel_metals-021-015,g/m2,[],manual,synthetic demo slow low drift
demo-steel_metals-coatgauge-c-06-tin-coating,10.2,2026-02-24T14:15:00Z,Tin Coating,Coating QC,CoatGauge C-06,Coating,steel_metals-demo,STE-RG-2,STE-21-B,ok,steel_metals-021-016,g/m2,[],manual,synthetic demo slow low drift
demo-steel_metals-coatgauge-c-06-tin-coating,10.16,2026-02-24T16:15:00Z,Tin Coating,Coating QC,CoatGauge C-06,Coating,steel_metals-demo,STE-RG-2,STE-21-B,ok,steel_metals-021-017,g/m2,[],manual,synthetic demo slow low drift
demo-steel_metals-coatgauge-c-06-tin-coating,10.12,2026-02-24T18:15:00Z,Tin Coating,Coating QC,CoatGauge C-06,Coating,steel_metals-demo,STE-RG-2,STE-21-B,ok,steel_metals-021-018,g/m2,[],manual,synthetic demo slow low drift
demo-steel_metals-coatgauge-c-06-tin-coating,10.08,2026-02-24T20:15:00Z,Tin Coating,Coating QC,CoatGauge C-06,Coating,steel_metals-demo,STE-RG-2,STE-21-B,ok,steel_metals-021-019,g/m2,[],manual,synthetic demo slow low drift
demo-steel_metals-coatgauge-c-06-tin-coating,10.04,2026-02-24T22:15:00Z,Tin Coating,Coating QC,CoatGauge C-06,Coating,steel_metals-demo,STE-RG-2,STE-21-B,ok,steel_metals-021-020,g/m2,[],manual,synthetic demo slow low drift
demo-steel_metals-coatgauge-c-06-tin-coating,10.0,2026-02-25T00:15:00Z,Tin Coating,Coating QC,CoatGauge C-06,Coating,steel_metals-demo,STE-RG-2,STE-21-B,ok,steel_metals-021-021,g/m2,[],manual,synthetic demo slow low drift
demo-steel_metals-coatgauge-c-06-tin-coating,9.96,2026-02-25T02:15:00Z,Tin Coating,Coating QC,CoatGauge C-06,Coating,steel_metals-demo,STE-RG-2,STE-21-B,ok,steel_metals-021-022,g/m2,[],manual,synthetic demo slow low drift
demo-steel_metals-coatgauge-c-06-tin-coating,9.92,2026-02-25T04:15:00Z,Tin Coating,Coating QC,CoatGauge C-06,Coating,steel_metals-demo,STE-RG-2,STE-21-B,ok,steel_metals-021-023,g/m2,[],manual,synthetic demo slow low drift
demo-steel_metals-coatgauge-c-06-tin-coating,9.88,2026-02-25T06:15:00Z,Tin Coating,Coating QC,CoatGauge C-06,Coating,steel_metals-demo,STE-RG-2,STE-21-B,ok,steel_metals-021-024,g/m2,[],manual,synthetic demo slow low drift
demo-steel_metals-coatgauge-c-06-tin-coating,9.84,2026-02-25T08:15:00Z,Tin Coating,Coating QC,CoatGauge C-06,Coating,steel_metals-demo,STE-RG-2,STE-21-B,ok,steel_metals-021-025,g/m2,[],manual,synthetic demo slow low drift
demo-steel_metals-coatgauge-c-06-phosphate-weight,2.4,2026-02-23T08:20:00Z,Phosphate Weight,Coating QC,CoatGauge C-06,Coating,steel_metals-demo,STE-RG-1,STE-22-A,ok,steel_metals-022-001,g/m2,[],manual,synthetic demo alternating high/low variability
demo-steel_metals-coatgauge-c-06-phosphate-weight,2.412,2026-02-23T10:20:00Z,Phosphate Weight,Coating QC,CoatGauge C-06,Coating,steel_metals-demo,STE-RG-1,STE-22-A,ok,steel_metals-022-002,g/m2,[],manual,synthetic demo alternating high/low variability
demo-steel_metals-coatgauge-c-06-phosphate-weight,2.664,2026-02-23T12:20:00Z,Phosphate Weight,Coating QC,CoatGauge C-06,Coating,steel_metals-demo,STE-RG-1,STE-22-A,ok,steel_metals-022-003,g/m2,[],manual,synthetic demo alternating high/low variability
demo-steel_metals-coatgauge-c-06-phosphate-weight,2.136,2026-02-23T14:20:00Z,Phosphate Weight,Coating QC,CoatGauge C-06,Coating,steel_metals-demo,STE-RG-1,STE-22-A,ok,steel_metals-022-004,g/m2,[],manual,synthetic demo alternating high/low variability
demo-steel_metals-coatgauge-c-06-phosphate-weight,2.652,2026-02-23T16:20:00Z,Phosphate Weight,Coating QC,CoatGauge C-06,Coating,steel_metals-demo,STE-RG-1,STE-22-A,ok,steel_metals-022-005,g/m2,[],manual,synthetic demo alternating high/low variability
demo-steel_metals-coatgauge-c-06-phosphate-weight,2.148,2026-02-23T18:20:00Z,Phosphate Weight,Coating QC,CoatGauge C-06,Coating,steel_metals-demo,STE-RG-1,STE-22-A,ok,steel_metals-022-006,g/m2,[],manual,synthetic demo alternating high/low variability
demo-steel_metals-coatgauge-c-06-phosphate-weight,2.616,2026-02-23T20:20:00Z,Phosphate Weight,Coating QC,CoatGauge C-06,Coating,steel_metals-demo,STE-RG-1,STE-22-A,ok,steel_metals-022-007,g/m2,[],manual,synthetic demo alternating high/low variability
demo-steel_metals-coatgauge-c-06-phosphate-weight,2.196,2026-02-23T22:20:00Z,Phosphate Weight,Coating QC,CoatGauge C-06,Coating,steel_metals-demo,STE-RG-1,STE-22-A,ok,steel_metals-022-008,g/m2,[],manual,synthetic demo alternating high/low variability
demo-steel_metals-coatgauge-c-06-phosphate-weight,2.58,2026-02-24T00:20:00Z,Phosphate Weight,Coating QC,CoatGauge C-06,Coating,steel_metals-demo,STE-RG-1,STE-22-A,ok,steel_metals-022-009,g/m2,[],manual,synthetic demo alternating high/low variability
demo-steel_metals-coatgauge-c-06-phosphate-weight,2.232,2026-02-24T02:20:00Z,Phosphate Weight,Coating QC,CoatGauge C-06,Coating,steel_metals-demo,STE-RG-1,STE-22-A,ok,steel_metals-022-010,g/m2,[],manual,synthetic demo alternating high/low variability
demo-steel_metals-coatgauge-c-06-phosphate-weight,2.544,2026-02-24T04:20:00Z,Phosphate Weight,Coating QC,CoatGauge C-06,Coating,steel_metals-demo,STE-RG-1,STE-22-A,ok,steel_metals-022-011,g/m2,[],manual,synthetic demo alternating high/low variability
demo-steel_metals-coatgauge-c-06-phosphate-weight,2.268,2026-02-24T06:20:00Z,Phosphate Weight,Coating QC,CoatGauge C-06,Coating,steel_metals-demo,STE-RG-1,STE-22-A,ok,steel_metals-022-012,g/m2,[],manual,synthetic demo alternating high/low variability
demo-steel_metals-coatgauge-c-06-phosphate-weight,2.496,2026-02-24T08:20:00Z,Phosphate Weight,Coating QC,CoatGauge C-06,Coating,steel_metals-demo,STE-RG-1,STE-22-A,ok,steel_metals-022-013,g/m2,[],manual,synthetic demo alternating high/low variability
demo-steel_metals-coatgauge-c-06-phosphate-weight,2.316,2026-02-24T10:20:00Z,Phosphate Weight,Coating QC,CoatGauge C-06,Coating,steel_metals-demo,STE-RG-1,STE-22-A,ok,steel_metals-022-014,g/m2,[],manual,synthetic demo alternating high/low variability
demo-steel_metals-coatgauge-c-06-phosphate-weight,2.448,2026-02-24T12:20:00Z,Phosphate Weight,Coating QC,CoatGauge C-06,Coating,steel_metals-demo,STE-RG-1,STE-22-A,ok,steel_metals-022-015,g/m2,[],manual,synthetic demo alternating high/low variability
demo-steel_metals-coatgauge-c-06-phosphate-weight,2.364,2026-02-24T14:20:00Z,Phosphate Weight,Coating QC,CoatGauge C-06,Coating,steel_metals-demo,STE-RG-2,STE-22-B,ok,steel_metals-022-016,g/m2,[],manual,synthetic demo alternating high/low variability
demo-steel_metals-coatgauge-c-06-phosphate-weight,2.424,2026-02-24T16:20:00Z,Phosphate Weight,Coating QC,CoatGauge C-06,Coating,steel_metals-demo,STE-RG-2,STE-22-B,ok,steel_metals-022-017,g/m2,[],manual,synthetic demo alternating high/low variability
demo-steel_metals-coatgauge-c-06-phosphate-weight,2.376,2026-02-24T18:20:00Z,Phosphate Weight,Coating QC,CoatGauge C-06,Coating,steel_metals-demo,STE-RG-2,STE-22-B,ok,steel_metals-022-018,g/m2,[],manual,synthetic demo alternating high/low variability
demo-steel_metals-coatgauge-c-06-phosphate-weight,2.412,2026-02-24T20:20:00Z,Phosphate Weight,Coating QC,CoatGauge C-06,Coating,steel_metals-demo,STE-RG-2,STE-22-B,ok,steel_metals-022-019,g/m2,[],manual,synthetic demo alternating high/low variability
demo-steel_metals-coatgauge-c-06-phosphate-weight,2.4,2026-02-24T22:20:00Z,Phosphate Weight,Coating QC,CoatGauge C-06,Coating,steel_metals-demo,STE-RG-2,STE-22-B,ok,steel_metals-022-020,g/m2,[],manual,synthetic demo alternating high/low variability
demo-steel_metals-coatgauge-c-06-phosphate-weight,2.388,2026-02-25T00:20:00Z,Phosphate Weight,Coating QC,CoatGauge C-06,Coating,steel_metals-demo,STE-RG-2,STE-22-B,ok,steel_metals-022-021,g/m2,[],manual,synthetic demo alternating high/low variability
demo-steel_metals-coatgauge-c-06-phosphate-weight,2.412,2026-02-25T02:20:00Z,Phosphate Weight,Coating QC,CoatGauge C-06,Coating,steel_metals-demo,STE-RG-2,STE-22-B,ok,steel_metals-022-022,g/m2,[],manual,synthetic demo alternating high/low variability
demo-steel_metals-coatgauge-c-06-phosphate-weight,2.4,2026-02-25T04:20:00Z,Phosphate Weight,Coating QC,CoatGauge C-06,Coating,steel_metals-demo,STE-RG-2,STE-22-B,ok,steel_metals-022-023,g/m2,[],manual,synthetic demo alternating high/low variability
demo-steel_metals-coatgauge-c-06-phosphate-weight,2.388,2026-02-25T06:20:00Z,Phosphate Weight,Coating QC,CoatGauge C-06,Coating,steel_metals-demo,STE-RG-2,STE-22-B,ok,steel_metals-022-024,g/m2,[],manual,synthetic demo alternating high/low variability
demo-steel_metals-coatgauge-c-06-phosphate-weight,2.4,2026-02-25T08:20:00Z,Phosphate Weight,Coating QC,CoatGauge C-06,Coating,steel_metals-demo,STE-RG-2,STE-22-B,ok,steel_metals-022-025,g/m2,[],manual,synthetic demo alternating high/low variability
demo-steel_metals-microscope-m-07-grain-size,7.5,2026-02-23T08:25:00Z,Grain Size,Microstructure QC,MicroScope M-07,Metallography,steel_metals-demo,STE-RG-1,STE-23-A,ok,steel_metals-023-001,ASTM No.,[],manual,synthetic demo duplicate retry cluster
demo-steel_metals-microscope-m-07-grain-size,7.5,2026-02-23T10:25:00Z,Grain Size,Microstructure QC,MicroScope M-07,Metallography,steel_metals-demo,STE-RG-1,STE-23-A,ok,steel_metals-023-002,ASTM No.,[],manual,synthetic demo duplicate retry cluster
demo-steel_metals-microscope-m-07-grain-size,7.525,2026-02-23T12:25:00Z,Grain Size,Microstructure QC,MicroScope M-07,Metallography,steel_metals-demo,STE-RG-1,STE-23-A,ok,steel_metals-023-003,ASTM No.,[],manual,synthetic demo duplicate retry cluster
demo-steel_metals-microscope-m-07-grain-size,7.525,2026-02-23T14:25:00Z,Grain Size,Microstructure QC,MicroScope M-07,Metallography,steel_metals-demo,STE-RG-1,STE-23-A,ok,steel_metals-023-004,ASTM No.,[],manual,synthetic demo duplicate retry cluster
demo-steel_metals-microscope-m-07-grain-size,7.525,2026-02-23T16:25:00Z,Grain Size,Microstructure QC,MicroScope M-07,Metallography,steel_metals-demo,STE-RG-1,STE-23-A,ok,steel_metals-023-005,ASTM No.,[],manual,synthetic demo duplicate retry cluster
demo-steel_metals-microscope-m-07-grain-size,7.475,2026-02-23T18:25:00Z,Grain Size,Microstructure QC,MicroScope M-07,Metallography,steel_metals-demo,STE-RG-1,STE-23-A,ok,steel_metals-023-006,ASTM No.,[],manual,synthetic demo duplicate retry cluster
demo-steel_metals-microscope-m-07-grain-size,7.475,2026-02-23T20:25:00Z,Grain Size,Microstructure QC,MicroScope M-07,Metallography,steel_metals-demo,STE-RG-1,STE-23-A,ok,steel_metals-023-007,ASTM No.,[],manual,synthetic demo duplicate retry cluster
demo-steel_metals-microscope-m-07-grain-size,7.5,2026-02-23T22:25:00Z,Grain Size,Microstructure QC,MicroScope M-07,Metallography,steel_metals-demo,STE-RG-1,STE-23-A,ok,steel_metals-023-008,ASTM No.,[],manual,synthetic demo duplicate retry cluster
demo-steel_metals-microscope-m-07-grain-size,7.55,2026-02-24T00:25:00Z,Grain Size,Microstructure QC,MicroScope M-07,Metallography,steel_metals-demo,STE-RG-1,STE-23-A,ok,steel_metals-023-009,ASTM No.,[],manual,synthetic demo duplicate retry cluster
demo-steel_metals-microscope-m-07-grain-size,7.55,2026-02-24T02:25:00Z,Grain Size,Microstructure QC,MicroScope M-07,Metallography,steel_metals-demo,STE-RG-1,STE-23-A,ok,steel_metals-023-010,ASTM No.,[],manual,synthetic demo duplicate retry cluster
demo-steel_metals-microscope-m-07-grain-size,7.525,2026-02-24T04:25:00Z,Grain Size,Microstructure QC,MicroScope M-07,Metallography,steel_metals-demo,STE-RG-1,STE-23-A,ok,steel_metals-023-011,ASTM No.,[],manual,synthetic demo duplicate retry cluster
demo-steel_metals-microscope-m-07-grain-size,7.5,2026-02-24T06:25:00Z,Grain Size,Microstructure QC,MicroScope M-07,Metallography,steel_metals-demo,STE-RG-1,STE-23-A,ok,steel_metals-023-012,ASTM No.,[],manual,synthetic demo duplicate retry cluster
demo-steel_metals-microscope-m-07-grain-size,7.5,2026-02-24T08:25:00Z,Grain Size,Microstructure QC,MicroScope M-07,Metallography,steel_metals-demo,STE-RG-1,STE-23-A,ok,steel_metals-023-013,ASTM No.,[],manual,synthetic demo duplicate retry cluster
demo-steel_metals-microscope-m-07-grain-size,7.475,2026-02-24T10:25:00Z,Grain Size,Microstructure QC,MicroScope M-07,Metallography,steel_metals-demo,STE-RG-1,STE-23-A,ok,steel_metals-023-014,ASTM No.,[],manual,synthetic demo duplicate retry cluster
demo-steel_metals-microscope-m-07-grain-size,7.5,2026-02-24T12:25:00Z,Grain Size,Microstructure QC,MicroScope M-07,Metallography,steel_metals-demo,STE-RG-1,STE-23-A,ok,steel_metals-023-015,ASTM No.,[],manual,synthetic demo duplicate retry cluster
demo-steel_metals-microscope-m-07-grain-size,7.575,2026-02-24T14:25:00Z,Grain Size,Microstructure QC,MicroScope M-07,Metallography,steel_metals-demo,STE-RG-2,STE-23-B,ok,steel_metals-023-016,ASTM No.,[],manual,synthetic demo duplicate retry cluster
demo-steel_metals-microscope-m-07-grain-size,7.55,2026-02-24T16:25:00Z,Grain Size,Microstructure QC,MicroScope M-07,Metallography,steel_metals-demo,STE-RG-2,STE-23-B,ok,steel_metals-023-017,ASTM No.,[],manual,synthetic demo duplicate retry cluster
demo-steel_metals-microscope-m-07-grain-size,7.575,2026-02-24T18:25:00Z,Grain Size,Microstructure QC,MicroScope M-07,Metallography,steel_metals-demo,STE-RG-2,STE-23-B,ok,steel_metals-023-018,ASTM No.,[],manual,synthetic demo duplicate retry cluster
demo-steel_metals-microscope-m-07-grain-size,7.55,2026-02-24T20:25:00Z,Grain Size,Microstructure QC,MicroScope M-07,Metallography,steel_metals-demo,STE-RG-2,STE-23-B,ok,steel_metals-023-019,ASTM No.,[],manual,synthetic demo duplicate retry cluster
demo-steel_metals-microscope-m-07-grain-size,7.525,2026-02-24T22:25:00Z,Grain Size,Microstructure QC,MicroScope M-07,Metallography,steel_metals-demo,STE-RG-2,STE-23-B,ok,steel_metals-023-020,ASTM No.,[],manual,synthetic demo duplicate retry cluster
demo-steel_metals-microscope-m-07-grain-size,7.55,2026-02-25T00:25:00Z,Grain Size,Microstructure QC,MicroScope M-07,Metallography,steel_metals-demo,STE-RG-2,STE-23-B,ok,steel_metals-023-021,ASTM No.,[],manual,synthetic demo duplicate retry cluster
demo-steel_metals-microscope-m-07-grain-size,7.525,2026-02-25T02:25:00Z,Grain Size,Microstructure QC,MicroScope M-07,Metallography,steel_metals-demo,STE-RG-2,STE-23-B,ok,steel_metals-023-022,ASTM No.,[],manual,synthetic demo duplicate retry cluster
demo-steel_metals-microscope-m-07-grain-size,7.5,2026-02-25T04:25:00Z,Grain Size,Microstructure QC,MicroScope M-07,Metallography,steel_metals-demo,STE-RG-2,STE-23-B,ok,steel_metals-023-023,ASTM No.,[],manual,synthetic demo duplicate retry cluster
demo-steel_metals-microscope-m-07-grain-size,7.525,2026-02-25T06:25:00Z,Grain Size,Microstructure QC,MicroScope M-07,Metallography,steel_metals-demo,STE-RG-2,STE-23-B,ok,steel_metals-023-024,ASTM No.,[],manual,synthetic demo duplicate retry cluster
demo-steel_metals-microscope-m-07-grain-size,7.5,2026-02-25T08:25:00Z,Grain Size,Microstructure QC,MicroScope M-07,Metallography,steel_metals-demo,STE-RG-2,STE-23-B,ok,steel_metals-023-025,ASTM No.,[],manual,synthetic demo duplicate retry cluster
demo-steel_metals-microscope-m-07-inclusion-rating,1.0,2026-02-23T08:00:00Z,Inclusion Rating,Inclusion QC,MicroScope M-07,Metallography,steel_metals-demo,STE-RG-1,STE-24-A,ok,steel_metals-024-001,index,[],manual,synthetic demo stable second-lot baseline
demo-steel_metals-microscope-m-07-inclusion-rating,1.008,2026-02-23T10:00:00Z,Inclusion Rating,Inclusion QC,MicroScope M-07,Metallography,steel_metals-demo,STE-RG-1,STE-24-A,ok,steel_metals-024-002,index,[],manual,synthetic demo stable second-lot baseline
demo-steel_metals-microscope-m-07-inclusion-rating,0.992,2026-02-23T12:00:00Z,Inclusion Rating,Inclusion QC,MicroScope M-07,Metallography,steel_metals-demo,STE-RG-1,STE-24-A,ok,steel_metals-024-003,index,[],manual,synthetic demo stable second-lot baseline
demo-steel_metals-microscope-m-07-inclusion-rating,1.016,2026-02-23T14:00:00Z,Inclusion Rating,Inclusion QC,MicroScope M-07,Metallography,steel_metals-demo,STE-RG-1,STE-24-A,ok,steel_metals-024-004,index,[],manual,synthetic demo stable second-lot baseline
demo-steel_metals-microscope-m-07-inclusion-rating,0.984,2026-02-23T16:00:00Z,Inclusion Rating,Inclusion QC,MicroScope M-07,Metallography,steel_metals-demo,STE-RG-1,STE-24-A,ok,steel_metals-024-005,index,[],manual,synthetic demo stable second-lot baseline
demo-steel_metals-microscope-m-07-inclusion-rating,1.008,2026-02-23T18:00:00Z,Inclusion Rating,Inclusion QC,MicroScope M-07,Metallography,steel_metals-demo,STE-RG-1,STE-24-A,ok,steel_metals-024-006,index,[],manual,synthetic demo stable second-lot baseline
demo-steel_metals-microscope-m-07-inclusion-rating,1.0,2026-02-23T20:00:00Z,Inclusion Rating,Inclusion QC,MicroScope M-07,Metallography,steel_metals-demo,STE-RG-1,STE-24-A,ok,steel_metals-024-007,index,[],manual,synthetic demo stable second-lot baseline
demo-steel_metals-microscope-m-07-inclusion-rating,0.992,2026-02-23T22:00:00Z,Inclusion Rating,Inclusion QC,MicroScope M-07,Metallography,steel_metals-demo,STE-RG-1,STE-24-A,ok,steel_metals-024-008,index,[],manual,synthetic demo stable second-lot baseline
demo-steel_metals-microscope-m-07-inclusion-rating,1.016,2026-02-24T00:00:00Z,Inclusion Rating,Inclusion QC,MicroScope M-07,Metallography,steel_metals-demo,STE-RG-1,STE-24-A,ok,steel_metals-024-009,index,[],manual,synthetic demo stable second-lot baseline
demo-steel_metals-microscope-m-07-inclusion-rating,1.008,2026-02-24T02:00:00Z,Inclusion Rating,Inclusion QC,MicroScope M-07,Metallography,steel_metals-demo,STE-RG-1,STE-24-A,ok,steel_metals-024-010,index,[],manual,synthetic demo stable second-lot baseline
demo-steel_metals-microscope-m-07-inclusion-rating,0.984,2026-02-24T04:00:00Z,Inclusion Rating,Inclusion QC,MicroScope M-07,Metallography,steel_metals-demo,STE-RG-1,STE-24-A,ok,steel_metals-024-011,index,[],manual,synthetic demo stable second-lot baseline
demo-steel_metals-microscope-m-07-inclusion-rating,1.0,2026-02-24T06:00:00Z,Inclusion Rating,Inclusion QC,MicroScope M-07,Metallography,steel_metals-demo,STE-RG-1,STE-24-A,ok,steel_metals-024-012,index,[],manual,synthetic demo stable second-lot baseline
demo-steel_metals-microscope-m-07-inclusion-rating,1.008,2026-02-24T08:00:00Z,Inclusion Rating,Inclusion QC,MicroScope M-07,Metallography,steel_metals-demo,STE-RG-1,STE-24-A,ok,steel_metals-024-013,index,[],manual,synthetic demo stable second-lot baseline
demo-steel_metals-microscope-m-07-inclusion-rating,0.992,2026-02-24T10:00:00Z,Inclusion Rating,Inclusion QC,MicroScope M-07,Metallography,steel_metals-demo,STE-RG-1,STE-24-A,ok,steel_metals-024-014,index,[],manual,synthetic demo stable second-lot baseline
demo-steel_metals-microscope-m-07-inclusion-rating,1.0,2026-02-24T12:00:00Z,Inclusion Rating,Inclusion QC,MicroScope M-07,Metallography,steel_metals-demo,STE-RG-1,STE-24-A,ok,steel_metals-024-015,index,[],manual,synthetic demo stable second-lot baseline
demo-steel_metals-microscope-m-07-inclusion-rating,1.016,2026-02-24T14:00:00Z,Inclusion Rating,Inclusion QC,MicroScope M-07,Metallography,steel_metals-demo,STE-RG-2,STE-24-B,ok,steel_metals-024-016,index,[],manual,synthetic demo stable second-lot baseline
demo-steel_metals-microscope-m-07-inclusion-rating,0.984,2026-02-24T16:00:00Z,Inclusion Rating,Inclusion QC,MicroScope M-07,Metallography,steel_metals-demo,STE-RG-2,STE-24-B,ok,steel_metals-024-017,index,[],manual,synthetic demo stable second-lot baseline
demo-steel_metals-microscope-m-07-inclusion-rating,1.008,2026-02-24T18:00:00Z,Inclusion Rating,Inclusion QC,MicroScope M-07,Metallography,steel_metals-demo,STE-RG-2,STE-24-B,ok,steel_metals-024-018,index,[],manual,synthetic demo stable second-lot baseline
demo-steel_metals-microscope-m-07-inclusion-rating,1.0,2026-02-24T20:00:00Z,Inclusion Rating,Inclusion QC,MicroScope M-07,Metallography,steel_metals-demo,STE-RG-2,STE-24-B,ok,steel_metals-024-019,index,[],manual,synthetic demo stable second-lot baseline
demo-steel_metals-microscope-m-07-inclusion-rating,0.992,2026-02-24T22:00:00Z,Inclusion Rating,Inclusion QC,MicroScope M-07,Metallography,steel_metals-demo,STE-RG-2,STE-24-B,ok,steel_metals-024-020,index,[],manual,synthetic demo stable second-lot baseline
demo-steel_metals-microscope-m-07-inclusion-rating,1.008,2026-02-25T00:00:00Z,Inclusion Rating,Inclusion QC,MicroScope M-07,Metallography,steel_metals-demo,STE-RG-2,STE-24-B,ok,steel_metals-024-021,index,[],manual,synthetic demo stable second-lot baseline
demo-steel_metals-microscope-m-07-inclusion-rating,1.0,2026-02-25T02:00:00Z,Inclusion Rating,Inclusion QC,MicroScope M-07,Metallography,steel_metals-demo,STE-RG-2,STE-24-B,ok,steel_metals-024-022,index,[],manual,synthetic demo stable second-lot baseline
demo-steel_metals-microscope-m-07-inclusion-rating,0.984,2026-02-25T04:00:00Z,Inclusion Rating,Inclusion QC,MicroScope M-07,Metallography,steel_metals-demo,STE-RG-2,STE-24-B,ok,steel_metals-024-023,index,[],manual,synthetic demo stable second-lot baseline
demo-steel_metals-microscope-m-07-inclusion-rating,1.016,2026-02-25T06:00:00Z,Inclusion Rating,Inclusion QC,MicroScope M-07,Metallography,steel_metals-demo,STE-RG-2,STE-24-B,ok,steel_metals-024-024,index,[],manual,synthetic demo stable second-lot baseline
demo-steel_metals-microscope-m-07-inclusion-rating,1.0,2026-02-25T08:00:00Z,Inclusion Rating,Inclusion QC,MicroScope M-07,Metallography,steel_metals-demo,STE-RG-2,STE-24-B,ok,steel_metals-024-025,index,[],manual,synthetic demo stable second-lot baseline
demo-steel_metals-furnaceprobe-f-08-austenitizing-temp,845.0,2026-02-23T08:05:00Z,Austenitizing Temp,Heat treat QC,FurnaceProbe F-08,Furnace Profile,steel_metals-demo,STE-RG-1,STE-25-A,ok,steel_metals-025-001,deg C,[],manual,synthetic demo single high action outlier
demo-steel_metals-furnaceprobe-f-08-austenitizing-temp,845.6,2026-02-23T10:05:00Z,Austenitizing Temp,Heat treat QC,FurnaceProbe F-08,Furnace Profile,steel_metals-demo,STE-RG-1,STE-25-A,ok,steel_metals-025-002,deg C,[],manual,synthetic demo single high action outlier
demo-steel_metals-furnaceprobe-f-08-austenitizing-temp,844.4,2026-02-23T12:05:00Z,Austenitizing Temp,Heat treat QC,FurnaceProbe F-08,Furnace Profile,steel_metals-demo,STE-RG-1,STE-25-A,ok,steel_metals-025-003,deg C,[],manual,synthetic demo single high action outlier
demo-steel_metals-furnaceprobe-f-08-austenitizing-temp,846.2,2026-02-23T14:05:00Z,Austenitizing Temp,Heat treat QC,FurnaceProbe F-08,Furnace Profile,steel_metals-demo,STE-RG-1,STE-25-A,ok,steel_metals-025-004,deg C,[],manual,synthetic demo single high action outlier
demo-steel_metals-furnaceprobe-f-08-austenitizing-temp,845.0,2026-02-23T16:05:00Z,Austenitizing Temp,Heat treat QC,FurnaceProbe F-08,Furnace Profile,steel_metals-demo,STE-RG-1,STE-25-A,ok,steel_metals-025-005,deg C,[],manual,synthetic demo single high action outlier
demo-steel_metals-furnaceprobe-f-08-austenitizing-temp,843.8,2026-02-23T18:05:00Z,Austenitizing Temp,Heat treat QC,FurnaceProbe F-08,Furnace Profile,steel_metals-demo,STE-RG-1,STE-25-A,ok,steel_metals-025-006,deg C,[],manual,synthetic demo single high action outlier
demo-steel_metals-furnaceprobe-f-08-austenitizing-temp,845.6,2026-02-23T20:05:00Z,Austenitizing Temp,Heat treat QC,FurnaceProbe F-08,Furnace Profile,steel_metals-demo,STE-RG-1,STE-25-A,ok,steel_metals-025-007,deg C,[],manual,synthetic demo single high action outlier
demo-steel_metals-furnaceprobe-f-08-austenitizing-temp,846.2,2026-02-23T22:05:00Z,Austenitizing Temp,Heat treat QC,FurnaceProbe F-08,Furnace Profile,steel_metals-demo,STE-RG-1,STE-25-A,ok,steel_metals-025-008,deg C,[],manual,synthetic demo single high action outlier
demo-steel_metals-furnaceprobe-f-08-austenitizing-temp,865.4,2026-02-24T00:05:00Z,Austenitizing Temp,Heat treat QC,FurnaceProbe F-08,Furnace Profile,steel_metals-demo,STE-RG-1,STE-25-A,ok,steel_metals-025-009,deg C,[],manual,synthetic demo single high action outlier
demo-steel_metals-furnaceprobe-f-08-austenitizing-temp,846.8,2026-02-24T02:05:00Z,Austenitizing Temp,Heat treat QC,FurnaceProbe F-08,Furnace Profile,steel_metals-demo,STE-RG-1,STE-25-A,ok,steel_metals-025-010,deg C,[],manual,synthetic demo single high action outlier
demo-steel_metals-furnaceprobe-f-08-austenitizing-temp,845.0,2026-02-24T04:05:00Z,Austenitizing Temp,Heat treat QC,FurnaceProbe F-08,Furnace Profile,steel_metals-demo,STE-RG-1,STE-25-A,ok,steel_metals-025-011,deg C,[],manual,synthetic demo single high action outlier
demo-steel_metals-furnaceprobe-f-08-austenitizing-temp,844.4,2026-02-24T06:05:00Z,Austenitizing Temp,Heat treat QC,FurnaceProbe F-08,Furnace Profile,steel_metals-demo,STE-RG-1,STE-25-A,ok,steel_metals-025-012,deg C,[],manual,synthetic demo single high action outlier
demo-steel_metals-furnaceprobe-f-08-austenitizing-temp,845.6,2026-02-24T08:05:00Z,Austenitizing Temp,Heat treat QC,FurnaceProbe F-08,Furnace Profile,steel_metals-demo,STE-RG-1,STE-25-A,ok,steel_metals-025-013,deg C,[],manual,synthetic demo single high action outlier
demo-steel_metals-furnaceprobe-f-08-austenitizing-temp,845.0,2026-02-24T10:05:00Z,Austenitizing Temp,Heat treat QC,FurnaceProbe F-08,Furnace Profile,steel_metals-demo,STE-RG-1,STE-25-A,ok,steel_metals-025-014,deg C,[],manual,synthetic demo single high action outlier
demo-steel_metals-furnaceprobe-f-08-austenitizing-temp,843.8,2026-02-24T12:05:00Z,Austenitizing Temp,Heat treat QC,FurnaceProbe F-08,Furnace Profile,steel_metals-demo,STE-RG-1,STE-25-A,ok,steel_metals-025-015,deg C,[],manual,synthetic demo single high action outlier
demo-steel_metals-furnaceprobe-f-08-austenitizing-temp,846.2,2026-02-24T14:05:00Z,Austenitizing Temp,Heat treat QC,FurnaceProbe F-08,Furnace Profile,steel_metals-demo,STE-RG-2,STE-25-B,ok,steel_metals-025-016,deg C,[],manual,synthetic demo single high action outlier
demo-steel_metals-furnaceprobe-f-08-austenitizing-temp,845.6,2026-02-24T16:05:00Z,Austenitizing Temp,Heat treat QC,FurnaceProbe F-08,Furnace Profile,steel_metals-demo,STE-RG-2,STE-25-B,ok,steel_metals-025-017,deg C,[],manual,synthetic demo single high action outlier
demo-steel_metals-furnaceprobe-f-08-austenitizing-temp,845.0,2026-02-24T18:05:00Z,Austenitizing Temp,Heat treat QC,FurnaceProbe F-08,Furnace Profile,steel_metals-demo,STE-RG-2,STE-25-B,ok,steel_metals-025-018,deg C,[],manual,synthetic demo single high action outlier
demo-steel_metals-furnaceprobe-f-08-austenitizing-temp,844.4,2026-02-24T20:05:00Z,Austenitizing Temp,Heat treat QC,FurnaceProbe F-08,Furnace Profile,steel_metals-demo,STE-RG-2,STE-25-B,ok,steel_metals-025-019,deg C,[],manual,synthetic demo single high action outlier
demo-steel_metals-furnaceprobe-f-08-austenitizing-temp,845.6,2026-02-24T22:05:00Z,Austenitizing Temp,Heat treat QC,FurnaceProbe F-08,Furnace Profile,steel_metals-demo,STE-RG-2,STE-25-B,ok,steel_metals-025-020,deg C,[],manual,synthetic demo single high action outlier
demo-steel_metals-furnaceprobe-f-08-austenitizing-temp,845.0,2026-02-25T00:05:00Z,Austenitizing Temp,Heat treat QC,FurnaceProbe F-08,Furnace Profile,steel_metals-demo,STE-RG-2,STE-25-B,ok,steel_metals-025-021,deg C,[],manual,synthetic demo single high action outlier
demo-steel_metals-furnaceprobe-f-08-austenitizing-temp,843.8,2026-02-25T02:05:00Z,Austenitizing Temp,Heat treat QC,FurnaceProbe F-08,Furnace Profile,steel_metals-demo,STE-RG-2,STE-25-B,ok,steel_metals-025-022,deg C,[],manual,synthetic demo single high action outlier
demo-steel_metals-furnaceprobe-f-08-austenitizing-temp,845.6,2026-02-25T04:05:00Z,Austenitizing Temp,Heat treat QC,FurnaceProbe F-08,Furnace Profile,steel_metals-demo,STE-RG-2,STE-25-B,ok,steel_metals-025-023,deg C,[],manual,synthetic demo single high action outlier
demo-steel_metals-furnaceprobe-f-08-austenitizing-temp,845.0,2026-02-25T06:05:00Z,Austenitizing Temp,Heat treat QC,FurnaceProbe F-08,Furnace Profile,steel_metals-demo,STE-RG-2,STE-25-B,ok,steel_metals-025-024,deg C,[],manual,synthetic demo single high action outlier
demo-steel_metals-furnaceprobe-f-08-austenitizing-temp,846.2,2026-02-25T08:05:00Z,Austenitizing Temp,Heat treat QC,FurnaceProbe F-08,Furnace Profile,steel_metals-demo,STE-RG-2,STE-25-B,ok,steel_metals-025-025,deg C,[],manual,synthetic demo single high action outlier
