stream_id,result_value,timestamp,analyte,qc_level,instrument_id,method_id,operator_id,reagent_lot,control_material_lot,calibration_status,run_id,units,flags,entry_source,comments
demo-fuel_astm-optidist-fuel-01-d86-ibp,76.0,2026-02-02T08:05:00Z,D86 IBP,Naphtha D86 QC,OptiDist Fuel-01,ASTM D86,fuel_astm-demo,FUE-RG-1,FUE-01-A,ok,fuel_astm-001-001,deg C,[],manual,synthetic demo single high action outlier
demo-fuel_astm-optidist-fuel-01-d86-ibp,76.1,2026-02-02T10:05:00Z,D86 IBP,Naphtha D86 QC,OptiDist Fuel-01,ASTM D86,fuel_astm-demo,FUE-RG-1,FUE-01-A,ok,fuel_astm-001-002,deg C,[],manual,synthetic demo single high action outlier
demo-fuel_astm-optidist-fuel-01-d86-ibp,75.9,2026-02-02T12:05:00Z,D86 IBP,Naphtha D86 QC,OptiDist Fuel-01,ASTM D86,fuel_astm-demo,FUE-RG-1,FUE-01-A,ok,fuel_astm-001-003,deg C,[],manual,synthetic demo single high action outlier
demo-fuel_astm-optidist-fuel-01-d86-ibp,76.2,2026-02-02T14:05:00Z,D86 IBP,Naphtha D86 QC,OptiDist Fuel-01,ASTM D86,fuel_astm-demo,FUE-RG-1,FUE-01-A,ok,fuel_astm-001-004,deg C,[],manual,synthetic demo single high action outlier
demo-fuel_astm-optidist-fuel-01-d86-ibp,76.0,2026-02-02T16:05:00Z,D86 IBP,Naphtha D86 QC,OptiDist Fuel-01,ASTM D86,fuel_astm-demo,FUE-RG-1,FUE-01-A,ok,fuel_astm-001-005,deg C,[],manual,synthetic demo single high action outlier
demo-fuel_astm-optidist-fuel-01-d86-ibp,75.8,2026-02-02T18:05:00Z,D86 IBP,Naphtha D86 QC,OptiDist Fuel-01,ASTM D86,fuel_astm-demo,FUE-RG-1,FUE-01-A,ok,fuel_astm-001-006,deg C,[],manual,synthetic demo single high action outlier
demo-fuel_astm-optidist-fuel-01-d86-ibp,76.1,2026-02-02T20:05:00Z,D86 IBP,Naphtha D86 QC,OptiDist Fuel-01,ASTM D86,fuel_astm-demo,FUE-RG-1,FUE-01-A,ok,fuel_astm-001-007,deg C,[],manual,synthetic demo single high action outlier
demo-fuel_astm-optidist-fuel-01-d86-ibp,76.2,2026-02-02T22:05:00Z,D86 IBP,Naphtha D86 QC,OptiDist Fuel-01,ASTM D86,fuel_astm-demo,FUE-RG-1,FUE-01-A,ok,fuel_astm-001-008,deg C,[],manual,synthetic demo single high action outlier
demo-fuel_astm-optidist-fuel-01-d86-ibp,79.4,2026-02-03T00:05:00Z,D86 IBP,Naphtha D86 QC,OptiDist Fuel-01,ASTM D86,fuel_astm-demo,FUE-RG-1,FUE-01-A,ok,fuel_astm-001-009,deg C,[],manual,synthetic demo single high action outlier
demo-fuel_astm-optidist-fuel-01-d86-ibp,76.3,2026-02-03T02:05:00Z,D86 IBP,Naphtha D86 QC,OptiDist Fuel-01,ASTM D86,fuel_astm-demo,FUE-RG-1,FUE-01-A,ok,fuel_astm-001-010,deg C,[],manual,synthetic demo single high action outlier
demo-fuel_astm-optidist-fuel-01-d86-ibp,76.0,2026-02-03T04:05:00Z,D86 IBP,Naphtha D86 QC,OptiDist Fuel-01,ASTM D86,fuel_astm-demo,FUE-RG-1,FUE-01-A,ok,fuel_astm-001-011,deg C,[],manual,synthetic demo single high action outlier
demo-fuel_astm-optidist-fuel-01-d86-ibp,75.9,2026-02-03T06:05:00Z,D86 IBP,Naphtha D86 QC,OptiDist Fuel-01,ASTM D86,fuel_astm-demo,FUE-RG-1,FUE-01-A,ok,fuel_astm-001-012,deg C,[],manual,synthetic demo single high action outlier
demo-fuel_astm-optidist-fuel-01-d86-ibp,76.1,2026-02-03T08:05:00Z,D86 IBP,Naphtha D86 QC,OptiDist Fuel-01,ASTM D86,fuel_astm-demo,FUE-RG-1,FUE-01-A,ok,fuel_astm-001-013,deg C,[],manual,synthetic demo single high action outlier
demo-fuel_astm-optidist-fuel-01-d86-ibp,76.0,2026-02-03T10:05:00Z,D86 IBP,Naphtha D86 QC,OptiDist Fuel-01,ASTM D86,fuel_astm-demo,FUE-RG-1,FUE-01-A,ok,fuel_astm-001-014,deg C,[],manual,synthetic demo single high action outlier
demo-fuel_astm-optidist-fuel-01-d86-ibp,75.8,2026-02-03T12:05:00Z,D86 IBP,Naphtha D86 QC,OptiDist Fuel-01,ASTM D86,fuel_astm-demo,FUE-RG-1,FUE-01-A,ok,fuel_astm-001-015,deg C,[],manual,synthetic demo single high action outlier
demo-fuel_astm-optidist-fuel-01-d86-ibp,76.2,2026-02-03T14:05:00Z,D86 IBP,Naphtha D86 QC,OptiDist Fuel-01,ASTM D86,fuel_astm-demo,FUE-RG-2,FUE-01-B,ok,fuel_astm-001-016,deg C,[],manual,synthetic demo single high action outlier
demo-fuel_astm-optidist-fuel-01-d86-ibp,76.1,2026-02-03T16:05:00Z,D86 IBP,Naphtha D86 QC,OptiDist Fuel-01,ASTM D86,fuel_astm-demo,FUE-RG-2,FUE-01-B,ok,fuel_astm-001-017,deg C,[],manual,synthetic demo single high action outlier
demo-fuel_astm-optidist-fuel-01-d86-ibp,76.0,2026-02-03T18:05:00Z,D86 IBP,Naphtha D86 QC,OptiDist Fuel-01,ASTM D86,fuel_astm-demo,FUE-RG-2,FUE-01-B,ok,fuel_astm-001-018,deg C,[],manual,synthetic demo single high action outlier
demo-fuel_astm-optidist-fuel-01-d86-ibp,75.9,2026-02-03T20:05:00Z,D86 IBP,Naphtha D86 QC,OptiDist Fuel-01,ASTM D86,fuel_astm-demo,FUE-RG-2,FUE-01-B,ok,fuel_astm-001-019,deg C,[],manual,synthetic demo single high action outlier
demo-fuel_astm-optidist-fuel-01-d86-ibp,76.1,2026-02-03T22:05:00Z,D86 IBP,Naphtha D86 QC,OptiDist Fuel-01,ASTM D86,fuel_astm-demo,FUE-RG-2,FUE-01-B,ok,fuel_astm-001-020,deg C,[],manual,synthetic demo single high action outlier
demo-fuel_astm-optidist-fuel-01-d86-ibp,76.0,2026-02-04T00:05:00Z,D86 IBP,Naphtha D86 QC,OptiDist Fuel-01,ASTM D86,fuel_astm-demo,FUE-RG-2,FUE-01-B,ok,fuel_astm-001-021,deg C,[],manual,synthetic demo single high action outlier
demo-fuel_astm-optidist-fuel-01-d86-ibp,75.8,2026-02-04T02:05:00Z,D86 IBP,Naphtha D86 QC,OptiDist Fuel-01,ASTM D86,fuel_astm-demo,FUE-RG-2,FUE-01-B,ok,fuel_astm-001-022,deg C,[],manual,synthetic demo single high action outlier
demo-fuel_astm-optidist-fuel-01-d86-ibp,76.1,2026-02-04T04:05:00Z,D86 IBP,Naphtha D86 QC,OptiDist Fuel-01,ASTM D86,fuel_astm-demo,FUE-RG-2,FUE-01-B,ok,fuel_astm-001-023,deg C,[],manual,synthetic demo single high action outlier
demo-fuel_astm-optidist-fuel-01-d86-ibp,76.0,2026-02-04T06:05:00Z,D86 IBP,Naphtha D86 QC,OptiDist Fuel-01,ASTM D86,fuel_astm-demo,FUE-RG-2,FUE-01-B,ok,fuel_astm-001-024,deg C,[],manual,synthetic demo single high action outlier
demo-fuel_astm-optidist-fuel-01-d86-ibp,76.2,2026-02-04T08:05:00Z,D86 IBP,Naphtha D86 QC,OptiDist Fuel-01,ASTM D86,fuel_astm-demo,FUE-RG-2,FUE-01-B,ok,fuel_astm-001-025,deg C,[],manual,synthetic demo single high action outlier
demo-fuel_astm-optidist-fuel-01-d86-10-recovered,92.0,2026-02-02T08:10:00Z,D86 10% Recovered,Naphtha D86 QC,OptiDist Fuel-01,ASTM D86,fuel_astm-demo,FUE-RG-1,FUE-02-A,ok,fuel_astm-002-001,deg C,[],manual,synthetic demo stable baseline
demo-fuel_astm-optidist-fuel-01-d86-10-recovered,92.11,2026-02-02T10:10:00Z,D86 10% Recovered,Naphtha D86 QC,OptiDist Fuel-01,ASTM D86,fuel_astm-demo,FUE-RG-1,FUE-02-A,ok,fuel_astm-002-002,deg C,[],manual,synthetic demo stable baseline
demo-fuel_astm-optidist-fuel-01-d86-10-recovered,91.89,2026-02-02T12:10:00Z,D86 10% Recovered,Naphtha D86 QC,OptiDist Fuel-01,ASTM D86,fuel_astm-demo,FUE-RG-1,FUE-02-A,ok,fuel_astm-002-003,deg C,[],manual,synthetic demo stable baseline
demo-fuel_astm-optidist-fuel-01-d86-10-recovered,92.22,2026-02-02T14:10:00Z,D86 10% Recovered,Naphtha D86 QC,OptiDist Fuel-01,ASTM D86,fuel_astm-demo,FUE-RG-1,FUE-02-A,ok,fuel_astm-002-004,deg C,[],manual,synthetic demo stable baseline
demo-fuel_astm-optidist-fuel-01-d86-10-recovered,91.78,2026-02-02T16:10:00Z,D86 10% Recovered,Naphtha D86 QC,OptiDist Fuel-01,ASTM D86,fuel_astm-demo,FUE-RG-1,FUE-02-A,ok,fuel_astm-002-005,deg C,[],manual,synthetic demo stable baseline
demo-fuel_astm-optidist-fuel-01-d86-10-recovered,92.11,2026-02-02T18:10:00Z,D86 10% Recovered,Naphtha D86 QC,OptiDist Fuel-01,ASTM D86,fuel_astm-demo,FUE-RG-1,FUE-02-A,ok,fuel_astm-002-006,deg C,[],manual,synthetic demo stable baseline
demo-fuel_astm-optidist-fuel-01-d86-10-recovered,92.0,2026-02-02T20:10:00Z,D86 10% Recovered,Naphtha D86 QC,OptiDist Fuel-01,ASTM D86,fuel_astm-demo,FUE-RG-1,FUE-02-A,ok,fuel_astm-002-007,deg C,[],manual,synthetic demo stable baseline
demo-fuel_astm-optidist-fuel-01-d86-10-recovered,91.89,2026-02-02T22:10:00Z,D86 10% Recovered,Naphtha D86 QC,OptiDist Fuel-01,ASTM D86,fuel_astm-demo,FUE-RG-1,FUE-02-A,ok,fuel_astm-002-008,deg C,[],manual,synthetic demo stable baseline
demo-fuel_astm-optidist-fuel-01-d86-10-recovered,92.22,2026-02-03T00:10:00Z,D86 10% Recovered,Naphtha D86 QC,OptiDist Fuel-01,ASTM D86,fuel_astm-demo,FUE-RG-1,FUE-02-A,ok,fuel_astm-002-009,deg C,[],manual,synthetic demo stable baseline
demo-fuel_astm-optidist-fuel-01-d86-10-recovered,92.11,2026-02-03T02:10:00Z,D86 10% Recovered,Naphtha D86 QC,OptiDist Fuel-01,ASTM D86,fuel_astm-demo,FUE-RG-1,FUE-02-A,ok,fuel_astm-002-010,deg C,[],manual,synthetic demo stable baseline
demo-fuel_astm-optidist-fuel-01-d86-10-recovered,91.78,2026-02-03T04:10:00Z,D86 10% Recovered,Naphtha D86 QC,OptiDist Fuel-01,ASTM D86,fuel_astm-demo,FUE-RG-1,FUE-02-A,ok,fuel_astm-002-011,deg C,[],manual,synthetic demo stable baseline
demo-fuel_astm-optidist-fuel-01-d86-10-recovered,92.0,2026-02-03T06:10:00Z,D86 10% Recovered,Naphtha D86 QC,OptiDist Fuel-01,ASTM D86,fuel_astm-demo,FUE-RG-1,FUE-02-A,ok,fuel_astm-002-012,deg C,[],manual,synthetic demo stable baseline
demo-fuel_astm-optidist-fuel-01-d86-10-recovered,92.11,2026-02-03T08:10:00Z,D86 10% Recovered,Naphtha D86 QC,OptiDist Fuel-01,ASTM D86,fuel_astm-demo,FUE-RG-1,FUE-02-A,ok,fuel_astm-002-013,deg C,[],manual,synthetic demo stable baseline
demo-fuel_astm-optidist-fuel-01-d86-10-recovered,91.89,2026-02-03T10:10:00Z,D86 10% Recovered,Naphtha D86 QC,OptiDist Fuel-01,ASTM D86,fuel_astm-demo,FUE-RG-1,FUE-02-A,ok,fuel_astm-002-014,deg C,[],manual,synthetic demo stable baseline
demo-fuel_astm-optidist-fuel-01-d86-10-recovered,92.0,2026-02-03T12:10:00Z,D86 10% Recovered,Naphtha D86 QC,OptiDist Fuel-01,ASTM D86,fuel_astm-demo,FUE-RG-1,FUE-02-A,ok,fuel_astm-002-015,deg C,[],manual,synthetic demo stable baseline
demo-fuel_astm-optidist-fuel-01-d86-10-recovered,92.22,2026-02-03T14:10:00Z,D86 10% Recovered,Naphtha D86 QC,OptiDist Fuel-01,ASTM D86,fuel_astm-demo,FUE-RG-2,FUE-02-B,ok,fuel_astm-002-016,deg C,[],manual,synthetic demo stable baseline
demo-fuel_astm-optidist-fuel-01-d86-10-recovered,91.78,2026-02-03T16:10:00Z,D86 10% Recovered,Naphtha D86 QC,OptiDist Fuel-01,ASTM D86,fuel_astm-demo,FUE-RG-2,FUE-02-B,ok,fuel_astm-002-017,deg C,[],manual,synthetic demo stable baseline
demo-fuel_astm-optidist-fuel-01-d86-10-recovered,92.11,2026-02-03T18:10:00Z,D86 10% Recovered,Naphtha D86 QC,OptiDist Fuel-01,ASTM D86,fuel_astm-demo,FUE-RG-2,FUE-02-B,ok,fuel_astm-002-018,deg C,[],manual,synthetic demo stable baseline
demo-fuel_astm-optidist-fuel-01-d86-10-recovered,92.0,2026-02-03T20:10:00Z,D86 10% Recovered,Naphtha D86 QC,OptiDist Fuel-01,ASTM D86,fuel_astm-demo,FUE-RG-2,FUE-02-B,ok,fuel_astm-002-019,deg C,[],manual,synthetic demo stable baseline
demo-fuel_astm-optidist-fuel-01-d86-10-recovered,91.89,2026-02-03T22:10:00Z,D86 10% Recovered,Naphtha D86 QC,OptiDist Fuel-01,ASTM D86,fuel_astm-demo,FUE-RG-2,FUE-02-B,ok,fuel_astm-002-020,deg C,[],manual,synthetic demo stable baseline
demo-fuel_astm-optidist-fuel-01-d86-10-recovered,92.11,2026-02-04T00:10:00Z,D86 10% Recovered,Naphtha D86 QC,OptiDist Fuel-01,ASTM D86,fuel_astm-demo,FUE-RG-2,FUE-02-B,ok,fuel_astm-002-021,deg C,[],manual,synthetic demo stable baseline
demo-fuel_astm-optidist-fuel-01-d86-10-recovered,92.0,2026-02-04T02:10:00Z,D86 10% Recovered,Naphtha D86 QC,OptiDist Fuel-01,ASTM D86,fuel_astm-demo,FUE-RG-2,FUE-02-B,ok,fuel_astm-002-022,deg C,[],manual,synthetic demo stable baseline
demo-fuel_astm-optidist-fuel-01-d86-10-recovered,91.78,2026-02-04T04:10:00Z,D86 10% Recovered,Naphtha D86 QC,OptiDist Fuel-01,ASTM D86,fuel_astm-demo,FUE-RG-2,FUE-02-B,ok,fuel_astm-002-023,deg C,[],manual,synthetic demo stable baseline
demo-fuel_astm-optidist-fuel-01-d86-10-recovered,92.22,2026-02-04T06:10:00Z,D86 10% Recovered,Naphtha D86 QC,OptiDist Fuel-01,ASTM D86,fuel_astm-demo,FUE-RG-2,FUE-02-B,ok,fuel_astm-002-024,deg C,[],manual,synthetic demo stable baseline
demo-fuel_astm-optidist-fuel-01-d86-10-recovered,92.0,2026-02-04T08:10:00Z,D86 10% Recovered,Naphtha D86 QC,OptiDist Fuel-01,ASTM D86,fuel_astm-demo,FUE-RG-2,FUE-02-B,ok,fuel_astm-002-025,deg C,[],manual,synthetic demo stable baseline
demo-fuel_astm-optidist-fuel-01-d86-50-recovered,121.0,2026-02-02T08:15:00Z,D86 50% Recovered,Naphtha D86 QC,OptiDist Fuel-01,ASTM D86,fuel_astm-demo,FUE-RG-1,FUE-03-A,ok,fuel_astm-003-001,deg C,[],manual,synthetic demo high scatter with low Bayesian confidence
demo-fuel_astm-optidist-fuel-01-d86-50-recovered,123.52,2026-02-02T10:15:00Z,D86 50% Recovered,Naphtha D86 QC,OptiDist Fuel-01,ASTM D86,fuel_astm-demo,FUE-RG-1,FUE-03-A,ok,fuel_astm-003-002,deg C,[],manual,synthetic demo high scatter with low Bayesian confidence
demo-fuel_astm-optidist-fuel-01-d86-50-recovered,118.66,2026-02-02T12:15:00Z,D86 50% Recovered,Naphtha D86 QC,OptiDist Fuel-01,ASTM D86,fuel_astm-demo,FUE-RG-1,FUE-03-A,ok,fuel_astm-003-003,deg C,[],manual,synthetic demo high scatter with low Bayesian confidence
demo-fuel_astm-optidist-fuel-01-d86-50-recovered,123.7,2026-02-02T14:15:00Z,D86 50% Recovered,Naphtha D86 QC,OptiDist Fuel-01,ASTM D86,fuel_astm-demo,FUE-RG-1,FUE-03-A,ok,fuel_astm-003-004,deg C,[],manual,synthetic demo high scatter with low Bayesian confidence
demo-fuel_astm-optidist-fuel-01-d86-50-recovered,118.48,2026-02-02T16:15:00Z,D86 50% Recovered,Naphtha D86 QC,OptiDist Fuel-01,ASTM D86,fuel_astm-demo,FUE-RG-1,FUE-03-A,ok,fuel_astm-003-005,deg C,[],manual,synthetic demo high scatter with low Bayesian confidence
demo-fuel_astm-optidist-fuel-01-d86-50-recovered,123.88,2026-02-02T18:15:00Z,D86 50% Recovered,Naphtha D86 QC,OptiDist Fuel-01,ASTM D86,fuel_astm-demo,FUE-RG-1,FUE-03-A,ok,fuel_astm-003-006,deg C,[],manual,synthetic demo high scatter with low Bayesian confidence
demo-fuel_astm-optidist-fuel-01-d86-50-recovered,118.3,2026-02-02T20:15:00Z,D86 50% Recovered,Naphtha D86 QC,OptiDist Fuel-01,ASTM D86,fuel_astm-demo,FUE-RG-1,FUE-03-A,ok,fuel_astm-003-007,deg C,[],manual,synthetic demo high scatter with low Bayesian confidence
demo-fuel_astm-optidist-fuel-01-d86-50-recovered,124.06,2026-02-02T22:15:00Z,D86 50% Recovered,Naphtha D86 QC,OptiDist Fuel-01,ASTM D86,fuel_astm-demo,FUE-RG-1,FUE-03-A,ok,fuel_astm-003-008,deg C,[],manual,synthetic demo high scatter with low Bayesian confidence
demo-fuel_astm-optidist-fuel-01-d86-50-recovered,118.12,2026-02-03T00:15:00Z,D86 50% Recovered,Naphtha D86 QC,OptiDist Fuel-01,ASTM D86,fuel_astm-demo,FUE-RG-1,FUE-03-A,ok,fuel_astm-003-009,deg C,[],manual,synthetic demo high scatter with low Bayesian confidence
demo-fuel_astm-optidist-fuel-01-d86-50-recovered,124.24,2026-02-03T02:15:00Z,D86 50% Recovered,Naphtha D86 QC,OptiDist Fuel-01,ASTM D86,fuel_astm-demo,FUE-RG-1,FUE-03-A,ok,fuel_astm-003-010,deg C,[],manual,synthetic demo high scatter with low Bayesian confidence
demo-fuel_astm-optidist-fuel-01-d86-50-recovered,117.94,2026-02-03T04:15:00Z,D86 50% Recovered,Naphtha D86 QC,OptiDist Fuel-01,ASTM D86,fuel_astm-demo,FUE-RG-1,FUE-03-A,ok,fuel_astm-003-011,deg C,[],manual,synthetic demo high scatter with low Bayesian confidence
demo-fuel_astm-optidist-fuel-01-d86-50-recovered,124.42,2026-02-03T06:15:00Z,D86 50% Recovered,Naphtha D86 QC,OptiDist Fuel-01,ASTM D86,fuel_astm-demo,FUE-RG-1,FUE-03-A,ok,fuel_astm-003-012,deg C,[],manual,synthetic demo high scatter with low Bayesian confidence
demo-fuel_astm-optidist-fuel-01-d86-50-recovered,117.76,2026-02-03T08:15:00Z,D86 50% Recovered,Naphtha D86 QC,OptiDist Fuel-01,ASTM D86,fuel_astm-demo,FUE-RG-1,FUE-03-A,ok,fuel_astm-003-013,deg C,[],manual,synthetic demo high scatter with low Bayesian confidence
demo-fuel_astm-optidist-fuel-01-d86-50-recovered,124.06,2026-02-03T10:15:00Z,D86 50% Recovered,Naphtha D86 QC,OptiDist Fuel-01,ASTM D86,fuel_astm-demo,FUE-RG-1,FUE-03-A,ok,fuel_astm-003-014,deg C,[],manual,synthetic demo high scatter with low Bayesian confidence
demo-fuel_astm-optidist-fuel-01-d86-50-recovered,118.12,2026-02-03T12:15:00Z,D86 50% Recovered,Naphtha D86 QC,OptiDist Fuel-01,ASTM D86,fuel_astm-demo,FUE-RG-1,FUE-03-A,ok,fuel_astm-003-015,deg C,[],manual,synthetic demo high scatter with low Bayesian confidence
demo-fuel_astm-optidist-fuel-01-d86-50-recovered,124.24,2026-02-03T14:15:00Z,D86 50% Recovered,Naphtha D86 QC,OptiDist Fuel-01,ASTM D86,fuel_astm-demo,FUE-RG-2,FUE-03-B,ok,fuel_astm-003-016,deg C,[],manual,synthetic demo high scatter with low Bayesian confidence
demo-fuel_astm-optidist-fuel-01-d86-50-recovered,117.94,2026-02-03T16:15:00Z,D86 50% Recovered,Naphtha D86 QC,OptiDist Fuel-01,ASTM D86,fuel_astm-demo,FUE-RG-2,FUE-03-B,ok,fuel_astm-003-017,deg C,[],manual,synthetic demo high scatter with low Bayesian confidence
demo-fuel_astm-optidist-fuel-01-d86-50-recovered,123.88,2026-02-03T18:15:00Z,D86 50% Recovered,Naphtha D86 QC,OptiDist Fuel-01,ASTM D86,fuel_astm-demo,FUE-RG-2,FUE-03-B,ok,fuel_astm-003-018,deg C,[],manual,synthetic demo high scatter with low Bayesian confidence
demo-fuel_astm-optidist-fuel-01-d86-50-recovered,118.3,2026-02-03T20:15:00Z,D86 50% Recovered,Naphtha D86 QC,OptiDist Fuel-01,ASTM D86,fuel_astm-demo,FUE-RG-2,FUE-03-B,ok,fuel_astm-003-019,deg C,[],manual,synthetic demo high scatter with low Bayesian confidence
demo-fuel_astm-optidist-fuel-01-d86-50-recovered,123.52,2026-02-03T22:15:00Z,D86 50% Recovered,Naphtha D86 QC,OptiDist Fuel-01,ASTM D86,fuel_astm-demo,FUE-RG-2,FUE-03-B,ok,fuel_astm-003-020,deg C,[],manual,synthetic demo high scatter with low Bayesian confidence
demo-fuel_astm-optidist-fuel-01-d86-50-recovered,118.66,2026-02-04T00:15:00Z,D86 50% Recovered,Naphtha D86 QC,OptiDist Fuel-01,ASTM D86,fuel_astm-demo,FUE-RG-2,FUE-03-B,ok,fuel_astm-003-021,deg C,[],manual,synthetic demo high scatter with low Bayesian confidence
demo-fuel_astm-optidist-fuel-01-d86-50-recovered,123.16,2026-02-04T02:15:00Z,D86 50% Recovered,Naphtha D86 QC,OptiDist Fuel-01,ASTM D86,fuel_astm-demo,FUE-RG-2,FUE-03-B,ok,fuel_astm-003-022,deg C,[],manual,synthetic demo high scatter with low Bayesian confidence
demo-fuel_astm-optidist-fuel-01-d86-50-recovered,119.02,2026-02-04T04:15:00Z,D86 50% Recovered,Naphtha D86 QC,OptiDist Fuel-01,ASTM D86,fuel_astm-demo,FUE-RG-2,FUE-03-B,ok,fuel_astm-003-023,deg C,[],manual,synthetic demo high scatter with low Bayesian confidence
demo-fuel_astm-optidist-fuel-01-d86-50-recovered,122.44,2026-02-04T06:15:00Z,D86 50% Recovered,Naphtha D86 QC,OptiDist Fuel-01,ASTM D86,fuel_astm-demo,FUE-RG-2,FUE-03-B,ok,fuel_astm-003-024,deg C,[],manual,synthetic demo high scatter with low Bayesian confidence
demo-fuel_astm-optidist-fuel-01-d86-50-recovered,119.74,2026-02-04T08:15:00Z,D86 50% Recovered,Naphtha D86 QC,OptiDist Fuel-01,ASTM D86,fuel_astm-demo,FUE-RG-2,FUE-03-B,ok,fuel_astm-003-025,deg C,[],manual,synthetic demo high scatter with low Bayesian confidence
demo-fuel_astm-optidist-fuel-01-d86-90-recovered,168.0,2026-02-02T08:20:00Z,D86 90% Recovered,Naphtha D86 QC,OptiDist Fuel-01,ASTM D86,fuel_astm-demo,FUE-RG-1,FUE-04-A,ok,fuel_astm-004-001,deg C,[],manual,synthetic demo upward step after lot change
demo-fuel_astm-optidist-fuel-01-d86-90-recovered,168.22,2026-02-02T10:20:00Z,D86 90% Recovered,Naphtha D86 QC,OptiDist Fuel-01,ASTM D86,fuel_astm-demo,FUE-RG-1,FUE-04-A,ok,fuel_astm-004-002,deg C,[],manual,synthetic demo upward step after lot change
demo-fuel_astm-optidist-fuel-01-d86-90-recovered,167.78,2026-02-02T12:20:00Z,D86 90% Recovered,Naphtha D86 QC,OptiDist Fuel-01,ASTM D86,fuel_astm-demo,FUE-RG-1,FUE-04-A,ok,fuel_astm-004-003,deg C,[],manual,synthetic demo upward step after lot change
demo-fuel_astm-optidist-fuel-01-d86-90-recovered,168.0,2026-02-02T14:20:00Z,D86 90% Recovered,Naphtha D86 QC,OptiDist Fuel-01,ASTM D86,fuel_astm-demo,FUE-RG-1,FUE-04-A,ok,fuel_astm-004-004,deg C,[],manual,synthetic demo upward step after lot change
demo-fuel_astm-optidist-fuel-01-d86-90-recovered,168.44,2026-02-02T16:20:00Z,D86 90% Recovered,Naphtha D86 QC,OptiDist Fuel-01,ASTM D86,fuel_astm-demo,FUE-RG-1,FUE-04-A,ok,fuel_astm-004-005,deg C,[],manual,synthetic demo upward step after lot change
demo-fuel_astm-optidist-fuel-01-d86-90-recovered,168.22,2026-02-02T18:20:00Z,D86 90% Recovered,Naphtha D86 QC,OptiDist Fuel-01,ASTM D86,fuel_astm-demo,FUE-RG-1,FUE-04-A,ok,fuel_astm-004-006,deg C,[],manual,synthetic demo upward step after lot change
demo-fuel_astm-optidist-fuel-01-d86-90-recovered,167.78,2026-02-02T20:20:00Z,D86 90% Recovered,Naphtha D86 QC,OptiDist Fuel-01,ASTM D86,fuel_astm-demo,FUE-RG-1,FUE-04-A,ok,fuel_astm-004-007,deg C,[],manual,synthetic demo upward step after lot change
demo-fuel_astm-optidist-fuel-01-d86-90-recovered,168.0,2026-02-02T22:20:00Z,D86 90% Recovered,Naphtha D86 QC,OptiDist Fuel-01,ASTM D86,fuel_astm-demo,FUE-RG-1,FUE-04-A,ok,fuel_astm-004-008,deg C,[],manual,synthetic demo upward step after lot change
demo-fuel_astm-optidist-fuel-01-d86-90-recovered,168.22,2026-02-03T00:20:00Z,D86 90% Recovered,Naphtha D86 QC,OptiDist Fuel-01,ASTM D86,fuel_astm-demo,FUE-RG-1,FUE-04-A,ok,fuel_astm-004-009,deg C,[],manual,synthetic demo upward step after lot change
demo-fuel_astm-optidist-fuel-01-d86-90-recovered,167.78,2026-02-03T02:20:00Z,D86 90% Recovered,Naphtha D86 QC,OptiDist Fuel-01,ASTM D86,fuel_astm-demo,FUE-RG-1,FUE-04-A,ok,fuel_astm-004-010,deg C,[],manual,synthetic demo upward step after lot change
demo-fuel_astm-optidist-fuel-01-d86-90-recovered,168.0,2026-02-03T04:20:00Z,D86 90% Recovered,Naphtha D86 QC,OptiDist Fuel-01,ASTM D86,fuel_astm-demo,FUE-RG-1,FUE-04-A,ok,fuel_astm-004-011,deg C,[],manual,synthetic demo upward step after lot change
demo-fuel_astm-optidist-fuel-01-d86-90-recovered,168.44,2026-02-03T06:20:00Z,D86 90% Recovered,Naphtha D86 QC,OptiDist Fuel-01,ASTM D86,fuel_astm-demo,FUE-RG-1,FUE-04-A,ok,fuel_astm-004-012,deg C,[],manual,synthetic demo upward step after lot change
demo-fuel_astm-optidist-fuel-01-d86-90-recovered,168.22,2026-02-03T08:20:00Z,D86 90% Recovered,Naphtha D86 QC,OptiDist Fuel-01,ASTM D86,fuel_astm-demo,FUE-RG-1,FUE-04-A,ok,fuel_astm-004-013,deg C,[],manual,synthetic demo upward step after lot change
demo-fuel_astm-optidist-fuel-01-d86-90-recovered,168.0,2026-02-03T10:20:00Z,D86 90% Recovered,Naphtha D86 QC,OptiDist Fuel-01,ASTM D86,fuel_astm-demo,FUE-RG-1,FUE-04-A,ok,fuel_astm-004-014,deg C,[],manual,synthetic demo upward step after lot change
demo-fuel_astm-optidist-fuel-01-d86-90-recovered,167.78,2026-02-03T12:20:00Z,D86 90% Recovered,Naphtha D86 QC,OptiDist Fuel-01,ASTM D86,fuel_astm-demo,FUE-RG-1,FUE-04-A,ok,fuel_astm-004-015,deg C,[],manual,synthetic demo upward step after lot change
demo-fuel_astm-optidist-fuel-01-d86-90-recovered,170.64,2026-02-03T14:20:00Z,D86 90% Recovered,Naphtha D86 QC,OptiDist Fuel-01,ASTM D86,fuel_astm-demo,FUE-RG-2,FUE-04-B,ok,fuel_astm-004-016,deg C,[],manual,synthetic demo upward step after lot change
demo-fuel_astm-optidist-fuel-01-d86-90-recovered,171.08,2026-02-03T16:20:00Z,D86 90% Recovered,Naphtha D86 QC,OptiDist Fuel-01,ASTM D86,fuel_astm-demo,FUE-RG-2,FUE-04-B,ok,fuel_astm-004-017,deg C,[],manual,synthetic demo upward step after lot change
demo-fuel_astm-optidist-fuel-01-d86-90-recovered,171.3,2026-02-03T18:20:00Z,D86 90% Recovered,Naphtha D86 QC,OptiDist Fuel-01,ASTM D86,fuel_astm-demo,FUE-RG-2,FUE-04-B,ok,fuel_astm-004-018,deg C,[],manual,synthetic demo upward step after lot change
demo-fuel_astm-optidist-fuel-01-d86-90-recovered,171.08,2026-02-03T20:20:00Z,D86 90% Recovered,Naphtha D86 QC,OptiDist Fuel-01,ASTM D86,fuel_astm-demo,FUE-RG-2,FUE-04-B,ok,fuel_astm-004-019,deg C,[],manual,synthetic demo upward step after lot change
demo-fuel_astm-optidist-fuel-01-d86-90-recovered,171.52,2026-02-03T22:20:00Z,D86 90% Recovered,Naphtha D86 QC,OptiDist Fuel-01,ASTM D86,fuel_astm-demo,FUE-RG-2,FUE-04-B,ok,fuel_astm-004-020,deg C,[],manual,synthetic demo upward step after lot change
demo-fuel_astm-optidist-fuel-01-d86-90-recovered,171.3,2026-02-04T00:20:00Z,D86 90% Recovered,Naphtha D86 QC,OptiDist Fuel-01,ASTM D86,fuel_astm-demo,FUE-RG-2,FUE-04-B,ok,fuel_astm-004-021,deg C,[],manual,synthetic demo upward step after lot change
demo-fuel_astm-optidist-fuel-01-d86-90-recovered,171.08,2026-02-04T02:20:00Z,D86 90% Recovered,Naphtha D86 QC,OptiDist Fuel-01,ASTM D86,fuel_astm-demo,FUE-RG-2,FUE-04-B,ok,fuel_astm-004-022,deg C,[],manual,synthetic demo upward step after lot change
demo-fuel_astm-optidist-fuel-01-d86-90-recovered,171.52,2026-02-04T04:20:00Z,D86 90% Recovered,Naphtha D86 QC,OptiDist Fuel-01,ASTM D86,fuel_astm-demo,FUE-RG-2,FUE-04-B,ok,fuel_astm-004-023,deg C,[],manual,synthetic demo upward step after lot change
demo-fuel_astm-optidist-fuel-01-d86-90-recovered,171.3,2026-02-04T06:20:00Z,D86 90% Recovered,Naphtha D86 QC,OptiDist Fuel-01,ASTM D86,fuel_astm-demo,FUE-RG-2,FUE-04-B,ok,fuel_astm-004-024,deg C,[],manual,synthetic demo upward step after lot change
demo-fuel_astm-optidist-fuel-01-d86-90-recovered,171.08,2026-02-04T08:20:00Z,D86 90% Recovered,Naphtha D86 QC,OptiDist Fuel-01,ASTM D86,fuel_astm-demo,FUE-RG-2,FUE-04-B,ok,fuel_astm-004-025,deg C,[],manual,synthetic demo upward step after lot change
demo-fuel_astm-flashcheck-fuel-02-pensky-flash-point,62.0,2026-02-02T08:25:00Z,Pensky Flash Point,Diesel flash QC,FlashCheck Fuel-02,ASTM D93,fuel_astm-demo,FUE-RG-1,FUE-05-A,ok,fuel_astm-005-001,deg C,[],manual,synthetic demo slow high drift
demo-fuel_astm-flashcheck-fuel-02-pensky-flash-point,62.13,2026-02-02T10:25:00Z,Pensky Flash Point,Diesel flash QC,FlashCheck Fuel-02,ASTM D93,fuel_astm-demo,FUE-RG-1,FUE-05-A,ok,fuel_astm-005-002,deg C,[],manual,synthetic demo slow high drift
demo-fuel_astm-flashcheck-fuel-02-pensky-flash-point,62.39,2026-02-02T12:25:00Z,Pensky Flash Point,Diesel flash QC,FlashCheck Fuel-02,ASTM D93,fuel_astm-demo,FUE-RG-1,FUE-05-A,ok,fuel_astm-005-003,deg C,[],manual,synthetic demo slow high drift
demo-fuel_astm-flashcheck-fuel-02-pensky-flash-point,62.65,2026-02-02T14:25:00Z,Pensky Flash Point,Diesel flash QC,FlashCheck Fuel-02,ASTM D93,fuel_astm-demo,FUE-RG-1,FUE-05-A,ok,fuel_astm-005-004,deg C,[],manual,synthetic demo slow high drift
demo-fuel_astm-flashcheck-fuel-02-pensky-flash-point,62.91,2026-02-02T16:25:00Z,Pensky Flash Point,Diesel flash QC,FlashCheck Fuel-02,ASTM D93,fuel_astm-demo,FUE-RG-1,FUE-05-A,ok,fuel_astm-005-005,deg C,[],manual,synthetic demo slow high drift
demo-fuel_astm-flashcheck-fuel-02-pensky-flash-point,63.17,2026-02-02T18:25:00Z,Pensky Flash Point,Diesel flash QC,FlashCheck Fuel-02,ASTM D93,fuel_astm-demo,FUE-RG-1,FUE-05-A,ok,fuel_astm-005-006,deg C,[],manual,synthetic demo slow high drift
demo-fuel_astm-flashcheck-fuel-02-pensky-flash-point,63.43,2026-02-02T20:25:00Z,Pensky Flash Point,Diesel flash QC,FlashCheck Fuel-02,ASTM D93,fuel_astm-demo,FUE-RG-1,FUE-05-A,ok,fuel_astm-005-007,deg C,[],manual,synthetic demo slow high drift
demo-fuel_astm-flashcheck-fuel-02-pensky-flash-point,63.69,2026-02-02T22:25:00Z,Pensky Flash Point,Diesel flash QC,FlashCheck Fuel-02,ASTM D93,fuel_astm-demo,FUE-RG-1,FUE-05-A,ok,fuel_astm-005-008,deg C,[],manual,synthetic demo slow high drift
demo-fuel_astm-flashcheck-fuel-02-pensky-flash-point,63.95,2026-02-03T00:25:00Z,Pensky Flash Point,Diesel flash QC,FlashCheck Fuel-02,ASTM D93,fuel_astm-demo,FUE-RG-1,FUE-05-A,ok,fuel_astm-005-009,deg C,[],manual,synthetic demo slow high drift
demo-fuel_astm-flashcheck-fuel-02-pensky-flash-point,64.21,2026-02-03T02:25:00Z,Pensky Flash Point,Diesel flash QC,FlashCheck Fuel-02,ASTM D93,fuel_astm-demo,FUE-RG-1,FUE-05-A,ok,fuel_astm-005-010,deg C,[],manual,synthetic demo slow high drift
demo-fuel_astm-flashcheck-fuel-02-pensky-flash-point,64.47,2026-02-03T04:25:00Z,Pensky Flash Point,Diesel flash QC,FlashCheck Fuel-02,ASTM D93,fuel_astm-demo,FUE-RG-1,FUE-05-A,ok,fuel_astm-005-011,deg C,[],manual,synthetic demo slow high drift
demo-fuel_astm-flashcheck-fuel-02-pensky-flash-point,64.73,2026-02-03T06:25:00Z,Pensky Flash Point,Diesel flash QC,FlashCheck Fuel-02,ASTM D93,fuel_astm-demo,FUE-RG-1,FUE-05-A,ok,fuel_astm-005-012,deg C,[],manual,synthetic demo slow high drift
demo-fuel_astm-flashcheck-fuel-02-pensky-flash-point,64.86,2026-02-03T08:25:00Z,Pensky Flash Point,Diesel flash QC,FlashCheck Fuel-02,ASTM D93,fuel_astm-demo,FUE-RG-1,FUE-05-A,ok,fuel_astm-005-013,deg C,[],manual,synthetic demo slow high drift
demo-fuel_astm-flashcheck-fuel-02-pensky-flash-point,64.99,2026-02-03T10:25:00Z,Pensky Flash Point,Diesel flash QC,FlashCheck Fuel-02,ASTM D93,fuel_astm-demo,FUE-RG-1,FUE-05-A,ok,fuel_astm-005-014,deg C,[],manual,synthetic demo slow high drift
demo-fuel_astm-flashcheck-fuel-02-pensky-flash-point,65.12,2026-02-03T12:25:00Z,Pensky Flash Point,Diesel flash QC,FlashCheck Fuel-02,ASTM D93,fuel_astm-demo,FUE-RG-1,FUE-05-A,ok,fuel_astm-005-015,deg C,[],manual,synthetic demo slow high drift
demo-fuel_astm-flashcheck-fuel-02-pensky-flash-point,65.25,2026-02-03T14:25:00Z,Pensky Flash Point,Diesel flash QC,FlashCheck Fuel-02,ASTM D93,fuel_astm-demo,FUE-RG-2,FUE-05-B,ok,fuel_astm-005-016,deg C,[],manual,synthetic demo slow high drift
demo-fuel_astm-flashcheck-fuel-02-pensky-flash-point,65.38,2026-02-03T16:25:00Z,Pensky Flash Point,Diesel flash QC,FlashCheck Fuel-02,ASTM D93,fuel_astm-demo,FUE-RG-2,FUE-05-B,ok,fuel_astm-005-017,deg C,[],manual,synthetic demo slow high drift
demo-fuel_astm-flashcheck-fuel-02-pensky-flash-point,65.51,2026-02-03T18:25:00Z,Pensky Flash Point,Diesel flash QC,FlashCheck Fuel-02,ASTM D93,fuel_astm-demo,FUE-RG-2,FUE-05-B,ok,fuel_astm-005-018,deg C,[],manual,synthetic demo slow high drift
demo-fuel_astm-flashcheck-fuel-02-pensky-flash-point,65.64,2026-02-03T20:25:00Z,Pensky Flash Point,Diesel flash QC,FlashCheck Fuel-02,ASTM D93,fuel_astm-demo,FUE-RG-2,FUE-05-B,ok,fuel_astm-005-019,deg C,[],manual,synthetic demo slow high drift
demo-fuel_astm-flashcheck-fuel-02-pensky-flash-point,65.77,2026-02-03T22:25:00Z,Pensky Flash Point,Diesel flash QC,FlashCheck Fuel-02,ASTM D93,fuel_astm-demo,FUE-RG-2,FUE-05-B,ok,fuel_astm-005-020,deg C,[],manual,synthetic demo slow high drift
demo-fuel_astm-flashcheck-fuel-02-pensky-flash-point,65.9,2026-02-04T00:25:00Z,Pensky Flash Point,Diesel flash QC,FlashCheck Fuel-02,ASTM D93,fuel_astm-demo,FUE-RG-2,FUE-05-B,ok,fuel_astm-005-021,deg C,[],manual,synthetic demo slow high drift
demo-fuel_astm-flashcheck-fuel-02-pensky-flash-point,66.03,2026-02-04T02:25:00Z,Pensky Flash Point,Diesel flash QC,FlashCheck Fuel-02,ASTM D93,fuel_astm-demo,FUE-RG-2,FUE-05-B,ok,fuel_astm-005-022,deg C,[],manual,synthetic demo slow high drift
demo-fuel_astm-flashcheck-fuel-02-pensky-flash-point,66.16,2026-02-04T04:25:00Z,Pensky Flash Point,Diesel flash QC,FlashCheck Fuel-02,ASTM D93,fuel_astm-demo,FUE-RG-2,FUE-05-B,ok,fuel_astm-005-023,deg C,[],manual,synthetic demo slow high drift
demo-fuel_astm-flashcheck-fuel-02-pensky-flash-point,66.29,2026-02-04T06:25:00Z,Pensky Flash Point,Diesel flash QC,FlashCheck Fuel-02,ASTM D93,fuel_astm-demo,FUE-RG-2,FUE-05-B,ok,fuel_astm-005-024,deg C,[],manual,synthetic demo slow high drift
demo-fuel_astm-flashcheck-fuel-02-pensky-flash-point,66.42,2026-02-04T08:25:00Z,Pensky Flash Point,Diesel flash QC,FlashCheck Fuel-02,ASTM D93,fuel_astm-demo,FUE-RG-2,FUE-05-B,ok,fuel_astm-005-025,deg C,[],manual,synthetic demo slow high drift
demo-fuel_astm-flashcheck-fuel-02-low-flash-solvent,25.0,2026-02-02T08:00:00Z,Low Flash Solvent,Solvent flash QC,FlashCheck Fuel-02,ASTM D93,fuel_astm-demo,FUE-RG-1,FUE-06-A,ok,fuel_astm-006-001,deg C,[],manual,synthetic demo single low action outlier
demo-fuel_astm-flashcheck-fuel-02-low-flash-solvent,24.92,2026-02-02T10:00:00Z,Low Flash Solvent,Solvent flash QC,FlashCheck Fuel-02,ASTM D93,fuel_astm-demo,FUE-RG-1,FUE-06-A,ok,fuel_astm-006-002,deg C,[],manual,synthetic demo single low action outlier
demo-fuel_astm-flashcheck-fuel-02-low-flash-solvent,25.08,2026-02-02T12:00:00Z,Low Flash Solvent,Solvent flash QC,FlashCheck Fuel-02,ASTM D93,fuel_astm-demo,FUE-RG-1,FUE-06-A,ok,fuel_astm-006-003,deg C,[],manual,synthetic demo single low action outlier
demo-fuel_astm-flashcheck-fuel-02-low-flash-solvent,24.84,2026-02-02T14:00:00Z,Low Flash Solvent,Solvent flash QC,FlashCheck Fuel-02,ASTM D93,fuel_astm-demo,FUE-RG-1,FUE-06-A,ok,fuel_astm-006-004,deg C,[],manual,synthetic demo single low action outlier
demo-fuel_astm-flashcheck-fuel-02-low-flash-solvent,25.0,2026-02-02T16:00:00Z,Low Flash Solvent,Solvent flash QC,FlashCheck Fuel-02,ASTM D93,fuel_astm-demo,FUE-RG-1,FUE-06-A,ok,fuel_astm-006-005,deg C,[],manual,synthetic demo single low action outlier
demo-fuel_astm-flashcheck-fuel-02-low-flash-solvent,25.16,2026-02-02T18:00:00Z,Low Flash Solvent,Solvent flash QC,FlashCheck Fuel-02,ASTM D93,fuel_astm-demo,FUE-RG-1,FUE-06-A,ok,fuel_astm-006-006,deg C,[],manual,synthetic demo single low action outlier
demo-fuel_astm-flashcheck-fuel-02-low-flash-solvent,24.92,2026-02-02T20:00:00Z,Low Flash Solvent,Solvent flash QC,FlashCheck Fuel-02,ASTM D93,fuel_astm-demo,FUE-RG-1,FUE-06-A,ok,fuel_astm-006-007,deg C,[],manual,synthetic demo single low action outlier
demo-fuel_astm-flashcheck-fuel-02-low-flash-solvent,24.84,2026-02-02T22:00:00Z,Low Flash Solvent,Solvent flash QC,FlashCheck Fuel-02,ASTM D93,fuel_astm-demo,FUE-RG-1,FUE-06-A,ok,fuel_astm-006-008,deg C,[],manual,synthetic demo single low action outlier
demo-fuel_astm-flashcheck-fuel-02-low-flash-solvent,22.28,2026-02-03T00:00:00Z,Low Flash Solvent,Solvent flash QC,FlashCheck Fuel-02,ASTM D93,fuel_astm-demo,FUE-RG-1,FUE-06-A,ok,fuel_astm-006-009,deg C,[],manual,synthetic demo single low action outlier
demo-fuel_astm-flashcheck-fuel-02-low-flash-solvent,24.76,2026-02-03T02:00:00Z,Low Flash Solvent,Solvent flash QC,FlashCheck Fuel-02,ASTM D93,fuel_astm-demo,FUE-RG-1,FUE-06-A,ok,fuel_astm-006-010,deg C,[],manual,synthetic demo single low action outlier
demo-fuel_astm-flashcheck-fuel-02-low-flash-solvent,25.0,2026-02-03T04:00:00Z,Low Flash Solvent,Solvent flash QC,FlashCheck Fuel-02,ASTM D93,fuel_astm-demo,FUE-RG-1,FUE-06-A,ok,fuel_astm-006-011,deg C,[],manual,synthetic demo single low action outlier
demo-fuel_astm-flashcheck-fuel-02-low-flash-solvent,25.08,2026-02-03T06:00:00Z,Low Flash Solvent,Solvent flash QC,FlashCheck Fuel-02,ASTM D93,fuel_astm-demo,FUE-RG-1,FUE-06-A,ok,fuel_astm-006-012,deg C,[],manual,synthetic demo single low action outlier
demo-fuel_astm-flashcheck-fuel-02-low-flash-solvent,24.92,2026-02-03T08:00:00Z,Low Flash Solvent,Solvent flash QC,FlashCheck Fuel-02,ASTM D93,fuel_astm-demo,FUE-RG-1,FUE-06-A,ok,fuel_astm-006-013,deg C,[],manual,synthetic demo single low action outlier
demo-fuel_astm-flashcheck-fuel-02-low-flash-solvent,25.0,2026-02-03T10:00:00Z,Low Flash Solvent,Solvent flash QC,FlashCheck Fuel-02,ASTM D93,fuel_astm-demo,FUE-RG-1,FUE-06-A,ok,fuel_astm-006-014,deg C,[],manual,synthetic demo single low action outlier
demo-fuel_astm-flashcheck-fuel-02-low-flash-solvent,25.16,2026-02-03T12:00:00Z,Low Flash Solvent,Solvent flash QC,FlashCheck Fuel-02,ASTM D93,fuel_astm-demo,FUE-RG-1,FUE-06-A,ok,fuel_astm-006-015,deg C,[],manual,synthetic demo single low action outlier
demo-fuel_astm-flashcheck-fuel-02-low-flash-solvent,24.84,2026-02-03T14:00:00Z,Low Flash Solvent,Solvent flash QC,FlashCheck Fuel-02,ASTM D93,fuel_astm-demo,FUE-RG-2,FUE-06-B,ok,fuel_astm-006-016,deg C,[],manual,synthetic demo single low action outlier
demo-fuel_astm-flashcheck-fuel-02-low-flash-solvent,24.92,2026-02-03T16:00:00Z,Low Flash Solvent,Solvent flash QC,FlashCheck Fuel-02,ASTM D93,fuel_astm-demo,FUE-RG-2,FUE-06-B,ok,fuel_astm-006-017,deg C,[],manual,synthetic demo single low action outlier
demo-fuel_astm-flashcheck-fuel-02-low-flash-solvent,25.0,2026-02-03T18:00:00Z,Low Flash Solvent,Solvent flash QC,FlashCheck Fuel-02,ASTM D93,fuel_astm-demo,FUE-RG-2,FUE-06-B,ok,fuel_astm-006-018,deg C,[],manual,synthetic demo single low action outlier
demo-fuel_astm-flashcheck-fuel-02-low-flash-solvent,25.08,2026-02-03T20:00:00Z,Low Flash Solvent,Solvent flash QC,FlashCheck Fuel-02,ASTM D93,fuel_astm-demo,FUE-RG-2,FUE-06-B,ok,fuel_astm-006-019,deg C,[],manual,synthetic demo single low action outlier
demo-fuel_astm-flashcheck-fuel-02-low-flash-solvent,24.92,2026-02-03T22:00:00Z,Low Flash Solvent,Solvent flash QC,FlashCheck Fuel-02,ASTM D93,fuel_astm-demo,FUE-RG-2,FUE-06-B,ok,fuel_astm-006-020,deg C,[],manual,synthetic demo single low action outlier
demo-fuel_astm-flashcheck-fuel-02-low-flash-solvent,25.0,2026-02-04T00:00:00Z,Low Flash Solvent,Solvent flash QC,FlashCheck Fuel-02,ASTM D93,fuel_astm-demo,FUE-RG-2,FUE-06-B,ok,fuel_astm-006-021,deg C,[],manual,synthetic demo single low action outlier
demo-fuel_astm-flashcheck-fuel-02-low-flash-solvent,25.16,2026-02-04T02:00:00Z,Low Flash Solvent,Solvent flash QC,FlashCheck Fuel-02,ASTM D93,fuel_astm-demo,FUE-RG-2,FUE-06-B,ok,fuel_astm-006-022,deg C,[],manual,synthetic demo single low action outlier
demo-fuel_astm-flashcheck-fuel-02-low-flash-solvent,24.92,2026-02-04T04:00:00Z,Low Flash Solvent,Solvent flash QC,FlashCheck Fuel-02,ASTM D93,fuel_astm-demo,FUE-RG-2,FUE-06-B,ok,fuel_astm-006-023,deg C,[],manual,synthetic demo single low action outlier
demo-fuel_astm-flashcheck-fuel-02-low-flash-solvent,25.0,2026-02-04T06:00:00Z,Low Flash Solvent,Solvent flash QC,FlashCheck Fuel-02,ASTM D93,fuel_astm-demo,FUE-RG-2,FUE-06-B,ok,fuel_astm-006-024,deg C,[],manual,synthetic demo single low action outlier
demo-fuel_astm-flashcheck-fuel-02-low-flash-solvent,24.84,2026-02-04T08:00:00Z,Low Flash Solvent,Solvent flash QC,FlashCheck Fuel-02,ASTM D93,fuel_astm-demo,FUE-RG-2,FUE-06-B,ok,fuel_astm-006-025,deg C,[],manual,synthetic demo single low action outlier
demo-fuel_astm-flashcheck-fuel-02-fire-point,88.0,2026-02-02T08:05:00Z,Fire Point,Lube fire point QC,FlashCheck Fuel-02,ASTM D93,fuel_astm-demo,FUE-RG-1,FUE-07-A,ok,fuel_astm-007-001,deg C,[],manual,synthetic demo maintenance recovery
demo-fuel_astm-flashcheck-fuel-02-fire-point,88.32,2026-02-02T10:05:00Z,Fire Point,Lube fire point QC,FlashCheck Fuel-02,ASTM D93,fuel_astm-demo,FUE-RG-1,FUE-07-A,ok,fuel_astm-007-002,deg C,[],manual,synthetic demo maintenance recovery
demo-fuel_astm-flashcheck-fuel-02-fire-point,88.64,2026-02-02T12:05:00Z,Fire Point,Lube fire point QC,FlashCheck Fuel-02,ASTM D93,fuel_astm-demo,FUE-RG-1,FUE-07-A,ok,fuel_astm-007-003,deg C,[],manual,synthetic demo maintenance recovery
demo-fuel_astm-flashcheck-fuel-02-fire-point,89.12,2026-02-02T14:05:00Z,Fire Point,Lube fire point QC,FlashCheck Fuel-02,ASTM D93,fuel_astm-demo,FUE-RG-1,FUE-07-A,ok,fuel_astm-007-004,deg C,[],manual,synthetic demo maintenance recovery
demo-fuel_astm-flashcheck-fuel-02-fire-point,89.6,2026-02-02T16:05:00Z,Fire Point,Lube fire point QC,FlashCheck Fuel-02,ASTM D93,fuel_astm-demo,FUE-RG-1,FUE-07-A,ok,fuel_astm-007-005,deg C,[],manual,synthetic demo maintenance recovery
demo-fuel_astm-flashcheck-fuel-02-fire-point,90.24,2026-02-02T18:05:00Z,Fire Point,Lube fire point QC,FlashCheck Fuel-02,ASTM D93,fuel_astm-demo,FUE-RG-1,FUE-07-A,ok,fuel_astm-007-006,deg C,[],manual,synthetic demo maintenance recovery
demo-fuel_astm-flashcheck-fuel-02-fire-point,90.88,2026-02-02T20:05:00Z,Fire Point,Lube fire point QC,FlashCheck Fuel-02,ASTM D93,fuel_astm-demo,FUE-RG-1,FUE-07-A,ok,fuel_astm-007-007,deg C,[],manual,synthetic demo maintenance recovery
demo-fuel_astm-flashcheck-fuel-02-fire-point,91.36,2026-02-02T22:05:00Z,Fire Point,Lube fire point QC,FlashCheck Fuel-02,ASTM D93,fuel_astm-demo,FUE-RG-1,FUE-07-A,ok,fuel_astm-007-008,deg C,[],manual,synthetic demo maintenance recovery
demo-fuel_astm-flashcheck-fuel-02-fire-point,91.84,2026-02-03T00:05:00Z,Fire Point,Lube fire point QC,FlashCheck Fuel-02,ASTM D93,fuel_astm-demo,FUE-RG-1,FUE-07-A,ok,fuel_astm-007-009,deg C,[],manual,synthetic demo maintenance recovery
demo-fuel_astm-flashcheck-fuel-02-fire-point,92.48,2026-02-03T02:05:00Z,Fire Point,Lube fire point QC,FlashCheck Fuel-02,ASTM D93,fuel_astm-demo,FUE-RG-1,FUE-07-A,ok,fuel_astm-007-010,deg C,[],manual,synthetic demo maintenance recovery
demo-fuel_astm-flashcheck-fuel-02-fire-point,93.12,2026-02-03T04:05:00Z,Fire Point,Lube fire point QC,FlashCheck Fuel-02,ASTM D93,fuel_astm-demo,FUE-RG-1,FUE-07-A,ok,fuel_astm-007-011,deg C,[],manual,synthetic demo maintenance recovery
demo-fuel_astm-flashcheck-fuel-02-fire-point,92.32,2026-02-03T06:05:00Z,Fire Point,Lube fire point QC,FlashCheck Fuel-02,ASTM D93,fuel_astm-demo,FUE-RG-1,FUE-07-A,ok,fuel_astm-007-012,deg C,[],manual,synthetic demo maintenance recovery
demo-fuel_astm-flashcheck-fuel-02-fire-point,91.36,2026-02-03T08:05:00Z,Fire Point,Lube fire point QC,FlashCheck Fuel-02,ASTM D93,fuel_astm-demo,FUE-RG-1,FUE-07-A,ok,fuel_astm-007-013,deg C,[],manual,synthetic demo maintenance recovery
demo-fuel_astm-flashcheck-fuel-02-fire-point,89.92,2026-02-03T10:05:00Z,Fire Point,Lube fire point QC,FlashCheck Fuel-02,ASTM D93,fuel_astm-demo,FUE-RG-1,FUE-07-A,ok,fuel_astm-007-014,deg C,[],manual,synthetic demo maintenance recovery
demo-fuel_astm-flashcheck-fuel-02-fire-point,88.8,2026-02-03T12:05:00Z,Fire Point,Lube fire point QC,FlashCheck Fuel-02,ASTM D93,fuel_astm-demo,FUE-RG-1,FUE-07-A,ok,fuel_astm-007-015,deg C,[],manual,synthetic demo maintenance recovery
demo-fuel_astm-flashcheck-fuel-02-fire-point,88.32,2026-02-03T14:05:00Z,Fire Point,Lube fire point QC,FlashCheck Fuel-02,ASTM D93,fuel_astm-demo,FUE-RG-2,FUE-07-B,ok,fuel_astm-007-016,deg C,[],manual,synthetic demo maintenance recovery
demo-fuel_astm-flashcheck-fuel-02-fire-point,88.0,2026-02-03T16:05:00Z,Fire Point,Lube fire point QC,FlashCheck Fuel-02,ASTM D93,fuel_astm-demo,FUE-RG-2,FUE-07-B,ok,fuel_astm-007-017,deg C,[],manual,synthetic demo maintenance recovery
demo-fuel_astm-flashcheck-fuel-02-fire-point,87.84,2026-02-03T18:05:00Z,Fire Point,Lube fire point QC,FlashCheck Fuel-02,ASTM D93,fuel_astm-demo,FUE-RG-2,FUE-07-B,ok,fuel_astm-007-018,deg C,[],manual,synthetic demo maintenance recovery
demo-fuel_astm-flashcheck-fuel-02-fire-point,88.16,2026-02-03T20:05:00Z,Fire Point,Lube fire point QC,FlashCheck Fuel-02,ASTM D93,fuel_astm-demo,FUE-RG-2,FUE-07-B,ok,fuel_astm-007-019,deg C,[],manual,synthetic demo maintenance recovery
demo-fuel_astm-flashcheck-fuel-02-fire-point,88.0,2026-02-03T22:05:00Z,Fire Point,Lube fire point QC,FlashCheck Fuel-02,ASTM D93,fuel_astm-demo,FUE-RG-2,FUE-07-B,ok,fuel_astm-007-020,deg C,[],manual,synthetic demo maintenance recovery
demo-fuel_astm-flashcheck-fuel-02-fire-point,87.68,2026-02-04T00:05:00Z,Fire Point,Lube fire point QC,FlashCheck Fuel-02,ASTM D93,fuel_astm-demo,FUE-RG-2,FUE-07-B,ok,fuel_astm-007-021,deg C,[],manual,synthetic demo maintenance recovery
demo-fuel_astm-flashcheck-fuel-02-fire-point,88.16,2026-02-04T02:05:00Z,Fire Point,Lube fire point QC,FlashCheck Fuel-02,ASTM D93,fuel_astm-demo,FUE-RG-2,FUE-07-B,ok,fuel_astm-007-022,deg C,[],manual,synthetic demo maintenance recovery
demo-fuel_astm-flashcheck-fuel-02-fire-point,88.0,2026-02-04T04:05:00Z,Fire Point,Lube fire point QC,FlashCheck Fuel-02,ASTM D93,fuel_astm-demo,FUE-RG-2,FUE-07-B,ok,fuel_astm-007-023,deg C,[],manual,synthetic demo maintenance recovery
demo-fuel_astm-flashcheck-fuel-02-fire-point,88.32,2026-02-04T06:05:00Z,Fire Point,Lube fire point QC,FlashCheck Fuel-02,ASTM D93,fuel_astm-demo,FUE-RG-2,FUE-07-B,ok,fuel_astm-007-024,deg C,[],manual,synthetic demo maintenance recovery
demo-fuel_astm-flashcheck-fuel-02-fire-point,87.84,2026-02-04T08:05:00Z,Fire Point,Lube fire point QC,FlashCheck Fuel-02,ASTM D93,fuel_astm-demo,FUE-RG-2,FUE-07-B,ok,fuel_astm-007-025,deg C,[],manual,synthetic demo maintenance recovery
demo-fuel_astm-sindie-fuel-03-total-sulfur,8.0,2026-02-02T08:10:00Z,Total Sulfur,Gasoline sulfur QC,Sindie Fuel-03,ASTM D4294,fuel_astm-demo,FUE-RG-1,FUE-08-A,ok,fuel_astm-008-001,mg/kg,[],manual,synthetic demo downward step after lot change
demo-fuel_astm-sindie-fuel-03-total-sulfur,7.92,2026-02-02T10:10:00Z,Total Sulfur,Gasoline sulfur QC,Sindie Fuel-03,ASTM D4294,fuel_astm-demo,FUE-RG-1,FUE-08-A,ok,fuel_astm-008-002,mg/kg,[],manual,synthetic demo downward step after lot change
demo-fuel_astm-sindie-fuel-03-total-sulfur,8.08,2026-02-02T12:10:00Z,Total Sulfur,Gasoline sulfur QC,Sindie Fuel-03,ASTM D4294,fuel_astm-demo,FUE-RG-1,FUE-08-A,ok,fuel_astm-008-003,mg/kg,[],manual,synthetic demo downward step after lot change
demo-fuel_astm-sindie-fuel-03-total-sulfur,8.0,2026-02-02T14:10:00Z,Total Sulfur,Gasoline sulfur QC,Sindie Fuel-03,ASTM D4294,fuel_astm-demo,FUE-RG-1,FUE-08-A,ok,fuel_astm-008-004,mg/kg,[],manual,synthetic demo downward step after lot change
demo-fuel_astm-sindie-fuel-03-total-sulfur,7.84,2026-02-02T16:10:00Z,Total Sulfur,Gasoline sulfur QC,Sindie Fuel-03,ASTM D4294,fuel_astm-demo,FUE-RG-1,FUE-08-A,ok,fuel_astm-008-005,mg/kg,[],manual,synthetic demo downward step after lot change
demo-fuel_astm-sindie-fuel-03-total-sulfur,7.92,2026-02-02T18:10:00Z,Total Sulfur,Gasoline sulfur QC,Sindie Fuel-03,ASTM D4294,fuel_astm-demo,FUE-RG-1,FUE-08-A,ok,fuel_astm-008-006,mg/kg,[],manual,synthetic demo downward step after lot change
demo-fuel_astm-sindie-fuel-03-total-sulfur,8.08,2026-02-02T20:10:00Z,Total Sulfur,Gasoline sulfur QC,Sindie Fuel-03,ASTM D4294,fuel_astm-demo,FUE-RG-1,FUE-08-A,ok,fuel_astm-008-007,mg/kg,[],manual,synthetic demo downward step after lot change
demo-fuel_astm-sindie-fuel-03-total-sulfur,8.0,2026-02-02T22:10:00Z,Total Sulfur,Gasoline sulfur QC,Sindie Fuel-03,ASTM D4294,fuel_astm-demo,FUE-RG-1,FUE-08-A,ok,fuel_astm-008-008,mg/kg,[],manual,synthetic demo downward step after lot change
demo-fuel_astm-sindie-fuel-03-total-sulfur,7.92,2026-02-03T00:10:00Z,Total Sulfur,Gasoline sulfur QC,Sindie Fuel-03,ASTM D4294,fuel_astm-demo,FUE-RG-1,FUE-08-A,ok,fuel_astm-008-009,mg/kg,[],manual,synthetic demo downward step after lot change
demo-fuel_astm-sindie-fuel-03-total-sulfur,8.08,2026-02-03T02:10:00Z,Total Sulfur,Gasoline sulfur QC,Sindie Fuel-03,ASTM D4294,fuel_astm-demo,FUE-RG-1,FUE-08-A,ok,fuel_astm-008-010,mg/kg,[],manual,synthetic demo downward step after lot change
demo-fuel_astm-sindie-fuel-03-total-sulfur,8.0,2026-02-03T04:10:00Z,Total Sulfur,Gasoline sulfur QC,Sindie Fuel-03,ASTM D4294,fuel_astm-demo,FUE-RG-1,FUE-08-A,ok,fuel_astm-008-011,mg/kg,[],manual,synthetic demo downward step after lot change
demo-fuel_astm-sindie-fuel-03-total-sulfur,7.84,2026-02-03T06:10:00Z,Total Sulfur,Gasoline sulfur QC,Sindie Fuel-03,ASTM D4294,fuel_astm-demo,FUE-RG-1,FUE-08-A,ok,fuel_astm-008-012,mg/kg,[],manual,synthetic demo downward step after lot change
demo-fuel_astm-sindie-fuel-03-total-sulfur,7.92,2026-02-03T08:10:00Z,Total Sulfur,Gasoline sulfur QC,Sindie Fuel-03,ASTM D4294,fuel_astm-demo,FUE-RG-1,FUE-08-A,ok,fuel_astm-008-013,mg/kg,[],manual,synthetic demo downward step after lot change
demo-fuel_astm-sindie-fuel-03-total-sulfur,8.0,2026-02-03T10:10:00Z,Total Sulfur,Gasoline sulfur QC,Sindie Fuel-03,ASTM D4294,fuel_astm-demo,FUE-RG-1,FUE-08-A,ok,fuel_astm-008-014,mg/kg,[],manual,synthetic demo downward step after lot change
demo-fuel_astm-sindie-fuel-03-total-sulfur,8.08,2026-02-03T12:10:00Z,Total Sulfur,Gasoline sulfur QC,Sindie Fuel-03,ASTM D4294,fuel_astm-demo,FUE-RG-1,FUE-08-A,ok,fuel_astm-008-015,mg/kg,[],manual,synthetic demo downward step after lot change
demo-fuel_astm-sindie-fuel-03-total-sulfur,7.04,2026-02-03T14:10:00Z,Total Sulfur,Gasoline sulfur QC,Sindie Fuel-03,ASTM D4294,fuel_astm-demo,FUE-RG-2,FUE-08-B,ok,fuel_astm-008-016,mg/kg,[],manual,synthetic demo downward step after lot change
demo-fuel_astm-sindie-fuel-03-total-sulfur,6.88,2026-02-03T16:10:00Z,Total Sulfur,Gasoline sulfur QC,Sindie Fuel-03,ASTM D4294,fuel_astm-demo,FUE-RG-2,FUE-08-B,ok,fuel_astm-008-017,mg/kg,[],manual,synthetic demo downward step after lot change
demo-fuel_astm-sindie-fuel-03-total-sulfur,6.8,2026-02-03T18:10:00Z,Total Sulfur,Gasoline sulfur QC,Sindie Fuel-03,ASTM D4294,fuel_astm-demo,FUE-RG-2,FUE-08-B,ok,fuel_astm-008-018,mg/kg,[],manual,synthetic demo downward step after lot change
demo-fuel_astm-sindie-fuel-03-total-sulfur,6.88,2026-02-03T20:10:00Z,Total Sulfur,Gasoline sulfur QC,Sindie Fuel-03,ASTM D4294,fuel_astm-demo,FUE-RG-2,FUE-08-B,ok,fuel_astm-008-019,mg/kg,[],manual,synthetic demo downward step after lot change
demo-fuel_astm-sindie-fuel-03-total-sulfur,6.72,2026-02-03T22:10:00Z,Total Sulfur,Gasoline sulfur QC,Sindie Fuel-03,ASTM D4294,fuel_astm-demo,FUE-RG-2,FUE-08-B,ok,fuel_astm-008-020,mg/kg,[],manual,synthetic demo downward step after lot change
demo-fuel_astm-sindie-fuel-03-total-sulfur,6.8,2026-02-04T00:10:00Z,Total Sulfur,Gasoline sulfur QC,Sindie Fuel-03,ASTM D4294,fuel_astm-demo,FUE-RG-2,FUE-08-B,ok,fuel_astm-008-021,mg/kg,[],manual,synthetic demo downward step after lot change
demo-fuel_astm-sindie-fuel-03-total-sulfur,6.88,2026-02-04T02:10:00Z,Total Sulfur,Gasoline sulfur QC,Sindie Fuel-03,ASTM D4294,fuel_astm-demo,FUE-RG-2,FUE-08-B,ok,fuel_astm-008-022,mg/kg,[],manual,synthetic demo downward step after lot change
demo-fuel_astm-sindie-fuel-03-total-sulfur,6.72,2026-02-04T04:10:00Z,Total Sulfur,Gasoline sulfur QC,Sindie Fuel-03,ASTM D4294,fuel_astm-demo,FUE-RG-2,FUE-08-B,ok,fuel_astm-008-023,mg/kg,[],manual,synthetic demo downward step after lot change
demo-fuel_astm-sindie-fuel-03-total-sulfur,6.8,2026-02-04T06:10:00Z,Total Sulfur,Gasoline sulfur QC,Sindie Fuel-03,ASTM D4294,fuel_astm-demo,FUE-RG-2,FUE-08-B,ok,fuel_astm-008-024,mg/kg,[],manual,synthetic demo downward step after lot change
demo-fuel_astm-sindie-fuel-03-total-sulfur,6.88,2026-02-04T08:10:00Z,Total Sulfur,Gasoline sulfur QC,Sindie Fuel-03,ASTM D4294,fuel_astm-demo,FUE-RG-2,FUE-08-B,ok,fuel_astm-008-025,mg/kg,[],manual,synthetic demo downward step after lot change
demo-fuel_astm-sindie-fuel-03-ulsd-sulfur,4.5,2026-02-02T08:15:00Z,ULSD Sulfur,Diesel sulfur QC,Sindie Fuel-03,ASTM D4294,fuel_astm-demo,FUE-RG-1,FUE-09-A,ok,fuel_astm-009-001,mg/kg,[],manual,synthetic demo slow low drift
demo-fuel_astm-sindie-fuel-03-ulsd-sulfur,4.47,2026-02-02T10:15:00Z,ULSD Sulfur,Diesel sulfur QC,Sindie Fuel-03,ASTM D4294,fuel_astm-demo,FUE-RG-1,FUE-09-A,ok,fuel_astm-009-002,mg/kg,[],manual,synthetic demo slow low drift
demo-fuel_astm-sindie-fuel-03-ulsd-sulfur,4.41,2026-02-02T12:15:00Z,ULSD Sulfur,Diesel sulfur QC,Sindie Fuel-03,ASTM D4294,fuel_astm-demo,FUE-RG-1,FUE-09-A,ok,fuel_astm-009-003,mg/kg,[],manual,synthetic demo slow low drift
demo-fuel_astm-sindie-fuel-03-ulsd-sulfur,4.35,2026-02-02T14:15:00Z,ULSD Sulfur,Diesel sulfur QC,Sindie Fuel-03,ASTM D4294,fuel_astm-demo,FUE-RG-1,FUE-09-A,ok,fuel_astm-009-004,mg/kg,[],manual,synthetic demo slow low drift
demo-fuel_astm-sindie-fuel-03-ulsd-sulfur,4.29,2026-02-02T16:15:00Z,ULSD Sulfur,Diesel sulfur QC,Sindie Fuel-03,ASTM D4294,fuel_astm-demo,FUE-RG-1,FUE-09-A,ok,fuel_astm-009-005,mg/kg,[],manual,synthetic demo slow low drift
demo-fuel_astm-sindie-fuel-03-ulsd-sulfur,4.23,2026-02-02T18:15:00Z,ULSD Sulfur,Diesel sulfur QC,Sindie Fuel-03,ASTM D4294,fuel_astm-demo,FUE-RG-1,FUE-09-A,ok,fuel_astm-009-006,mg/kg,[],manual,synthetic demo slow low drift
demo-fuel_astm-sindie-fuel-03-ulsd-sulfur,4.17,2026-02-02T20:15:00Z,ULSD Sulfur,Diesel sulfur QC,Sindie Fuel-03,ASTM D4294,fuel_astm-demo,FUE-RG-1,FUE-09-A,ok,fuel_astm-009-007,mg/kg,[],manual,synthetic demo slow low drift
demo-fuel_astm-sindie-fuel-03-ulsd-sulfur,4.11,2026-02-02T22:15:00Z,ULSD Sulfur,Diesel sulfur QC,Sindie Fuel-03,ASTM D4294,fuel_astm-demo,FUE-RG-1,FUE-09-A,ok,fuel_astm-009-008,mg/kg,[],manual,synthetic demo slow low drift
demo-fuel_astm-sindie-fuel-03-ulsd-sulfur,4.05,2026-02-03T00:15:00Z,ULSD Sulfur,Diesel sulfur QC,Sindie Fuel-03,ASTM D4294,fuel_astm-demo,FUE-RG-1,FUE-09-A,ok,fuel_astm-009-009,mg/kg,[],manual,synthetic demo slow low drift
demo-fuel_astm-sindie-fuel-03-ulsd-sulfur,3.99,2026-02-03T02:15:00Z,ULSD Sulfur,Diesel sulfur QC,Sindie Fuel-03,ASTM D4294,fuel_astm-demo,FUE-RG-1,FUE-09-A,ok,fuel_astm-009-010,mg/kg,[],manual,synthetic demo slow low drift
demo-fuel_astm-sindie-fuel-03-ulsd-sulfur,3.93,2026-02-03T04:15:00Z,ULSD Sulfur,Diesel sulfur QC,Sindie Fuel-03,ASTM D4294,fuel_astm-demo,FUE-RG-1,FUE-09-A,ok,fuel_astm-009-011,mg/kg,[],manual,synthetic demo slow low drift
demo-fuel_astm-sindie-fuel-03-ulsd-sulfur,3.87,2026-02-03T06:15:00Z,ULSD Sulfur,Diesel sulfur QC,Sindie Fuel-03,ASTM D4294,fuel_astm-demo,FUE-RG-1,FUE-09-A,ok,fuel_astm-009-012,mg/kg,[],manual,synthetic demo slow low drift
demo-fuel_astm-sindie-fuel-03-ulsd-sulfur,3.84,2026-02-03T08:15:00Z,ULSD Sulfur,Diesel sulfur QC,Sindie Fuel-03,ASTM D4294,fuel_astm-demo,FUE-RG-1,FUE-09-A,ok,fuel_astm-009-013,mg/kg,[],manual,synthetic demo slow low drift
demo-fuel_astm-sindie-fuel-03-ulsd-sulfur,3.81,2026-02-03T10:15:00Z,ULSD Sulfur,Diesel sulfur QC,Sindie Fuel-03,ASTM D4294,fuel_astm-demo,FUE-RG-1,FUE-09-A,ok,fuel_astm-009-014,mg/kg,[],manual,synthetic demo slow low drift
demo-fuel_astm-sindie-fuel-03-ulsd-sulfur,3.78,2026-02-03T12:15:00Z,ULSD Sulfur,Diesel sulfur QC,Sindie Fuel-03,ASTM D4294,fuel_astm-demo,FUE-RG-1,FUE-09-A,ok,fuel_astm-009-015,mg/kg,[],manual,synthetic demo slow low drift
demo-fuel_astm-sindie-fuel-03-ulsd-sulfur,3.75,2026-02-03T14:15:00Z,ULSD Sulfur,Diesel sulfur QC,Sindie Fuel-03,ASTM D4294,fuel_astm-demo,FUE-RG-2,FUE-09-B,ok,fuel_astm-009-016,mg/kg,[],manual,synthetic demo slow low drift
demo-fuel_astm-sindie-fuel-03-ulsd-sulfur,3.72,2026-02-03T16:15:00Z,ULSD Sulfur,Diesel sulfur QC,Sindie Fuel-03,ASTM D4294,fuel_astm-demo,FUE-RG-2,FUE-09-B,ok,fuel_astm-009-017,mg/kg,[],manual,synthetic demo slow low drift
demo-fuel_astm-sindie-fuel-03-ulsd-sulfur,3.69,2026-02-03T18:15:00Z,ULSD Sulfur,Diesel sulfur QC,Sindie Fuel-03,ASTM D4294,fuel_astm-demo,FUE-RG-2,FUE-09-B,ok,fuel_astm-009-018,mg/kg,[],manual,synthetic demo slow low drift
demo-fuel_astm-sindie-fuel-03-ulsd-sulfur,3.66,2026-02-03T20:15:00Z,ULSD Sulfur,Diesel sulfur QC,Sindie Fuel-03,ASTM D4294,fuel_astm-demo,FUE-RG-2,FUE-09-B,ok,fuel_astm-009-019,mg/kg,[],manual,synthetic demo slow low drift
demo-fuel_astm-sindie-fuel-03-ulsd-sulfur,3.63,2026-02-03T22:15:00Z,ULSD Sulfur,Diesel sulfur QC,Sindie Fuel-03,ASTM D4294,fuel_astm-demo,FUE-RG-2,FUE-09-B,ok,fuel_astm-009-020,mg/kg,[],manual,synthetic demo slow low drift
demo-fuel_astm-sindie-fuel-03-ulsd-sulfur,3.6,2026-02-04T00:15:00Z,ULSD Sulfur,Diesel sulfur QC,Sindie Fuel-03,ASTM D4294,fuel_astm-demo,FUE-RG-2,FUE-09-B,ok,fuel_astm-009-021,mg/kg,[],manual,synthetic demo slow low drift
demo-fuel_astm-sindie-fuel-03-ulsd-sulfur,3.57,2026-02-04T02:15:00Z,ULSD Sulfur,Diesel sulfur QC,Sindie Fuel-03,ASTM D4294,fuel_astm-demo,FUE-RG-2,FUE-09-B,ok,fuel_astm-009-022,mg/kg,[],manual,synthetic demo slow low drift
demo-fuel_astm-sindie-fuel-03-ulsd-sulfur,3.54,2026-02-04T04:15:00Z,ULSD Sulfur,Diesel sulfur QC,Sindie Fuel-03,ASTM D4294,fuel_astm-demo,FUE-RG-2,FUE-09-B,ok,fuel_astm-009-023,mg/kg,[],manual,synthetic demo slow low drift
demo-fuel_astm-sindie-fuel-03-ulsd-sulfur,3.51,2026-02-04T06:15:00Z,ULSD Sulfur,Diesel sulfur QC,Sindie Fuel-03,ASTM D4294,fuel_astm-demo,FUE-RG-2,FUE-09-B,ok,fuel_astm-009-024,mg/kg,[],manual,synthetic demo slow low drift
demo-fuel_astm-sindie-fuel-03-ulsd-sulfur,3.48,2026-02-04T08:15:00Z,ULSD Sulfur,Diesel sulfur QC,Sindie Fuel-03,ASTM D4294,fuel_astm-demo,FUE-RG-2,FUE-09-B,ok,fuel_astm-009-025,mg/kg,[],manual,synthetic demo slow low drift
demo-fuel_astm-sindie-fuel-03-crude-sulfur,1.2,2026-02-02T08:20:00Z,Crude Sulfur,Crude sulfur QC,Sindie Fuel-03,ASTM D4294,fuel_astm-demo,FUE-RG-1,FUE-10-A,ok,fuel_astm-010-001,% mass,[],manual,synthetic demo alternating high/low variability
demo-fuel_astm-sindie-fuel-03-crude-sulfur,1.205,2026-02-02T10:20:00Z,Crude Sulfur,Crude sulfur QC,Sindie Fuel-03,ASTM D4294,fuel_astm-demo,FUE-RG-1,FUE-10-A,ok,fuel_astm-010-002,% mass,[],manual,synthetic demo alternating high/low variability
demo-fuel_astm-sindie-fuel-03-crude-sulfur,1.31,2026-02-02T12:20:00Z,Crude Sulfur,Crude sulfur QC,Sindie Fuel-03,ASTM D4294,fuel_astm-demo,FUE-RG-1,FUE-10-A,ok,fuel_astm-010-003,% mass,[],manual,synthetic demo alternating high/low variability
demo-fuel_astm-sindie-fuel-03-crude-sulfur,1.09,2026-02-02T14:20:00Z,Crude Sulfur,Crude sulfur QC,Sindie Fuel-03,ASTM D4294,fuel_astm-demo,FUE-RG-1,FUE-10-A,ok,fuel_astm-010-004,% mass,[],manual,synthetic demo alternating high/low variability
demo-fuel_astm-sindie-fuel-03-crude-sulfur,1.305,2026-02-02T16:20:00Z,Crude Sulfur,Crude sulfur QC,Sindie Fuel-03,ASTM D4294,fuel_astm-demo,FUE-RG-1,FUE-10-A,ok,fuel_astm-010-005,% mass,[],manual,synthetic demo alternating high/low variability
demo-fuel_astm-sindie-fuel-03-crude-sulfur,1.095,2026-02-02T18:20:00Z,Crude Sulfur,Crude sulfur QC,Sindie Fuel-03,ASTM D4294,fuel_astm-demo,FUE-RG-1,FUE-10-A,ok,fuel_astm-010-006,% mass,[],manual,synthetic demo alternating high/low variability
demo-fuel_astm-sindie-fuel-03-crude-sulfur,1.29,2026-02-02T20:20:00Z,Crude Sulfur,Crude sulfur QC,Sindie Fuel-03,ASTM D4294,fuel_astm-demo,FUE-RG-1,FUE-10-A,ok,fuel_astm-010-007,% mass,[],manual,synthetic demo alternating high/low variability
demo-fuel_astm-sindie-fuel-03-crude-sulfur,1.115,2026-02-02T22:20:00Z,Crude Sulfur,Crude sulfur QC,Sindie Fuel-03,ASTM D4294,fuel_astm-demo,FUE-RG-1,FUE-10-A,ok,fuel_astm-010-008,% mass,[],manual,synthetic demo alternating high/low variability
demo-fuel_astm-sindie-fuel-03-crude-sulfur,1.275,2026-02-03T00:20:00Z,Crude Sulfur,Crude sulfur QC,Sindie Fuel-03,ASTM D4294,fuel_astm-demo,FUE-RG-1,FUE-10-A,ok,fuel_astm-010-009,% mass,[],manual,synthetic demo alternating high/low variability
demo-fuel_astm-sindie-fuel-03-crude-sulfur,1.13,2026-02-03T02:20:00Z,Crude Sulfur,Crude sulfur QC,Sindie Fuel-03,ASTM D4294,fuel_astm-demo,FUE-RG-1,FUE-10-A,ok,fuel_astm-010-010,% mass,[],manual,synthetic demo alternating high/low variability
demo-fuel_astm-sindie-fuel-03-crude-sulfur,1.26,2026-02-03T04:20:00Z,Crude Sulfur,Crude sulfur QC,Sindie Fuel-03,ASTM D4294,fuel_astm-demo,FUE-RG-1,FUE-10-A,ok,fuel_astm-010-011,% mass,[],manual,synthetic demo alternating high/low variability
demo-fuel_astm-sindie-fuel-03-crude-sulfur,1.145,2026-02-03T06:20:00Z,Crude Sulfur,Crude sulfur QC,Sindie Fuel-03,ASTM D4294,fuel_astm-demo,FUE-RG-1,FUE-10-A,ok,fuel_astm-010-012,% mass,[],manual,synthetic demo alternating high/low variability
demo-fuel_astm-sindie-fuel-03-crude-sulfur,1.24,2026-02-03T08:20:00Z,Crude Sulfur,Crude sulfur QC,Sindie Fuel-03,ASTM D4294,fuel_astm-demo,FUE-RG-1,FUE-10-A,ok,fuel_astm-010-013,% mass,[],manual,synthetic demo alternating high/low variability
demo-fuel_astm-sindie-fuel-03-crude-sulfur,1.165,2026-02-03T10:20:00Z,Crude Sulfur,Crude sulfur QC,Sindie Fuel-03,ASTM D4294,fuel_astm-demo,FUE-RG-1,FUE-10-A,ok,fuel_astm-010-014,% mass,[],manual,synthetic demo alternating high/low variability
demo-fuel_astm-sindie-fuel-03-crude-sulfur,1.22,2026-02-03T12:20:00Z,Crude Sulfur,Crude sulfur QC,Sindie Fuel-03,ASTM D4294,fuel_astm-demo,FUE-RG-1,FUE-10-A,ok,fuel_astm-010-015,% mass,[],manual,synthetic demo alternating high/low variability
demo-fuel_astm-sindie-fuel-03-crude-sulfur,1.185,2026-02-03T14:20:00Z,Crude Sulfur,Crude sulfur QC,Sindie Fuel-03,ASTM D4294,fuel_astm-demo,FUE-RG-2,FUE-10-B,ok,fuel_astm-010-016,% mass,[],manual,synthetic demo alternating high/low variability
demo-fuel_astm-sindie-fuel-03-crude-sulfur,1.21,2026-02-03T16:20:00Z,Crude Sulfur,Crude sulfur QC,Sindie Fuel-03,ASTM D4294,fuel_astm-demo,FUE-RG-2,FUE-10-B,ok,fuel_astm-010-017,% mass,[],manual,synthetic demo alternating high/low variability
demo-fuel_astm-sindie-fuel-03-crude-sulfur,1.19,2026-02-03T18:20:00Z,Crude Sulfur,Crude sulfur QC,Sindie Fuel-03,ASTM D4294,fuel_astm-demo,FUE-RG-2,FUE-10-B,ok,fuel_astm-010-018,% mass,[],manual,synthetic demo alternating high/low variability
demo-fuel_astm-sindie-fuel-03-crude-sulfur,1.205,2026-02-03T20:20:00Z,Crude Sulfur,Crude sulfur QC,Sindie Fuel-03,ASTM D4294,fuel_astm-demo,FUE-RG-2,FUE-10-B,ok,fuel_astm-010-019,% mass,[],manual,synthetic demo alternating high/low variability
demo-fuel_astm-sindie-fuel-03-crude-sulfur,1.2,2026-02-03T22:20:00Z,Crude Sulfur,Crude sulfur QC,Sindie Fuel-03,ASTM D4294,fuel_astm-demo,FUE-RG-2,FUE-10-B,ok,fuel_astm-010-020,% mass,[],manual,synthetic demo alternating high/low variability
demo-fuel_astm-sindie-fuel-03-crude-sulfur,1.195,2026-02-04T00:20:00Z,Crude Sulfur,Crude sulfur QC,Sindie Fuel-03,ASTM D4294,fuel_astm-demo,FUE-RG-2,FUE-10-B,ok,fuel_astm-010-021,% mass,[],manual,synthetic demo alternating high/low variability
demo-fuel_astm-sindie-fuel-03-crude-sulfur,1.205,2026-02-04T02:20:00Z,Crude Sulfur,Crude sulfur QC,Sindie Fuel-03,ASTM D4294,fuel_astm-demo,FUE-RG-2,FUE-10-B,ok,fuel_astm-010-022,% mass,[],manual,synthetic demo alternating high/low variability
demo-fuel_astm-sindie-fuel-03-crude-sulfur,1.2,2026-02-04T04:20:00Z,Crude Sulfur,Crude sulfur QC,Sindie Fuel-03,ASTM D4294,fuel_astm-demo,FUE-RG-2,FUE-10-B,ok,fuel_astm-010-023,% mass,[],manual,synthetic demo alternating high/low variability
demo-fuel_astm-sindie-fuel-03-crude-sulfur,1.195,2026-02-04T06:20:00Z,Crude Sulfur,Crude sulfur QC,Sindie Fuel-03,ASTM D4294,fuel_astm-demo,FUE-RG-2,FUE-10-B,ok,fuel_astm-010-024,% mass,[],manual,synthetic demo alternating high/low variability
demo-fuel_astm-sindie-fuel-03-crude-sulfur,1.2,2026-02-04T08:20:00Z,Crude Sulfur,Crude sulfur QC,Sindie Fuel-03,ASTM D4294,fuel_astm-demo,FUE-RG-2,FUE-10-B,ok,fuel_astm-010-025,% mass,[],manual,synthetic demo alternating high/low variability
demo-fuel_astm-densitypro-fuel-04-density-15c,742.0,2026-02-02T08:25:00Z,Density 15C,Gasoline density QC,DensityPro Fuel-04,ASTM D4052,fuel_astm-demo,FUE-RG-1,FUE-11-A,ok,fuel_astm-011-001,kg/m3,[],manual,synthetic demo duplicate retry cluster
demo-fuel_astm-densitypro-fuel-04-density-15c,742.0,2026-02-02T10:25:00Z,Density 15C,Gasoline density QC,DensityPro Fuel-04,ASTM D4052,fuel_astm-demo,FUE-RG-1,FUE-11-A,ok,fuel_astm-011-002,kg/m3,[],manual,synthetic demo duplicate retry cluster
demo-fuel_astm-densitypro-fuel-04-density-15c,742.07,2026-02-02T12:25:00Z,Density 15C,Gasoline density QC,DensityPro Fuel-04,ASTM D4052,fuel_astm-demo,FUE-RG-1,FUE-11-A,ok,fuel_astm-011-003,kg/m3,[],manual,synthetic demo duplicate retry cluster
demo-fuel_astm-densitypro-fuel-04-density-15c,742.07,2026-02-02T14:25:00Z,Density 15C,Gasoline density QC,DensityPro Fuel-04,ASTM D4052,fuel_astm-demo,FUE-RG-1,FUE-11-A,ok,fuel_astm-011-004,kg/m3,[],manual,synthetic demo duplicate retry cluster
demo-fuel_astm-densitypro-fuel-04-density-15c,742.07,2026-02-02T16:25:00Z,Density 15C,Gasoline density QC,DensityPro Fuel-04,ASTM D4052,fuel_astm-demo,FUE-RG-1,FUE-11-A,ok,fuel_astm-011-005,kg/m3,[],manual,synthetic demo duplicate retry cluster
demo-fuel_astm-densitypro-fuel-04-density-15c,741.93,2026-02-02T18:25:00Z,Density 15C,Gasoline density QC,DensityPro Fuel-04,ASTM D4052,fuel_astm-demo,FUE-RG-1,FUE-11-A,ok,fuel_astm-011-006,kg/m3,[],manual,synthetic demo duplicate retry cluster
demo-fuel_astm-densitypro-fuel-04-density-15c,741.93,2026-02-02T20:25:00Z,Density 15C,Gasoline density QC,DensityPro Fuel-04,ASTM D4052,fuel_astm-demo,FUE-RG-1,FUE-11-A,ok,fuel_astm-011-007,kg/m3,[],manual,synthetic demo duplicate retry cluster
demo-fuel_astm-densitypro-fuel-04-density-15c,742.0,2026-02-02T22:25:00Z,Density 15C,Gasoline density QC,DensityPro Fuel-04,ASTM D4052,fuel_astm-demo,FUE-RG-1,FUE-11-A,ok,fuel_astm-011-008,kg/m3,[],manual,synthetic demo duplicate retry cluster
demo-fuel_astm-densitypro-fuel-04-density-15c,742.14,2026-02-03T00:25:00Z,Density 15C,Gasoline density QC,DensityPro Fuel-04,ASTM D4052,fuel_astm-demo,FUE-RG-1,FUE-11-A,ok,fuel_astm-011-009,kg/m3,[],manual,synthetic demo duplicate retry cluster
demo-fuel_astm-densitypro-fuel-04-density-15c,742.14,2026-02-03T02:25:00Z,Density 15C,Gasoline density QC,DensityPro Fuel-04,ASTM D4052,fuel_astm-demo,FUE-RG-1,FUE-11-A,ok,fuel_astm-011-010,kg/m3,[],manual,synthetic demo duplicate retry cluster
demo-fuel_astm-densitypro-fuel-04-density-15c,742.07,2026-02-03T04:25:00Z,Density 15C,Gasoline density QC,DensityPro Fuel-04,ASTM D4052,fuel_astm-demo,FUE-RG-1,FUE-11-A,ok,fuel_astm-011-011,kg/m3,[],manual,synthetic demo duplicate retry cluster
demo-fuel_astm-densitypro-fuel-04-density-15c,742.0,2026-02-03T06:25:00Z,Density 15C,Gasoline density QC,DensityPro Fuel-04,ASTM D4052,fuel_astm-demo,FUE-RG-1,FUE-11-A,ok,fuel_astm-011-012,kg/m3,[],manual,synthetic demo duplicate retry cluster
demo-fuel_astm-densitypro-fuel-04-density-15c,742.0,2026-02-03T08:25:00Z,Density 15C,Gasoline density QC,DensityPro Fuel-04,ASTM D4052,fuel_astm-demo,FUE-RG-1,FUE-11-A,ok,fuel_astm-011-013,kg/m3,[],manual,synthetic demo duplicate retry cluster
demo-fuel_astm-densitypro-fuel-04-density-15c,741.93,2026-02-03T10:25:00Z,Density 15C,Gasoline density QC,DensityPro Fuel-04,ASTM D4052,fuel_astm-demo,FUE-RG-1,FUE-11-A,ok,fuel_astm-011-014,kg/m3,[],manual,synthetic demo duplicate retry cluster
demo-fuel_astm-densitypro-fuel-04-density-15c,742.0,2026-02-03T12:25:00Z,Density 15C,Gasoline density QC,DensityPro Fuel-04,ASTM D4052,fuel_astm-demo,FUE-RG-1,FUE-11-A,ok,fuel_astm-011-015,kg/m3,[],manual,synthetic demo duplicate retry cluster
demo-fuel_astm-densitypro-fuel-04-density-15c,742.21,2026-02-03T14:25:00Z,Density 15C,Gasoline density QC,DensityPro Fuel-04,ASTM D4052,fuel_astm-demo,FUE-RG-2,FUE-11-B,ok,fuel_astm-011-016,kg/m3,[],manual,synthetic demo duplicate retry cluster
demo-fuel_astm-densitypro-fuel-04-density-15c,742.14,2026-02-03T16:25:00Z,Density 15C,Gasoline density QC,DensityPro Fuel-04,ASTM D4052,fuel_astm-demo,FUE-RG-2,FUE-11-B,ok,fuel_astm-011-017,kg/m3,[],manual,synthetic demo duplicate retry cluster
demo-fuel_astm-densitypro-fuel-04-density-15c,742.21,2026-02-03T18:25:00Z,Density 15C,Gasoline density QC,DensityPro Fuel-04,ASTM D4052,fuel_astm-demo,FUE-RG-2,FUE-11-B,ok,fuel_astm-011-018,kg/m3,[],manual,synthetic demo duplicate retry cluster
demo-fuel_astm-densitypro-fuel-04-density-15c,742.14,2026-02-03T20:25:00Z,Density 15C,Gasoline density QC,DensityPro Fuel-04,ASTM D4052,fuel_astm-demo,FUE-RG-2,FUE-11-B,ok,fuel_astm-011-019,kg/m3,[],manual,synthetic demo duplicate retry cluster
demo-fuel_astm-densitypro-fuel-04-density-15c,742.07,2026-02-03T22:25:00Z,Density 15C,Gasoline density QC,DensityPro Fuel-04,ASTM D4052,fuel_astm-demo,FUE-RG-2,FUE-11-B,ok,fuel_astm-011-020,kg/m3,[],manual,synthetic demo duplicate retry cluster
demo-fuel_astm-densitypro-fuel-04-density-15c,742.14,2026-02-04T00:25:00Z,Density 15C,Gasoline density QC,DensityPro Fuel-04,ASTM D4052,fuel_astm-demo,FUE-RG-2,FUE-11-B,ok,fuel_astm-011-021,kg/m3,[],manual,synthetic demo duplicate retry cluster
demo-fuel_astm-densitypro-fuel-04-density-15c,742.07,2026-02-04T02:25:00Z,Density 15C,Gasoline density QC,DensityPro Fuel-04,ASTM D4052,fuel_astm-demo,FUE-RG-2,FUE-11-B,ok,fuel_astm-011-022,kg/m3,[],manual,synthetic demo duplicate retry cluster
demo-fuel_astm-densitypro-fuel-04-density-15c,742.0,2026-02-04T04:25:00Z,Density 15C,Gasoline density QC,DensityPro Fuel-04,ASTM D4052,fuel_astm-demo,FUE-RG-2,FUE-11-B,ok,fuel_astm-011-023,kg/m3,[],manual,synthetic demo duplicate retry cluster
demo-fuel_astm-densitypro-fuel-04-density-15c,742.07,2026-02-04T06:25:00Z,Density 15C,Gasoline density QC,DensityPro Fuel-04,ASTM D4052,fuel_astm-demo,FUE-RG-2,FUE-11-B,ok,fuel_astm-011-024,kg/m3,[],manual,synthetic demo duplicate retry cluster
demo-fuel_astm-densitypro-fuel-04-density-15c,742.0,2026-02-04T08:25:00Z,Density 15C,Gasoline density QC,DensityPro Fuel-04,ASTM D4052,fuel_astm-demo,FUE-RG-2,FUE-11-B,ok,fuel_astm-011-025,kg/m3,[],manual,synthetic demo duplicate retry cluster
demo-fuel_astm-densitypro-fuel-04-api-gravity,58.0,2026-02-02T08:00:00Z,API Gravity,Crude density QC,DensityPro Fuel-04,ASTM D4052,fuel_astm-demo,FUE-RG-1,FUE-12-A,ok,fuel_astm-012-001,API,[],manual,synthetic demo stable second-lot baseline
demo-fuel_astm-densitypro-fuel-04-api-gravity,58.04,2026-02-02T10:00:00Z,API Gravity,Crude density QC,DensityPro Fuel-04,ASTM D4052,fuel_astm-demo,FUE-RG-1,FUE-12-A,ok,fuel_astm-012-002,API,[],manual,synthetic demo stable second-lot baseline
demo-fuel_astm-densitypro-fuel-04-api-gravity,57.96,2026-02-02T12:00:00Z,API Gravity,Crude density QC,DensityPro Fuel-04,ASTM D4052,fuel_astm-demo,FUE-RG-1,FUE-12-A,ok,fuel_astm-012-003,API,[],manual,synthetic demo stable second-lot baseline
demo-fuel_astm-densitypro-fuel-04-api-gravity,58.08,2026-02-02T14:00:00Z,API Gravity,Crude density QC,DensityPro Fuel-04,ASTM D4052,fuel_astm-demo,FUE-RG-1,FUE-12-A,ok,fuel_astm-012-004,API,[],manual,synthetic demo stable second-lot baseline
demo-fuel_astm-densitypro-fuel-04-api-gravity,57.92,2026-02-02T16:00:00Z,API Gravity,Crude density QC,DensityPro Fuel-04,ASTM D4052,fuel_astm-demo,FUE-RG-1,FUE-12-A,ok,fuel_astm-012-005,API,[],manual,synthetic demo stable second-lot baseline
demo-fuel_astm-densitypro-fuel-04-api-gravity,58.04,2026-02-02T18:00:00Z,API Gravity,Crude density QC,DensityPro Fuel-04,ASTM D4052,fuel_astm-demo,FUE-RG-1,FUE-12-A,ok,fuel_astm-012-006,API,[],manual,synthetic demo stable second-lot baseline
demo-fuel_astm-densitypro-fuel-04-api-gravity,58.0,2026-02-02T20:00:00Z,API Gravity,Crude density QC,DensityPro Fuel-04,ASTM D4052,fuel_astm-demo,FUE-RG-1,FUE-12-A,ok,fuel_astm-012-007,API,[],manual,synthetic demo stable second-lot baseline
demo-fuel_astm-densitypro-fuel-04-api-gravity,57.96,2026-02-02T22:00:00Z,API Gravity,Crude density QC,DensityPro Fuel-04,ASTM D4052,fuel_astm-demo,FUE-RG-1,FUE-12-A,ok,fuel_astm-012-008,API,[],manual,synthetic demo stable second-lot baseline
demo-fuel_astm-densitypro-fuel-04-api-gravity,58.08,2026-02-03T00:00:00Z,API Gravity,Crude density QC,DensityPro Fuel-04,ASTM D4052,fuel_astm-demo,FUE-RG-1,FUE-12-A,ok,fuel_astm-012-009,API,[],manual,synthetic demo stable second-lot baseline
demo-fuel_astm-densitypro-fuel-04-api-gravity,58.04,2026-02-03T02:00:00Z,API Gravity,Crude density QC,DensityPro Fuel-04,ASTM D4052,fuel_astm-demo,FUE-RG-1,FUE-12-A,ok,fuel_astm-012-010,API,[],manual,synthetic demo stable second-lot baseline
demo-fuel_astm-densitypro-fuel-04-api-gravity,57.92,2026-02-03T04:00:00Z,API Gravity,Crude density QC,DensityPro Fuel-04,ASTM D4052,fuel_astm-demo,FUE-RG-1,FUE-12-A,ok,fuel_astm-012-011,API,[],manual,synthetic demo stable second-lot baseline
demo-fuel_astm-densitypro-fuel-04-api-gravity,58.0,2026-02-03T06:00:00Z,API Gravity,Crude density QC,DensityPro Fuel-04,ASTM D4052,fuel_astm-demo,FUE-RG-1,FUE-12-A,ok,fuel_astm-012-012,API,[],manual,synthetic demo stable second-lot baseline
demo-fuel_astm-densitypro-fuel-04-api-gravity,58.04,2026-02-03T08:00:00Z,API Gravity,Crude density QC,DensityPro Fuel-04,ASTM D4052,fuel_astm-demo,FUE-RG-1,FUE-12-A,ok,fuel_astm-012-013,API,[],manual,synthetic demo stable second-lot baseline
demo-fuel_astm-densitypro-fuel-04-api-gravity,57.96,2026-02-03T10:00:00Z,API Gravity,Crude density QC,DensityPro Fuel-04,ASTM D4052,fuel_astm-demo,FUE-RG-1,FUE-12-A,ok,fuel_astm-012-014,API,[],manual,synthetic demo stable second-lot baseline
demo-fuel_astm-densitypro-fuel-04-api-gravity,58.0,2026-02-03T12:00:00Z,API Gravity,Crude density QC,DensityPro Fuel-04,ASTM D4052,fuel_astm-demo,FUE-RG-1,FUE-12-A,ok,fuel_astm-012-015,API,[],manual,synthetic demo stable second-lot baseline
demo-fuel_astm-densitypro-fuel-04-api-gravity,58.08,2026-02-03T14:00:00Z,API Gravity,Crude density QC,DensityPro Fuel-04,ASTM D4052,fuel_astm-demo,FUE-RG-2,FUE-12-B,ok,fuel_astm-012-016,API,[],manual,synthetic demo stable second-lot baseline
demo-fuel_astm-densitypro-fuel-04-api-gravity,57.92,2026-02-03T16:00:00Z,API Gravity,Crude density QC,DensityPro Fuel-04,ASTM D4052,fuel_astm-demo,FUE-RG-2,FUE-12-B,ok,fuel_astm-012-017,API,[],manual,synthetic demo stable second-lot baseline
demo-fuel_astm-densitypro-fuel-04-api-gravity,58.04,2026-02-03T18:00:00Z,API Gravity,Crude density QC,DensityPro Fuel-04,ASTM D4052,fuel_astm-demo,FUE-RG-2,FUE-12-B,ok,fuel_astm-012-018,API,[],manual,synthetic demo stable second-lot baseline
demo-fuel_astm-densitypro-fuel-04-api-gravity,58.0,2026-02-03T20:00:00Z,API Gravity,Crude density QC,DensityPro Fuel-04,ASTM D4052,fuel_astm-demo,FUE-RG-2,FUE-12-B,ok,fuel_astm-012-019,API,[],manual,synthetic demo stable second-lot baseline
demo-fuel_astm-densitypro-fuel-04-api-gravity,57.96,2026-02-03T22:00:00Z,API Gravity,Crude density QC,DensityPro Fuel-04,ASTM D4052,fuel_astm-demo,FUE-RG-2,FUE-12-B,ok,fuel_astm-012-020,API,[],manual,synthetic demo stable second-lot baseline
demo-fuel_astm-densitypro-fuel-04-api-gravity,58.04,2026-02-04T00:00:00Z,API Gravity,Crude density QC,DensityPro Fuel-04,ASTM D4052,fuel_astm-demo,FUE-RG-2,FUE-12-B,ok,fuel_astm-012-021,API,[],manual,synthetic demo stable second-lot baseline
demo-fuel_astm-densitypro-fuel-04-api-gravity,58.0,2026-02-04T02:00:00Z,API Gravity,Crude density QC,DensityPro Fuel-04,ASTM D4052,fuel_astm-demo,FUE-RG-2,FUE-12-B,ok,fuel_astm-012-022,API,[],manual,synthetic demo stable second-lot baseline
demo-fuel_astm-densitypro-fuel-04-api-gravity,57.92,2026-02-04T04:00:00Z,API Gravity,Crude density QC,DensityPro Fuel-04,ASTM D4052,fuel_astm-demo,FUE-RG-2,FUE-12-B,ok,fuel_astm-012-023,API,[],manual,synthetic demo stable second-lot baseline
demo-fuel_astm-densitypro-fuel-04-api-gravity,58.08,2026-02-04T06:00:00Z,API Gravity,Crude density QC,DensityPro Fuel-04,ASTM D4052,fuel_astm-demo,FUE-RG-2,FUE-12-B,ok,fuel_astm-012-024,API,[],manual,synthetic demo stable second-lot baseline
demo-fuel_astm-densitypro-fuel-04-api-gravity,58.0,2026-02-04T08:00:00Z,API Gravity,Crude density QC,DensityPro Fuel-04,ASTM D4052,fuel_astm-demo,FUE-RG-2,FUE-12-B,ok,fuel_astm-012-025,API,[],manual,synthetic demo stable second-lot baseline
demo-fuel_astm-densitypro-fuel-04-relative-density,0.82,2026-02-02T08:05:00Z,Relative Density,Diesel density QC,DensityPro Fuel-04,ASTM D4052,fuel_astm-demo,FUE-RG-1,FUE-13-A,ok,fuel_astm-013-001,ratio,[],manual,synthetic demo single high action outlier
demo-fuel_astm-densitypro-fuel-04-relative-density,0.8202,2026-02-02T10:05:00Z,Relative Density,Diesel density QC,DensityPro Fuel-04,ASTM D4052,fuel_astm-demo,FUE-RG-1,FUE-13-A,ok,fuel_astm-013-002,ratio,[],manual,synthetic demo single high action outlier
demo-fuel_astm-densitypro-fuel-04-relative-density,0.8198,2026-02-02T12:05:00Z,Relative Density,Diesel density QC,DensityPro Fuel-04,ASTM D4052,fuel_astm-demo,FUE-RG-1,FUE-13-A,ok,fuel_astm-013-003,ratio,[],manual,synthetic demo single high action outlier
demo-fuel_astm-densitypro-fuel-04-relative-density,0.8204,2026-02-02T14:05:00Z,Relative Density,Diesel density QC,DensityPro Fuel-04,ASTM D4052,fuel_astm-demo,FUE-RG-1,FUE-13-A,ok,fuel_astm-013-004,ratio,[],manual,synthetic demo single high action outlier
demo-fuel_astm-densitypro-fuel-04-relative-density,0.82,2026-02-02T16:05:00Z,Relative Density,Diesel density QC,DensityPro Fuel-04,ASTM D4052,fuel_astm-demo,FUE-RG-1,FUE-13-A,ok,fuel_astm-013-005,ratio,[],manual,synthetic demo single high action outlier
demo-fuel_astm-densitypro-fuel-04-relative-density,0.8196,2026-02-02T18:05:00Z,Relative Density,Diesel density QC,DensityPro Fuel-04,ASTM D4052,fuel_astm-demo,FUE-RG-1,FUE-13-A,ok,fuel_astm-013-006,ratio,[],manual,synthetic demo single high action outlier
demo-fuel_astm-densitypro-fuel-04-relative-density,0.8202,2026-02-02T20:05:00Z,Relative Density,Diesel density QC,DensityPro Fuel-04,ASTM D4052,fuel_astm-demo,FUE-RG-1,FUE-13-A,ok,fuel_astm-013-007,ratio,[],manual,synthetic demo single high action outlier
demo-fuel_astm-densitypro-fuel-04-relative-density,0.8204,2026-02-02T22:05:00Z,Relative Density,Diesel density QC,DensityPro Fuel-04,ASTM D4052,fuel_astm-demo,FUE-RG-1,FUE-13-A,ok,fuel_astm-013-008,ratio,[],manual,synthetic demo single high action outlier
demo-fuel_astm-densitypro-fuel-04-relative-density,0.8268,2026-02-03T00:05:00Z,Relative Density,Diesel density QC,DensityPro Fuel-04,ASTM D4052,fuel_astm-demo,FUE-RG-1,FUE-13-A,ok,fuel_astm-013-009,ratio,[],manual,synthetic demo single high action outlier
demo-fuel_astm-densitypro-fuel-04-relative-density,0.8206,2026-02-03T02:05:00Z,Relative Density,Diesel density QC,DensityPro Fuel-04,ASTM D4052,fuel_astm-demo,FUE-RG-1,FUE-13-A,ok,fuel_astm-013-010,ratio,[],manual,synthetic demo single high action outlier
demo-fuel_astm-densitypro-fuel-04-relative-density,0.82,2026-02-03T04:05:00Z,Relative Density,Diesel density QC,DensityPro Fuel-04,ASTM D4052,fuel_astm-demo,FUE-RG-1,FUE-13-A,ok,fuel_astm-013-011,ratio,[],manual,synthetic demo single high action outlier
demo-fuel_astm-densitypro-fuel-04-relative-density,0.8198,2026-02-03T06:05:00Z,Relative Density,Diesel density QC,DensityPro Fuel-04,ASTM D4052,fuel_astm-demo,FUE-RG-1,FUE-13-A,ok,fuel_astm-013-012,ratio,[],manual,synthetic demo single high action outlier
demo-fuel_astm-densitypro-fuel-04-relative-density,0.8202,2026-02-03T08:05:00Z,Relative Density,Diesel density QC,DensityPro Fuel-04,ASTM D4052,fuel_astm-demo,FUE-RG-1,FUE-13-A,ok,fuel_astm-013-013,ratio,[],manual,synthetic demo single high action outlier
demo-fuel_astm-densitypro-fuel-04-relative-density,0.82,2026-02-03T10:05:00Z,Relative Density,Diesel density QC,DensityPro Fuel-04,ASTM D4052,fuel_astm-demo,FUE-RG-1,FUE-13-A,ok,fuel_astm-013-014,ratio,[],manual,synthetic demo single high action outlier
demo-fuel_astm-densitypro-fuel-04-relative-density,0.8196,2026-02-03T12:05:00Z,Relative Density,Diesel density QC,DensityPro Fuel-04,ASTM D4052,fuel_astm-demo,FUE-RG-1,FUE-13-A,ok,fuel_astm-013-015,ratio,[],manual,synthetic demo single high action outlier
demo-fuel_astm-densitypro-fuel-04-relative-density,0.8204,2026-02-03T14:05:00Z,Relative Density,Diesel density QC,DensityPro Fuel-04,ASTM D4052,fuel_astm-demo,FUE-RG-2,FUE-13-B,ok,fuel_astm-013-016,ratio,[],manual,synthetic demo single high action outlier
demo-fuel_astm-densitypro-fuel-04-relative-density,0.8202,2026-02-03T16:05:00Z,Relative Density,Diesel density QC,DensityPro Fuel-04,ASTM D4052,fuel_astm-demo,FUE-RG-2,FUE-13-B,ok,fuel_astm-013-017,ratio,[],manual,synthetic demo single high action outlier
demo-fuel_astm-densitypro-fuel-04-relative-density,0.82,2026-02-03T18:05:00Z,Relative Density,Diesel density QC,DensityPro Fuel-04,ASTM D4052,fuel_astm-demo,FUE-RG-2,FUE-13-B,ok,fuel_astm-013-018,ratio,[],manual,synthetic demo single high action outlier
demo-fuel_astm-densitypro-fuel-04-relative-density,0.8198,2026-02-03T20:05:00Z,Relative Density,Diesel density QC,DensityPro Fuel-04,ASTM D4052,fuel_astm-demo,FUE-RG-2,FUE-13-B,ok,fuel_astm-013-019,ratio,[],manual,synthetic demo single high action outlier
demo-fuel_astm-densitypro-fuel-04-relative-density,0.8202,2026-02-03T22:05:00Z,Relative Density,Diesel density QC,DensityPro Fuel-04,ASTM D4052,fuel_astm-demo,FUE-RG-2,FUE-13-B,ok,fuel_astm-013-020,ratio,[],manual,synthetic demo single high action outlier
demo-fuel_astm-densitypro-fuel-04-relative-density,0.82,2026-02-04T00:05:00Z,Relative Density,Diesel density QC,DensityPro Fuel-04,ASTM D4052,fuel_astm-demo,FUE-RG-2,FUE-13-B,ok,fuel_astm-013-021,ratio,[],manual,synthetic demo single high action outlier
demo-fuel_astm-densitypro-fuel-04-relative-density,0.8196,2026-02-04T02:05:00Z,Relative Density,Diesel density QC,DensityPro Fuel-04,ASTM D4052,fuel_astm-demo,FUE-RG-2,FUE-13-B,ok,fuel_astm-013-022,ratio,[],manual,synthetic demo single high action outlier
demo-fuel_astm-densitypro-fuel-04-relative-density,0.8202,2026-02-04T04:05:00Z,Relative Density,Diesel density QC,DensityPro Fuel-04,ASTM D4052,fuel_astm-demo,FUE-RG-2,FUE-13-B,ok,fuel_astm-013-023,ratio,[],manual,synthetic demo single high action outlier
demo-fuel_astm-densitypro-fuel-04-relative-density,0.82,2026-02-04T06:05:00Z,Relative Density,Diesel density QC,DensityPro Fuel-04,ASTM D4052,fuel_astm-demo,FUE-RG-2,FUE-13-B,ok,fuel_astm-013-024,ratio,[],manual,synthetic demo single high action outlier
demo-fuel_astm-densitypro-fuel-04-relative-density,0.8204,2026-02-04T08:05:00Z,Relative Density,Diesel density QC,DensityPro Fuel-04,ASTM D4052,fuel_astm-demo,FUE-RG-2,FUE-13-B,ok,fuel_astm-013-025,ratio,[],manual,synthetic demo single high action outlier
demo-fuel_astm-viscobath-fuel-05-viscosity-40c,2.8,2026-02-02T08:10:00Z,Viscosity 40C,Diesel viscosity QC,ViscoBath Fuel-05,ASTM D445,fuel_astm-demo,FUE-RG-1,FUE-14-A,ok,fuel_astm-014-001,cSt,[],manual,synthetic demo stable baseline
demo-fuel_astm-viscobath-fuel-05-viscosity-40c,2.805,2026-02-02T10:10:00Z,Viscosity 40C,Diesel viscosity QC,ViscoBath Fuel-05,ASTM D445,fuel_astm-demo,FUE-RG-1,FUE-14-A,ok,fuel_astm-014-002,cSt,[],manual,synthetic demo stable baseline
demo-fuel_astm-viscobath-fuel-05-viscosity-40c,2.795,2026-02-02T12:10:00Z,Viscosity 40C,Diesel viscosity QC,ViscoBath Fuel-05,ASTM D445,fuel_astm-demo,FUE-RG-1,FUE-14-A,ok,fuel_astm-014-003,cSt,[],manual,synthetic demo stable baseline
demo-fuel_astm-viscobath-fuel-05-viscosity-40c,2.81,2026-02-02T14:10:00Z,Viscosity 40C,Diesel viscosity QC,ViscoBath Fuel-05,ASTM D445,fuel_astm-demo,FUE-RG-1,FUE-14-A,ok,fuel_astm-014-004,cSt,[],manual,synthetic demo stable baseline
demo-fuel_astm-viscobath-fuel-05-viscosity-40c,2.79,2026-02-02T16:10:00Z,Viscosity 40C,Diesel viscosity QC,ViscoBath Fuel-05,ASTM D445,fuel_astm-demo,FUE-RG-1,FUE-14-A,ok,fuel_astm-014-005,cSt,[],manual,synthetic demo stable baseline
demo-fuel_astm-viscobath-fuel-05-viscosity-40c,2.805,2026-02-02T18:10:00Z,Viscosity 40C,Diesel viscosity QC,ViscoBath Fuel-05,ASTM D445,fuel_astm-demo,FUE-RG-1,FUE-14-A,ok,fuel_astm-014-006,cSt,[],manual,synthetic demo stable baseline
demo-fuel_astm-viscobath-fuel-05-viscosity-40c,2.8,2026-02-02T20:10:00Z,Viscosity 40C,Diesel viscosity QC,ViscoBath Fuel-05,ASTM D445,fuel_astm-demo,FUE-RG-1,FUE-14-A,ok,fuel_astm-014-007,cSt,[],manual,synthetic demo stable baseline
demo-fuel_astm-viscobath-fuel-05-viscosity-40c,2.795,2026-02-02T22:10:00Z,Viscosity 40C,Diesel viscosity QC,ViscoBath Fuel-05,ASTM D445,fuel_astm-demo,FUE-RG-1,FUE-14-A,ok,fuel_astm-014-008,cSt,[],manual,synthetic demo stable baseline
demo-fuel_astm-viscobath-fuel-05-viscosity-40c,2.81,2026-02-03T00:10:00Z,Viscosity 40C,Diesel viscosity QC,ViscoBath Fuel-05,ASTM D445,fuel_astm-demo,FUE-RG-1,FUE-14-A,ok,fuel_astm-014-009,cSt,[],manual,synthetic demo stable baseline
demo-fuel_astm-viscobath-fuel-05-viscosity-40c,2.805,2026-02-03T02:10:00Z,Viscosity 40C,Diesel viscosity QC,ViscoBath Fuel-05,ASTM D445,fuel_astm-demo,FUE-RG-1,FUE-14-A,ok,fuel_astm-014-010,cSt,[],manual,synthetic demo stable baseline
demo-fuel_astm-viscobath-fuel-05-viscosity-40c,2.79,2026-02-03T04:10:00Z,Viscosity 40C,Diesel viscosity QC,ViscoBath Fuel-05,ASTM D445,fuel_astm-demo,FUE-RG-1,FUE-14-A,ok,fuel_astm-014-011,cSt,[],manual,synthetic demo stable baseline
demo-fuel_astm-viscobath-fuel-05-viscosity-40c,2.8,2026-02-03T06:10:00Z,Viscosity 40C,Diesel viscosity QC,ViscoBath Fuel-05,ASTM D445,fuel_astm-demo,FUE-RG-1,FUE-14-A,ok,fuel_astm-014-012,cSt,[],manual,synthetic demo stable baseline
demo-fuel_astm-viscobath-fuel-05-viscosity-40c,2.805,2026-02-03T08:10:00Z,Viscosity 40C,Diesel viscosity QC,ViscoBath Fuel-05,ASTM D445,fuel_astm-demo,FUE-RG-1,FUE-14-A,ok,fuel_astm-014-013,cSt,[],manual,synthetic demo stable baseline
demo-fuel_astm-viscobath-fuel-05-viscosity-40c,2.795,2026-02-03T10:10:00Z,Viscosity 40C,Diesel viscosity QC,ViscoBath Fuel-05,ASTM D445,fuel_astm-demo,FUE-RG-1,FUE-14-A,ok,fuel_astm-014-014,cSt,[],manual,synthetic demo stable baseline
demo-fuel_astm-viscobath-fuel-05-viscosity-40c,2.8,2026-02-03T12:10:00Z,Viscosity 40C,Diesel viscosity QC,ViscoBath Fuel-05,ASTM D445,fuel_astm-demo,FUE-RG-1,FUE-14-A,ok,fuel_astm-014-015,cSt,[],manual,synthetic demo stable baseline
demo-fuel_astm-viscobath-fuel-05-viscosity-40c,2.81,2026-02-03T14:10:00Z,Viscosity 40C,Diesel viscosity QC,ViscoBath Fuel-05,ASTM D445,fuel_astm-demo,FUE-RG-2,FUE-14-B,ok,fuel_astm-014-016,cSt,[],manual,synthetic demo stable baseline
demo-fuel_astm-viscobath-fuel-05-viscosity-40c,2.79,2026-02-03T16:10:00Z,Viscosity 40C,Diesel viscosity QC,ViscoBath Fuel-05,ASTM D445,fuel_astm-demo,FUE-RG-2,FUE-14-B,ok,fuel_astm-014-017,cSt,[],manual,synthetic demo stable baseline
demo-fuel_astm-viscobath-fuel-05-viscosity-40c,2.805,2026-02-03T18:10:00Z,Viscosity 40C,Diesel viscosity QC,ViscoBath Fuel-05,ASTM D445,fuel_astm-demo,FUE-RG-2,FUE-14-B,ok,fuel_astm-014-018,cSt,[],manual,synthetic demo stable baseline
demo-fuel_astm-viscobath-fuel-05-viscosity-40c,2.8,2026-02-03T20:10:00Z,Viscosity 40C,Diesel viscosity QC,ViscoBath Fuel-05,ASTM D445,fuel_astm-demo,FUE-RG-2,FUE-14-B,ok,fuel_astm-014-019,cSt,[],manual,synthetic demo stable baseline
demo-fuel_astm-viscobath-fuel-05-viscosity-40c,2.795,2026-02-03T22:10:00Z,Viscosity 40C,Diesel viscosity QC,ViscoBath Fuel-05,ASTM D445,fuel_astm-demo,FUE-RG-2,FUE-14-B,ok,fuel_astm-014-020,cSt,[],manual,synthetic demo stable baseline
demo-fuel_astm-viscobath-fuel-05-viscosity-40c,2.805,2026-02-04T00:10:00Z,Viscosity 40C,Diesel viscosity QC,ViscoBath Fuel-05,ASTM D445,fuel_astm-demo,FUE-RG-2,FUE-14-B,ok,fuel_astm-014-021,cSt,[],manual,synthetic demo stable baseline
demo-fuel_astm-viscobath-fuel-05-viscosity-40c,2.8,2026-02-04T02:10:00Z,Viscosity 40C,Diesel viscosity QC,ViscoBath Fuel-05,ASTM D445,fuel_astm-demo,FUE-RG-2,FUE-14-B,ok,fuel_astm-014-022,cSt,[],manual,synthetic demo stable baseline
demo-fuel_astm-viscobath-fuel-05-viscosity-40c,2.79,2026-02-04T04:10:00Z,Viscosity 40C,Diesel viscosity QC,ViscoBath Fuel-05,ASTM D445,fuel_astm-demo,FUE-RG-2,FUE-14-B,ok,fuel_astm-014-023,cSt,[],manual,synthetic demo stable baseline
demo-fuel_astm-viscobath-fuel-05-viscosity-40c,2.81,2026-02-04T06:10:00Z,Viscosity 40C,Diesel viscosity QC,ViscoBath Fuel-05,ASTM D445,fuel_astm-demo,FUE-RG-2,FUE-14-B,ok,fuel_astm-014-024,cSt,[],manual,synthetic demo stable baseline
demo-fuel_astm-viscobath-fuel-05-viscosity-40c,2.8,2026-02-04T08:10:00Z,Viscosity 40C,Diesel viscosity QC,ViscoBath Fuel-05,ASTM D445,fuel_astm-demo,FUE-RG-2,FUE-14-B,ok,fuel_astm-014-025,cSt,[],manual,synthetic demo stable baseline
demo-fuel_astm-viscobath-fuel-05-viscosity-100c,8.9,2026-02-02T08:15:00Z,Viscosity 100C,Lube viscosity QC,ViscoBath Fuel-05,ASTM D445,fuel_astm-demo,FUE-RG-1,FUE-15-A,ok,fuel_astm-015-001,cSt,[],manual,synthetic demo high scatter with low Bayesian confidence
demo-fuel_astm-viscobath-fuel-05-viscosity-100c,9.068,2026-02-02T10:15:00Z,Viscosity 100C,Lube viscosity QC,ViscoBath Fuel-05,ASTM D445,fuel_astm-demo,FUE-RG-1,FUE-15-A,ok,fuel_astm-015-002,cSt,[],manual,synthetic demo high scatter with low Bayesian confidence
demo-fuel_astm-viscobath-fuel-05-viscosity-100c,8.744,2026-02-02T12:15:00Z,Viscosity 100C,Lube viscosity QC,ViscoBath Fuel-05,ASTM D445,fuel_astm-demo,FUE-RG-1,FUE-15-A,ok,fuel_astm-015-003,cSt,[],manual,synthetic demo high scatter with low Bayesian confidence
demo-fuel_astm-viscobath-fuel-05-viscosity-100c,9.08,2026-02-02T14:15:00Z,Viscosity 100C,Lube viscosity QC,ViscoBath Fuel-05,ASTM D445,fuel_astm-demo,FUE-RG-1,FUE-15-A,ok,fuel_astm-015-004,cSt,[],manual,synthetic demo high scatter with low Bayesian confidence
demo-fuel_astm-viscobath-fuel-05-viscosity-100c,8.732,2026-02-02T16:15:00Z,Viscosity 100C,Lube viscosity QC,ViscoBath Fuel-05,ASTM D445,fuel_astm-demo,FUE-RG-1,FUE-15-A,ok,fuel_astm-015-005,cSt,[],manual,synthetic demo high scatter with low Bayesian confidence
demo-fuel_astm-viscobath-fuel-05-viscosity-100c,9.092,2026-02-02T18:15:00Z,Viscosity 100C,Lube viscosity QC,ViscoBath Fuel-05,ASTM D445,fuel_astm-demo,FUE-RG-1,FUE-15-A,ok,fuel_astm-015-006,cSt,[],manual,synthetic demo high scatter with low Bayesian confidence
demo-fuel_astm-viscobath-fuel-05-viscosity-100c,8.72,2026-02-02T20:15:00Z,Viscosity 100C,Lube viscosity QC,ViscoBath Fuel-05,ASTM D445,fuel_astm-demo,FUE-RG-1,FUE-15-A,ok,fuel_astm-015-007,cSt,[],manual,synthetic demo high scatter with low Bayesian confidence
demo-fuel_astm-viscobath-fuel-05-viscosity-100c,9.104,2026-02-02T22:15:00Z,Viscosity 100C,Lube viscosity QC,ViscoBath Fuel-05,ASTM D445,fuel_astm-demo,FUE-RG-1,FUE-15-A,ok,fuel_astm-015-008,cSt,[],manual,synthetic demo high scatter with low Bayesian confidence
demo-fuel_astm-viscobath-fuel-05-viscosity-100c,8.708,2026-02-03T00:15:00Z,Viscosity 100C,Lube viscosity QC,ViscoBath Fuel-05,ASTM D445,fuel_astm-demo,FUE-RG-1,FUE-15-A,ok,fuel_astm-015-009,cSt,[],manual,synthetic demo high scatter with low Bayesian confidence
demo-fuel_astm-viscobath-fuel-05-viscosity-100c,9.116,2026-02-03T02:15:00Z,Viscosity 100C,Lube viscosity QC,ViscoBath Fuel-05,ASTM D445,fuel_astm-demo,FUE-RG-1,FUE-15-A,ok,fuel_astm-015-010,cSt,[],manual,synthetic demo high scatter with low Bayesian confidence
demo-fuel_astm-viscobath-fuel-05-viscosity-100c,8.696,2026-02-03T04:15:00Z,Viscosity 100C,Lube viscosity QC,ViscoBath Fuel-05,ASTM D445,fuel_astm-demo,FUE-RG-1,FUE-15-A,ok,fuel_astm-015-011,cSt,[],manual,synthetic demo high scatter with low Bayesian confidence
demo-fuel_astm-viscobath-fuel-05-viscosity-100c,9.128,2026-02-03T06:15:00Z,Viscosity 100C,Lube viscosity QC,ViscoBath Fuel-05,ASTM D445,fuel_astm-demo,FUE-RG-1,FUE-15-A,ok,fuel_astm-015-012,cSt,[],manual,synthetic demo high scatter with low Bayesian confidence
demo-fuel_astm-viscobath-fuel-05-viscosity-100c,8.684,2026-02-03T08:15:00Z,Viscosity 100C,Lube viscosity QC,ViscoBath Fuel-05,ASTM D445,fuel_astm-demo,FUE-RG-1,FUE-15-A,ok,fuel_astm-015-013,cSt,[],manual,synthetic demo high scatter with low Bayesian confidence
demo-fuel_astm-viscobath-fuel-05-viscosity-100c,9.104,2026-02-03T10:15:00Z,Viscosity 100C,Lube viscosity QC,ViscoBath Fuel-05,ASTM D445,fuel_astm-demo,FUE-RG-1,FUE-15-A,ok,fuel_astm-015-014,cSt,[],manual,synthetic demo high scatter with low Bayesian confidence
demo-fuel_astm-viscobath-fuel-05-viscosity-100c,8.708,2026-02-03T12:15:00Z,Viscosity 100C,Lube viscosity QC,ViscoBath Fuel-05,ASTM D445,fuel_astm-demo,FUE-RG-1,FUE-15-A,ok,fuel_astm-015-015,cSt,[],manual,synthetic demo high scatter with low Bayesian confidence
demo-fuel_astm-viscobath-fuel-05-viscosity-100c,9.116,2026-02-03T14:15:00Z,Viscosity 100C,Lube viscosity QC,ViscoBath Fuel-05,ASTM D445,fuel_astm-demo,FUE-RG-2,FUE-15-B,ok,fuel_astm-015-016,cSt,[],manual,synthetic demo high scatter with low Bayesian confidence
demo-fuel_astm-viscobath-fuel-05-viscosity-100c,8.696,2026-02-03T16:15:00Z,Viscosity 100C,Lube viscosity QC,ViscoBath Fuel-05,ASTM D445,fuel_astm-demo,FUE-RG-2,FUE-15-B,ok,fuel_astm-015-017,cSt,[],manual,synthetic demo high scatter with low Bayesian confidence
demo-fuel_astm-viscobath-fuel-05-viscosity-100c,9.092,2026-02-03T18:15:00Z,Viscosity 100C,Lube viscosity QC,ViscoBath Fuel-05,ASTM D445,fuel_astm-demo,FUE-RG-2,FUE-15-B,ok,fuel_astm-015-018,cSt,[],manual,synthetic demo high scatter with low Bayesian confidence
demo-fuel_astm-viscobath-fuel-05-viscosity-100c,8.72,2026-02-03T20:15:00Z,Viscosity 100C,Lube viscosity QC,ViscoBath Fuel-05,ASTM D445,fuel_astm-demo,FUE-RG-2,FUE-15-B,ok,fuel_astm-015-019,cSt,[],manual,synthetic demo high scatter with low Bayesian confidence
demo-fuel_astm-viscobath-fuel-05-viscosity-100c,9.068,2026-02-03T22:15:00Z,Viscosity 100C,Lube viscosity QC,ViscoBath Fuel-05,ASTM D445,fuel_astm-demo,FUE-RG-2,FUE-15-B,ok,fuel_astm-015-020,cSt,[],manual,synthetic demo high scatter with low Bayesian confidence
demo-fuel_astm-viscobath-fuel-05-viscosity-100c,8.744,2026-02-04T00:15:00Z,Viscosity 100C,Lube viscosity QC,ViscoBath Fuel-05,ASTM D445,fuel_astm-demo,FUE-RG-2,FUE-15-B,ok,fuel_astm-015-021,cSt,[],manual,synthetic demo high scatter with low Bayesian confidence
demo-fuel_astm-viscobath-fuel-05-viscosity-100c,9.044,2026-02-04T02:15:00Z,Viscosity 100C,Lube viscosity QC,ViscoBath Fuel-05,ASTM D445,fuel_astm-demo,FUE-RG-2,FUE-15-B,ok,fuel_astm-015-022,cSt,[],manual,synthetic demo high scatter with low Bayesian confidence
demo-fuel_astm-viscobath-fuel-05-viscosity-100c,8.768,2026-02-04T04:15:00Z,Viscosity 100C,Lube viscosity QC,ViscoBath Fuel-05,ASTM D445,fuel_astm-demo,FUE-RG-2,FUE-15-B,ok,fuel_astm-015-023,cSt,[],manual,synthetic demo high scatter with low Bayesian confidence
demo-fuel_astm-viscobath-fuel-05-viscosity-100c,8.996,2026-02-04T06:15:00Z,Viscosity 100C,Lube viscosity QC,ViscoBath Fuel-05,ASTM D445,fuel_astm-demo,FUE-RG-2,FUE-15-B,ok,fuel_astm-015-024,cSt,[],manual,synthetic demo high scatter with low Bayesian confidence
demo-fuel_astm-viscobath-fuel-05-viscosity-100c,8.816,2026-02-04T08:15:00Z,Viscosity 100C,Lube viscosity QC,ViscoBath Fuel-05,ASTM D445,fuel_astm-demo,FUE-RG-2,FUE-15-B,ok,fuel_astm-015-025,cSt,[],manual,synthetic demo high scatter with low Bayesian confidence
demo-fuel_astm-viscobath-fuel-05-viscosity-index,106.0,2026-02-02T08:20:00Z,Viscosity Index,Lube VI QC,ViscoBath Fuel-05,ASTM D445,fuel_astm-demo,FUE-RG-1,FUE-16-A,ok,fuel_astm-016-001,index,[],manual,synthetic demo upward step after lot change
demo-fuel_astm-viscobath-fuel-05-viscosity-index,106.15,2026-02-02T10:20:00Z,Viscosity Index,Lube VI QC,ViscoBath Fuel-05,ASTM D445,fuel_astm-demo,FUE-RG-1,FUE-16-A,ok,fuel_astm-016-002,index,[],manual,synthetic demo upward step after lot change
demo-fuel_astm-viscobath-fuel-05-viscosity-index,105.85,2026-02-02T12:20:00Z,Viscosity Index,Lube VI QC,ViscoBath Fuel-05,ASTM D445,fuel_astm-demo,FUE-RG-1,FUE-16-A,ok,fuel_astm-016-003,index,[],manual,synthetic demo upward step after lot change
demo-fuel_astm-viscobath-fuel-05-viscosity-index,106.0,2026-02-02T14:20:00Z,Viscosity Index,Lube VI QC,ViscoBath Fuel-05,ASTM D445,fuel_astm-demo,FUE-RG-1,FUE-16-A,ok,fuel_astm-016-004,index,[],manual,synthetic demo upward step after lot change
demo-fuel_astm-viscobath-fuel-05-viscosity-index,106.3,2026-02-02T16:20:00Z,Viscosity Index,Lube VI QC,ViscoBath Fuel-05,ASTM D445,fuel_astm-demo,FUE-RG-1,FUE-16-A,ok,fuel_astm-016-005,index,[],manual,synthetic demo upward step after lot change
demo-fuel_astm-viscobath-fuel-05-viscosity-index,106.15,2026-02-02T18:20:00Z,Viscosity Index,Lube VI QC,ViscoBath Fuel-05,ASTM D445,fuel_astm-demo,FUE-RG-1,FUE-16-A,ok,fuel_astm-016-006,index,[],manual,synthetic demo upward step after lot change
demo-fuel_astm-viscobath-fuel-05-viscosity-index,105.85,2026-02-02T20:20:00Z,Viscosity Index,Lube VI QC,ViscoBath Fuel-05,ASTM D445,fuel_astm-demo,FUE-RG-1,FUE-16-A,ok,fuel_astm-016-007,index,[],manual,synthetic demo upward step after lot change
demo-fuel_astm-viscobath-fuel-05-viscosity-index,106.0,2026-02-02T22:20:00Z,Viscosity Index,Lube VI QC,ViscoBath Fuel-05,ASTM D445,fuel_astm-demo,FUE-RG-1,FUE-16-A,ok,fuel_astm-016-008,index,[],manual,synthetic demo upward step after lot change
demo-fuel_astm-viscobath-fuel-05-viscosity-index,106.15,2026-02-03T00:20:00Z,Viscosity Index,Lube VI QC,ViscoBath Fuel-05,ASTM D445,fuel_astm-demo,FUE-RG-1,FUE-16-A,ok,fuel_astm-016-009,index,[],manual,synthetic demo upward step after lot change
demo-fuel_astm-viscobath-fuel-05-viscosity-index,105.85,2026-02-03T02:20:00Z,Viscosity Index,Lube VI QC,ViscoBath Fuel-05,ASTM D445,fuel_astm-demo,FUE-RG-1,FUE-16-A,ok,fuel_astm-016-010,index,[],manual,synthetic demo upward step after lot change
demo-fuel_astm-viscobath-fuel-05-viscosity-index,106.0,2026-02-03T04:20:00Z,Viscosity Index,Lube VI QC,ViscoBath Fuel-05,ASTM D445,fuel_astm-demo,FUE-RG-1,FUE-16-A,ok,fuel_astm-016-011,index,[],manual,synthetic demo upward step after lot change
demo-fuel_astm-viscobath-fuel-05-viscosity-index,106.3,2026-02-03T06:20:00Z,Viscosity Index,Lube VI QC,ViscoBath Fuel-05,ASTM D445,fuel_astm-demo,FUE-RG-1,FUE-16-A,ok,fuel_astm-016-012,index,[],manual,synthetic demo upward step after lot change
demo-fuel_astm-viscobath-fuel-05-viscosity-index,106.15,2026-02-03T08:20:00Z,Viscosity Index,Lube VI QC,ViscoBath Fuel-05,ASTM D445,fuel_astm-demo,FUE-RG-1,FUE-16-A,ok,fuel_astm-016-013,index,[],manual,synthetic demo upward step after lot change
demo-fuel_astm-viscobath-fuel-05-viscosity-index,106.0,2026-02-03T10:20:00Z,Viscosity Index,Lube VI QC,ViscoBath Fuel-05,ASTM D445,fuel_astm-demo,FUE-RG-1,FUE-16-A,ok,fuel_astm-016-014,index,[],manual,synthetic demo upward step after lot change
demo-fuel_astm-viscobath-fuel-05-viscosity-index,105.85,2026-02-03T12:20:00Z,Viscosity Index,Lube VI QC,ViscoBath Fuel-05,ASTM D445,fuel_astm-demo,FUE-RG-1,FUE-16-A,ok,fuel_astm-016-015,index,[],manual,synthetic demo upward step after lot change
demo-fuel_astm-viscobath-fuel-05-viscosity-index,107.8,2026-02-03T14:20:00Z,Viscosity Index,Lube VI QC,ViscoBath Fuel-05,ASTM D445,fuel_astm-demo,FUE-RG-2,FUE-16-B,ok,fuel_astm-016-016,index,[],manual,synthetic demo upward step after lot change
demo-fuel_astm-viscobath-fuel-05-viscosity-index,108.1,2026-02-03T16:20:00Z,Viscosity Index,Lube VI QC,ViscoBath Fuel-05,ASTM D445,fuel_astm-demo,FUE-RG-2,FUE-16-B,ok,fuel_astm-016-017,index,[],manual,synthetic demo upward step after lot change
demo-fuel_astm-viscobath-fuel-05-viscosity-index,108.25,2026-02-03T18:20:00Z,Viscosity Index,Lube VI QC,ViscoBath Fuel-05,ASTM D445,fuel_astm-demo,FUE-RG-2,FUE-16-B,ok,fuel_astm-016-018,index,[],manual,synthetic demo upward step after lot change
demo-fuel_astm-viscobath-fuel-05-viscosity-index,108.1,2026-02-03T20:20:00Z,Viscosity Index,Lube VI QC,ViscoBath Fuel-05,ASTM D445,fuel_astm-demo,FUE-RG-2,FUE-16-B,ok,fuel_astm-016-019,index,[],manual,synthetic demo upward step after lot change
demo-fuel_astm-viscobath-fuel-05-viscosity-index,108.4,2026-02-03T22:20:00Z,Viscosity Index,Lube VI QC,ViscoBath Fuel-05,ASTM D445,fuel_astm-demo,FUE-RG-2,FUE-16-B,ok,fuel_astm-016-020,index,[],manual,synthetic demo upward step after lot change
demo-fuel_astm-viscobath-fuel-05-viscosity-index,108.25,2026-02-04T00:20:00Z,Viscosity Index,Lube VI QC,ViscoBath Fuel-05,ASTM D445,fuel_astm-demo,FUE-RG-2,FUE-16-B,ok,fuel_astm-016-021,index,[],manual,synthetic demo upward step after lot change
demo-fuel_astm-viscobath-fuel-05-viscosity-index,108.1,2026-02-04T02:20:00Z,Viscosity Index,Lube VI QC,ViscoBath Fuel-05,ASTM D445,fuel_astm-demo,FUE-RG-2,FUE-16-B,ok,fuel_astm-016-022,index,[],manual,synthetic demo upward step after lot change
demo-fuel_astm-viscobath-fuel-05-viscosity-index,108.4,2026-02-04T04:20:00Z,Viscosity Index,Lube VI QC,ViscoBath Fuel-05,ASTM D445,fuel_astm-demo,FUE-RG-2,FUE-16-B,ok,fuel_astm-016-023,index,[],manual,synthetic demo upward step after lot change
demo-fuel_astm-viscobath-fuel-05-viscosity-index,108.25,2026-02-04T06:20:00Z,Viscosity Index,Lube VI QC,ViscoBath Fuel-05,ASTM D445,fuel_astm-demo,FUE-RG-2,FUE-16-B,ok,fuel_astm-016-024,index,[],manual,synthetic demo upward step after lot change
demo-fuel_astm-viscobath-fuel-05-viscosity-index,108.1,2026-02-04T08:20:00Z,Viscosity Index,Lube VI QC,ViscoBath Fuel-05,ASTM D445,fuel_astm-demo,FUE-RG-2,FUE-16-B,ok,fuel_astm-016-025,index,[],manual,synthetic demo upward step after lot change
demo-fuel_astm-pourcloud-fuel-06-pour-point,-18.0,2026-02-02T08:25:00Z,Pour Point,Crude pour QC,PourCloud Fuel-06,ASTM D97,fuel_astm-demo,FUE-RG-1,FUE-17-A,ok,fuel_astm-017-001,deg C,[],manual,synthetic demo slow high drift
demo-fuel_astm-pourcloud-fuel-06-pour-point,-17.85,2026-02-02T10:25:00Z,Pour Point,Crude pour QC,PourCloud Fuel-06,ASTM D97,fuel_astm-demo,FUE-RG-1,FUE-17-A,ok,fuel_astm-017-002,deg C,[],manual,synthetic demo slow high drift
demo-fuel_astm-pourcloud-fuel-06-pour-point,-17.55,2026-02-02T12:25:00Z,Pour Point,Crude pour QC,PourCloud Fuel-06,ASTM D97,fuel_astm-demo,FUE-RG-1,FUE-17-A,ok,fuel_astm-017-003,deg C,[],manual,synthetic demo slow high drift
demo-fuel_astm-pourcloud-fuel-06-pour-point,-17.25,2026-02-02T14:25:00Z,Pour Point,Crude pour QC,PourCloud Fuel-06,ASTM D97,fuel_astm-demo,FUE-RG-1,FUE-17-A,ok,fuel_astm-017-004,deg C,[],manual,synthetic demo slow high drift
demo-fuel_astm-pourcloud-fuel-06-pour-point,-16.95,2026-02-02T16:25:00Z,Pour Point,Crude pour QC,PourCloud Fuel-06,ASTM D97,fuel_astm-demo,FUE-RG-1,FUE-17-A,ok,fuel_astm-017-005,deg C,[],manual,synthetic demo slow high drift
demo-fuel_astm-pourcloud-fuel-06-pour-point,-16.65,2026-02-02T18:25:00Z,Pour Point,Crude pour QC,PourCloud Fuel-06,ASTM D97,fuel_astm-demo,FUE-RG-1,FUE-17-A,ok,fuel_astm-017-006,deg C,[],manual,synthetic demo slow high drift
demo-fuel_astm-pourcloud-fuel-06-pour-point,-16.35,2026-02-02T20:25:00Z,Pour Point,Crude pour QC,PourCloud Fuel-06,ASTM D97,fuel_astm-demo,FUE-RG-1,FUE-17-A,ok,fuel_astm-017-007,deg C,[],manual,synthetic demo slow high drift
demo-fuel_astm-pourcloud-fuel-06-pour-point,-16.05,2026-02-02T22:25:00Z,Pour Point,Crude pour QC,PourCloud Fuel-06,ASTM D97,fuel_astm-demo,FUE-RG-1,FUE-17-A,ok,fuel_astm-017-008,deg C,[],manual,synthetic demo slow high drift
demo-fuel_astm-pourcloud-fuel-06-pour-point,-15.75,2026-02-03T00:25:00Z,Pour Point,Crude pour QC,PourCloud Fuel-06,ASTM D97,fuel_astm-demo,FUE-RG-1,FUE-17-A,ok,fuel_astm-017-009,deg C,[],manual,synthetic demo slow high drift
demo-fuel_astm-pourcloud-fuel-06-pour-point,-15.45,2026-02-03T02:25:00Z,Pour Point,Crude pour QC,PourCloud Fuel-06,ASTM D97,fuel_astm-demo,FUE-RG-1,FUE-17-A,ok,fuel_astm-017-010,deg C,[],manual,synthetic demo slow high drift
demo-fuel_astm-pourcloud-fuel-06-pour-point,-15.15,2026-02-03T04:25:00Z,Pour Point,Crude pour QC,PourCloud Fuel-06,ASTM D97,fuel_astm-demo,FUE-RG-1,FUE-17-A,ok,fuel_astm-017-011,deg C,[],manual,synthetic demo slow high drift
demo-fuel_astm-pourcloud-fuel-06-pour-point,-14.85,2026-02-03T06:25:00Z,Pour Point,Crude pour QC,PourCloud Fuel-06,ASTM D97,fuel_astm-demo,FUE-RG-1,FUE-17-A,ok,fuel_astm-017-012,deg C,[],manual,synthetic demo slow high drift
demo-fuel_astm-pourcloud-fuel-06-pour-point,-14.7,2026-02-03T08:25:00Z,Pour Point,Crude pour QC,PourCloud Fuel-06,ASTM D97,fuel_astm-demo,FUE-RG-1,FUE-17-A,ok,fuel_astm-017-013,deg C,[],manual,synthetic demo slow high drift
demo-fuel_astm-pourcloud-fuel-06-pour-point,-14.55,2026-02-03T10:25:00Z,Pour Point,Crude pour QC,PourCloud Fuel-06,ASTM D97,fuel_astm-demo,FUE-RG-1,FUE-17-A,ok,fuel_astm-017-014,deg C,[],manual,synthetic demo slow high drift
demo-fuel_astm-pourcloud-fuel-06-pour-point,-14.4,2026-02-03T12:25:00Z,Pour Point,Crude pour QC,PourCloud Fuel-06,ASTM D97,fuel_astm-demo,FUE-RG-1,FUE-17-A,ok,fuel_astm-017-015,deg C,[],manual,synthetic demo slow high drift
demo-fuel_astm-pourcloud-fuel-06-pour-point,-14.25,2026-02-03T14:25:00Z,Pour Point,Crude pour QC,PourCloud Fuel-06,ASTM D97,fuel_astm-demo,FUE-RG-2,FUE-17-B,ok,fuel_astm-017-016,deg C,[],manual,synthetic demo slow high drift
demo-fuel_astm-pourcloud-fuel-06-pour-point,-14.1,2026-02-03T16:25:00Z,Pour Point,Crude pour QC,PourCloud Fuel-06,ASTM D97,fuel_astm-demo,FUE-RG-2,FUE-17-B,ok,fuel_astm-017-017,deg C,[],manual,synthetic demo slow high drift
demo-fuel_astm-pourcloud-fuel-06-pour-point,-13.95,2026-02-03T18:25:00Z,Pour Point,Crude pour QC,PourCloud Fuel-06,ASTM D97,fuel_astm-demo,FUE-RG-2,FUE-17-B,ok,fuel_astm-017-018,deg C,[],manual,synthetic demo slow high drift
demo-fuel_astm-pourcloud-fuel-06-pour-point,-13.8,2026-02-03T20:25:00Z,Pour Point,Crude pour QC,PourCloud Fuel-06,ASTM D97,fuel_astm-demo,FUE-RG-2,FUE-17-B,ok,fuel_astm-017-019,deg C,[],manual,synthetic demo slow high drift
demo-fuel_astm-pourcloud-fuel-06-pour-point,-13.65,2026-02-03T22:25:00Z,Pour Point,Crude pour QC,PourCloud Fuel-06,ASTM D97,fuel_astm-demo,FUE-RG-2,FUE-17-B,ok,fuel_astm-017-020,deg C,[],manual,synthetic demo slow high drift
demo-fuel_astm-pourcloud-fuel-06-pour-point,-13.5,2026-02-04T00:25:00Z,Pour Point,Crude pour QC,PourCloud Fuel-06,ASTM D97,fuel_astm-demo,FUE-RG-2,FUE-17-B,ok,fuel_astm-017-021,deg C,[],manual,synthetic demo slow high drift
demo-fuel_astm-pourcloud-fuel-06-pour-point,-13.35,2026-02-04T02:25:00Z,Pour Point,Crude pour QC,PourCloud Fuel-06,ASTM D97,fuel_astm-demo,FUE-RG-2,FUE-17-B,ok,fuel_astm-017-022,deg C,[],manual,synthetic demo slow high drift
demo-fuel_astm-pourcloud-fuel-06-pour-point,-13.2,2026-02-04T04:25:00Z,Pour Point,Crude pour QC,PourCloud Fuel-06,ASTM D97,fuel_astm-demo,FUE-RG-2,FUE-17-B,ok,fuel_astm-017-023,deg C,[],manual,synthetic demo slow high drift
demo-fuel_astm-pourcloud-fuel-06-pour-point,-13.05,2026-02-04T06:25:00Z,Pour Point,Crude pour QC,PourCloud Fuel-06,ASTM D97,fuel_astm-demo,FUE-RG-2,FUE-17-B,ok,fuel_astm-017-024,deg C,[],manual,synthetic demo slow high drift
demo-fuel_astm-pourcloud-fuel-06-pour-point,-12.9,2026-02-04T08:25:00Z,Pour Point,Crude pour QC,PourCloud Fuel-06,ASTM D97,fuel_astm-demo,FUE-RG-2,FUE-17-B,ok,fuel_astm-017-025,deg C,[],manual,synthetic demo slow high drift
demo-fuel_astm-pourcloud-fuel-06-cloud-point,-8.0,2026-02-02T08:00:00Z,Cloud Point,Diesel cloud QC,PourCloud Fuel-06,ASTM D97,fuel_astm-demo,FUE-RG-1,FUE-18-A,ok,fuel_astm-018-001,deg C,[],manual,synthetic demo single low action outlier
demo-fuel_astm-pourcloud-fuel-06-cloud-point,-8.1,2026-02-02T10:00:00Z,Cloud Point,Diesel cloud QC,PourCloud Fuel-06,ASTM D97,fuel_astm-demo,FUE-RG-1,FUE-18-A,ok,fuel_astm-018-002,deg C,[],manual,synthetic demo single low action outlier
demo-fuel_astm-pourcloud-fuel-06-cloud-point,-7.9,2026-02-02T12:00:00Z,Cloud Point,Diesel cloud QC,PourCloud Fuel-06,ASTM D97,fuel_astm-demo,FUE-RG-1,FUE-18-A,ok,fuel_astm-018-003,deg C,[],manual,synthetic demo single low action outlier
demo-fuel_astm-pourcloud-fuel-06-cloud-point,-8.2,2026-02-02T14:00:00Z,Cloud Point,Diesel cloud QC,PourCloud Fuel-06,ASTM D97,fuel_astm-demo,FUE-RG-1,FUE-18-A,ok,fuel_astm-018-004,deg C,[],manual,synthetic demo single low action outlier
demo-fuel_astm-pourcloud-fuel-06-cloud-point,-8.0,2026-02-02T16:00:00Z,Cloud Point,Diesel cloud QC,PourCloud Fuel-06,ASTM D97,fuel_astm-demo,FUE-RG-1,FUE-18-A,ok,fuel_astm-018-005,deg C,[],manual,synthetic demo single low action outlier
demo-fuel_astm-pourcloud-fuel-06-cloud-point,-7.8,2026-02-02T18:00:00Z,Cloud Point,Diesel cloud QC,PourCloud Fuel-06,ASTM D97,fuel_astm-demo,FUE-RG-1,FUE-18-A,ok,fuel_astm-018-006,deg C,[],manual,synthetic demo single low action outlier
demo-fuel_astm-pourcloud-fuel-06-cloud-point,-8.1,2026-02-02T20:00:00Z,Cloud Point,Diesel cloud QC,PourCloud Fuel-06,ASTM D97,fuel_astm-demo,FUE-RG-1,FUE-18-A,ok,fuel_astm-018-007,deg C,[],manual,synthetic demo single low action outlier
demo-fuel_astm-pourcloud-fuel-06-cloud-point,-8.2,2026-02-02T22:00:00Z,Cloud Point,Diesel cloud QC,PourCloud Fuel-06,ASTM D97,fuel_astm-demo,FUE-RG-1,FUE-18-A,ok,fuel_astm-018-008,deg C,[],manual,synthetic demo single low action outlier
demo-fuel_astm-pourcloud-fuel-06-cloud-point,-11.4,2026-02-03T00:00:00Z,Cloud Point,Diesel cloud QC,PourCloud Fuel-06,ASTM D97,fuel_astm-demo,FUE-RG-1,FUE-18-A,ok,fuel_astm-018-009,deg C,[],manual,synthetic demo single low action outlier
demo-fuel_astm-pourcloud-fuel-06-cloud-point,-8.3,2026-02-03T02:00:00Z,Cloud Point,Diesel cloud QC,PourCloud Fuel-06,ASTM D97,fuel_astm-demo,FUE-RG-1,FUE-18-A,ok,fuel_astm-018-010,deg C,[],manual,synthetic demo single low action outlier
demo-fuel_astm-pourcloud-fuel-06-cloud-point,-8.0,2026-02-03T04:00:00Z,Cloud Point,Diesel cloud QC,PourCloud Fuel-06,ASTM D97,fuel_astm-demo,FUE-RG-1,FUE-18-A,ok,fuel_astm-018-011,deg C,[],manual,synthetic demo single low action outlier
demo-fuel_astm-pourcloud-fuel-06-cloud-point,-7.9,2026-02-03T06:00:00Z,Cloud Point,Diesel cloud QC,PourCloud Fuel-06,ASTM D97,fuel_astm-demo,FUE-RG-1,FUE-18-A,ok,fuel_astm-018-012,deg C,[],manual,synthetic demo single low action outlier
demo-fuel_astm-pourcloud-fuel-06-cloud-point,-8.1,2026-02-03T08:00:00Z,Cloud Point,Diesel cloud QC,PourCloud Fuel-06,ASTM D97,fuel_astm-demo,FUE-RG-1,FUE-18-A,ok,fuel_astm-018-013,deg C,[],manual,synthetic demo single low action outlier
demo-fuel_astm-pourcloud-fuel-06-cloud-point,-8.0,2026-02-03T10:00:00Z,Cloud Point,Diesel cloud QC,PourCloud Fuel-06,ASTM D97,fuel_astm-demo,FUE-RG-1,FUE-18-A,ok,fuel_astm-018-014,deg C,[],manual,synthetic demo single low action outlier
demo-fuel_astm-pourcloud-fuel-06-cloud-point,-7.8,2026-02-03T12:00:00Z,Cloud Point,Diesel cloud QC,PourCloud Fuel-06,ASTM D97,fuel_astm-demo,FUE-RG-1,FUE-18-A,ok,fuel_astm-018-015,deg C,[],manual,synthetic demo single low action outlier
demo-fuel_astm-pourcloud-fuel-06-cloud-point,-8.2,2026-02-03T14:00:00Z,Cloud Point,Diesel cloud QC,PourCloud Fuel-06,ASTM D97,fuel_astm-demo,FUE-RG-2,FUE-18-B,ok,fuel_astm-018-016,deg C,[],manual,synthetic demo single low action outlier
demo-fuel_astm-pourcloud-fuel-06-cloud-point,-8.1,2026-02-03T16:00:00Z,Cloud Point,Diesel cloud QC,PourCloud Fuel-06,ASTM D97,fuel_astm-demo,FUE-RG-2,FUE-18-B,ok,fuel_astm-018-017,deg C,[],manual,synthetic demo single low action outlier
demo-fuel_astm-pourcloud-fuel-06-cloud-point,-8.0,2026-02-03T18:00:00Z,Cloud Point,Diesel cloud QC,PourCloud Fuel-06,ASTM D97,fuel_astm-demo,FUE-RG-2,FUE-18-B,ok,fuel_astm-018-018,deg C,[],manual,synthetic demo single low action outlier
demo-fuel_astm-pourcloud-fuel-06-cloud-point,-7.9,2026-02-03T20:00:00Z,Cloud Point,Diesel cloud QC,PourCloud Fuel-06,ASTM D97,fuel_astm-demo,FUE-RG-2,FUE-18-B,ok,fuel_astm-018-019,deg C,[],manual,synthetic demo single low action outlier
demo-fuel_astm-pourcloud-fuel-06-cloud-point,-8.1,2026-02-03T22:00:00Z,Cloud Point,Diesel cloud QC,PourCloud Fuel-06,ASTM D97,fuel_astm-demo,FUE-RG-2,FUE-18-B,ok,fuel_astm-018-020,deg C,[],manual,synthetic demo single low action outlier
demo-fuel_astm-pourcloud-fuel-06-cloud-point,-8.0,2026-02-04T00:00:00Z,Cloud Point,Diesel cloud QC,PourCloud Fuel-06,ASTM D97,fuel_astm-demo,FUE-RG-2,FUE-18-B,ok,fuel_astm-018-021,deg C,[],manual,synthetic demo single low action outlier
demo-fuel_astm-pourcloud-fuel-06-cloud-point,-7.8,2026-02-04T02:00:00Z,Cloud Point,Diesel cloud QC,PourCloud Fuel-06,ASTM D97,fuel_astm-demo,FUE-RG-2,FUE-18-B,ok,fuel_astm-018-022,deg C,[],manual,synthetic demo single low action outlier
demo-fuel_astm-pourcloud-fuel-06-cloud-point,-8.1,2026-02-04T04:00:00Z,Cloud Point,Diesel cloud QC,PourCloud Fuel-06,ASTM D97,fuel_astm-demo,FUE-RG-2,FUE-18-B,ok,fuel_astm-018-023,deg C,[],manual,synthetic demo single low action outlier
demo-fuel_astm-pourcloud-fuel-06-cloud-point,-8.0,2026-02-04T06:00:00Z,Cloud Point,Diesel cloud QC,PourCloud Fuel-06,ASTM D97,fuel_astm-demo,FUE-RG-2,FUE-18-B,ok,fuel_astm-018-024,deg C,[],manual,synthetic demo single low action outlier
demo-fuel_astm-pourcloud-fuel-06-cloud-point,-8.2,2026-02-04T08:00:00Z,Cloud Point,Diesel cloud QC,PourCloud Fuel-06,ASTM D97,fuel_astm-demo,FUE-RG-2,FUE-18-B,ok,fuel_astm-018-025,deg C,[],manual,synthetic demo single low action outlier
demo-fuel_astm-pourcloud-fuel-06-cold-filter-plugging,-12.0,2026-02-02T08:05:00Z,Cold Filter Plugging,Diesel CFPP QC,PourCloud Fuel-06,ASTM D97,fuel_astm-demo,FUE-RG-1,FUE-19-A,ok,fuel_astm-019-001,deg C,[],manual,synthetic demo maintenance recovery
demo-fuel_astm-pourcloud-fuel-06-cold-filter-plugging,-11.78,2026-02-02T10:05:00Z,Cold Filter Plugging,Diesel CFPP QC,PourCloud Fuel-06,ASTM D97,fuel_astm-demo,FUE-RG-1,FUE-19-A,ok,fuel_astm-019-002,deg C,[],manual,synthetic demo maintenance recovery
demo-fuel_astm-pourcloud-fuel-06-cold-filter-plugging,-11.56,2026-02-02T12:05:00Z,Cold Filter Plugging,Diesel CFPP QC,PourCloud Fuel-06,ASTM D97,fuel_astm-demo,FUE-RG-1,FUE-19-A,ok,fuel_astm-019-003,deg C,[],manual,synthetic demo maintenance recovery
demo-fuel_astm-pourcloud-fuel-06-cold-filter-plugging,-11.23,2026-02-02T14:05:00Z,Cold Filter Plugging,Diesel CFPP QC,PourCloud Fuel-06,ASTM D97,fuel_astm-demo,FUE-RG-1,FUE-19-A,ok,fuel_astm-019-004,deg C,[],manual,synthetic demo maintenance recovery
demo-fuel_astm-pourcloud-fuel-06-cold-filter-plugging,-10.9,2026-02-02T16:05:00Z,Cold Filter Plugging,Diesel CFPP QC,PourCloud Fuel-06,ASTM D97,fuel_astm-demo,FUE-RG-1,FUE-19-A,ok,fuel_astm-019-005,deg C,[],manual,synthetic demo maintenance recovery
demo-fuel_astm-pourcloud-fuel-06-cold-filter-plugging,-10.46,2026-02-02T18:05:00Z,Cold Filter Plugging,Diesel CFPP QC,PourCloud Fuel-06,ASTM D97,fuel_astm-demo,FUE-RG-1,FUE-19-A,ok,fuel_astm-019-006,deg C,[],manual,synthetic demo maintenance recovery
demo-fuel_astm-pourcloud-fuel-06-cold-filter-plugging,-10.02,2026-02-02T20:05:00Z,Cold Filter Plugging,Diesel CFPP QC,PourCloud Fuel-06,ASTM D97,fuel_astm-demo,FUE-RG-1,FUE-19-A,ok,fuel_astm-019-007,deg C,[],manual,synthetic demo maintenance recovery
demo-fuel_astm-pourcloud-fuel-06-cold-filter-plugging,-9.69,2026-02-02T22:05:00Z,Cold Filter Plugging,Diesel CFPP QC,PourCloud Fuel-06,ASTM D97,fuel_astm-demo,FUE-RG-1,FUE-19-A,ok,fuel_astm-019-008,deg C,[],manual,synthetic demo maintenance recovery
demo-fuel_astm-pourcloud-fuel-06-cold-filter-plugging,-9.36,2026-02-03T00:05:00Z,Cold Filter Plugging,Diesel CFPP QC,PourCloud Fuel-06,ASTM D97,fuel_astm-demo,FUE-RG-1,FUE-19-A,ok,fuel_astm-019-009,deg C,[],manual,synthetic demo maintenance recovery
demo-fuel_astm-pourcloud-fuel-06-cold-filter-plugging,-8.92,2026-02-03T02:05:00Z,Cold Filter Plugging,Diesel CFPP QC,PourCloud Fuel-06,ASTM D97,fuel_astm-demo,FUE-RG-1,FUE-19-A,ok,fuel_astm-019-010,deg C,[],manual,synthetic demo maintenance recovery
demo-fuel_astm-pourcloud-fuel-06-cold-filter-plugging,-8.48,2026-02-03T04:05:00Z,Cold Filter Plugging,Diesel CFPP QC,PourCloud Fuel-06,ASTM D97,fuel_astm-demo,FUE-RG-1,FUE-19-A,ok,fuel_astm-019-011,deg C,[],manual,synthetic demo maintenance recovery
demo-fuel_astm-pourcloud-fuel-06-cold-filter-plugging,-9.03,2026-02-03T06:05:00Z,Cold Filter Plugging,Diesel CFPP QC,PourCloud Fuel-06,ASTM D97,fuel_astm-demo,FUE-RG-1,FUE-19-A,ok,fuel_astm-019-012,deg C,[],manual,synthetic demo maintenance recovery
demo-fuel_astm-pourcloud-fuel-06-cold-filter-plugging,-9.69,2026-02-03T08:05:00Z,Cold Filter Plugging,Diesel CFPP QC,PourCloud Fuel-06,ASTM D97,fuel_astm-demo,FUE-RG-1,FUE-19-A,ok,fuel_astm-019-013,deg C,[],manual,synthetic demo maintenance recovery
demo-fuel_astm-pourcloud-fuel-06-cold-filter-plugging,-10.68,2026-02-03T10:05:00Z,Cold Filter Plugging,Diesel CFPP QC,PourCloud Fuel-06,ASTM D97,fuel_astm-demo,FUE-RG-1,FUE-19-A,ok,fuel_astm-019-014,deg C,[],manual,synthetic demo maintenance recovery
demo-fuel_astm-pourcloud-fuel-06-cold-filter-plugging,-11.45,2026-02-03T12:05:00Z,Cold Filter Plugging,Diesel CFPP QC,PourCloud Fuel-06,ASTM D97,fuel_astm-demo,FUE-RG-1,FUE-19-A,ok,fuel_astm-019-015,deg C,[],manual,synthetic demo maintenance recovery
demo-fuel_astm-pourcloud-fuel-06-cold-filter-plugging,-11.78,2026-02-03T14:05:00Z,Cold Filter Plugging,Diesel CFPP QC,PourCloud Fuel-06,ASTM D97,fuel_astm-demo,FUE-RG-2,FUE-19-B,ok,fuel_astm-019-016,deg C,[],manual,synthetic demo maintenance recovery
demo-fuel_astm-pourcloud-fuel-06-cold-filter-plugging,-12.0,2026-02-03T16:05:00Z,Cold Filter Plugging,Diesel CFPP QC,PourCloud Fuel-06,ASTM D97,fuel_astm-demo,FUE-RG-2,FUE-19-B,ok,fuel_astm-019-017,deg C,[],manual,synthetic demo maintenance recovery
demo-fuel_astm-pourcloud-fuel-06-cold-filter-plugging,-12.11,2026-02-03T18:05:00Z,Cold Filter Plugging,Diesel CFPP QC,PourCloud Fuel-06,ASTM D97,fuel_astm-demo,FUE-RG-2,FUE-19-B,ok,fuel_astm-019-018,deg C,[],manual,synthetic demo maintenance recovery
demo-fuel_astm-pourcloud-fuel-06-cold-filter-plugging,-11.89,2026-02-03T20:05:00Z,Cold Filter Plugging,Diesel CFPP QC,PourCloud Fuel-06,ASTM D97,fuel_astm-demo,FUE-RG-2,FUE-19-B,ok,fuel_astm-019-019,deg C,[],manual,synthetic demo maintenance recovery
demo-fuel_astm-pourcloud-fuel-06-cold-filter-plugging,-12.0,2026-02-03T22:05:00Z,Cold Filter Plugging,Diesel CFPP QC,PourCloud Fuel-06,ASTM D97,fuel_astm-demo,FUE-RG-2,FUE-19-B,ok,fuel_astm-019-020,deg C,[],manual,synthetic demo maintenance recovery
demo-fuel_astm-pourcloud-fuel-06-cold-filter-plugging,-12.22,2026-02-04T00:05:00Z,Cold Filter Plugging,Diesel CFPP QC,PourCloud Fuel-06,ASTM D97,fuel_astm-demo,FUE-RG-2,FUE-19-B,ok,fuel_astm-019-021,deg C,[],manual,synthetic demo maintenance recovery
demo-fuel_astm-pourcloud-fuel-06-cold-filter-plugging,-11.89,2026-02-04T02:05:00Z,Cold Filter Plugging,Diesel CFPP QC,PourCloud Fuel-06,ASTM D97,fuel_astm-demo,FUE-RG-2,FUE-19-B,ok,fuel_astm-019-022,deg C,[],manual,synthetic demo maintenance recovery
demo-fuel_astm-pourcloud-fuel-06-cold-filter-plugging,-12.0,2026-02-04T04:05:00Z,Cold Filter Plugging,Diesel CFPP QC,PourCloud Fuel-06,ASTM D97,fuel_astm-demo,FUE-RG-2,FUE-19-B,ok,fuel_astm-019-023,deg C,[],manual,synthetic demo maintenance recovery
demo-fuel_astm-pourcloud-fuel-06-cold-filter-plugging,-11.78,2026-02-04T06:05:00Z,Cold Filter Plugging,Diesel CFPP QC,PourCloud Fuel-06,ASTM D97,fuel_astm-demo,FUE-RG-2,FUE-19-B,ok,fuel_astm-019-024,deg C,[],manual,synthetic demo maintenance recovery
demo-fuel_astm-pourcloud-fuel-06-cold-filter-plugging,-12.11,2026-02-04T08:05:00Z,Cold Filter Plugging,Diesel CFPP QC,PourCloud Fuel-06,ASTM D97,fuel_astm-demo,FUE-RG-2,FUE-19-B,ok,fuel_astm-019-025,deg C,[],manual,synthetic demo maintenance recovery
demo-fuel_astm-colorscope-fuel-07-astm-color,1.5,2026-02-02T08:10:00Z,ASTM Color,Diesel color QC,ColorScope Fuel-07,ASTM D1500,fuel_astm-demo,FUE-RG-1,FUE-20-A,ok,fuel_astm-020-001,ASTM color,[],manual,synthetic demo downward step after lot change
demo-fuel_astm-colorscope-fuel-07-astm-color,1.48,2026-02-02T10:10:00Z,ASTM Color,Diesel color QC,ColorScope Fuel-07,ASTM D1500,fuel_astm-demo,FUE-RG-1,FUE-20-A,ok,fuel_astm-020-002,ASTM color,[],manual,synthetic demo downward step after lot change
demo-fuel_astm-colorscope-fuel-07-astm-color,1.52,2026-02-02T12:10:00Z,ASTM Color,Diesel color QC,ColorScope Fuel-07,ASTM D1500,fuel_astm-demo,FUE-RG-1,FUE-20-A,ok,fuel_astm-020-003,ASTM color,[],manual,synthetic demo downward step after lot change
demo-fuel_astm-colorscope-fuel-07-astm-color,1.5,2026-02-02T14:10:00Z,ASTM Color,Diesel color QC,ColorScope Fuel-07,ASTM D1500,fuel_astm-demo,FUE-RG-1,FUE-20-A,ok,fuel_astm-020-004,ASTM color,[],manual,synthetic demo downward step after lot change
demo-fuel_astm-colorscope-fuel-07-astm-color,1.46,2026-02-02T16:10:00Z,ASTM Color,Diesel color QC,ColorScope Fuel-07,ASTM D1500,fuel_astm-demo,FUE-RG-1,FUE-20-A,ok,fuel_astm-020-005,ASTM color,[],manual,synthetic demo downward step after lot change
demo-fuel_astm-colorscope-fuel-07-astm-color,1.48,2026-02-02T18:10:00Z,ASTM Color,Diesel color QC,ColorScope Fuel-07,ASTM D1500,fuel_astm-demo,FUE-RG-1,FUE-20-A,ok,fuel_astm-020-006,ASTM color,[],manual,synthetic demo downward step after lot change
demo-fuel_astm-colorscope-fuel-07-astm-color,1.52,2026-02-02T20:10:00Z,ASTM Color,Diesel color QC,ColorScope Fuel-07,ASTM D1500,fuel_astm-demo,FUE-RG-1,FUE-20-A,ok,fuel_astm-020-007,ASTM color,[],manual,synthetic demo downward step after lot change
demo-fuel_astm-colorscope-fuel-07-astm-color,1.5,2026-02-02T22:10:00Z,ASTM Color,Diesel color QC,ColorScope Fuel-07,ASTM D1500,fuel_astm-demo,FUE-RG-1,FUE-20-A,ok,fuel_astm-020-008,ASTM color,[],manual,synthetic demo downward step after lot change
demo-fuel_astm-colorscope-fuel-07-astm-color,1.48,2026-02-03T00:10:00Z,ASTM Color,Diesel color QC,ColorScope Fuel-07,ASTM D1500,fuel_astm-demo,FUE-RG-1,FUE-20-A,ok,fuel_astm-020-009,ASTM color,[],manual,synthetic demo downward step after lot change
demo-fuel_astm-colorscope-fuel-07-astm-color,1.52,2026-02-03T02:10:00Z,ASTM Color,Diesel color QC,ColorScope Fuel-07,ASTM D1500,fuel_astm-demo,FUE-RG-1,FUE-20-A,ok,fuel_astm-020-010,ASTM color,[],manual,synthetic demo downward step after lot change
demo-fuel_astm-colorscope-fuel-07-astm-color,1.5,2026-02-03T04:10:00Z,ASTM Color,Diesel color QC,ColorScope Fuel-07,ASTM D1500,fuel_astm-demo,FUE-RG-1,FUE-20-A,ok,fuel_astm-020-011,ASTM color,[],manual,synthetic demo downward step after lot change
demo-fuel_astm-colorscope-fuel-07-astm-color,1.46,2026-02-03T06:10:00Z,ASTM Color,Diesel color QC,ColorScope Fuel-07,ASTM D1500,fuel_astm-demo,FUE-RG-1,FUE-20-A,ok,fuel_astm-020-012,ASTM color,[],manual,synthetic demo downward step after lot change
demo-fuel_astm-colorscope-fuel-07-astm-color,1.48,2026-02-03T08:10:00Z,ASTM Color,Diesel color QC,ColorScope Fuel-07,ASTM D1500,fuel_astm-demo,FUE-RG-1,FUE-20-A,ok,fuel_astm-020-013,ASTM color,[],manual,synthetic demo downward step after lot change
demo-fuel_astm-colorscope-fuel-07-astm-color,1.5,2026-02-03T10:10:00Z,ASTM Color,Diesel color QC,ColorScope Fuel-07,ASTM D1500,fuel_astm-demo,FUE-RG-1,FUE-20-A,ok,fuel_astm-020-014,ASTM color,[],manual,synthetic demo downward step after lot change
demo-fuel_astm-colorscope-fuel-07-astm-color,1.52,2026-02-03T12:10:00Z,ASTM Color,Diesel color QC,ColorScope Fuel-07,ASTM D1500,fuel_astm-demo,FUE-RG-1,FUE-20-A,ok,fuel_astm-020-015,ASTM color,[],manual,synthetic demo downward step after lot change
demo-fuel_astm-colorscope-fuel-07-astm-color,1.26,2026-02-03T14:10:00Z,ASTM Color,Diesel color QC,ColorScope Fuel-07,ASTM D1500,fuel_astm-demo,FUE-RG-2,FUE-20-B,ok,fuel_astm-020-016,ASTM color,[],manual,synthetic demo downward step after lot change
demo-fuel_astm-colorscope-fuel-07-astm-color,1.22,2026-02-03T16:10:00Z,ASTM Color,Diesel color QC,ColorScope Fuel-07,ASTM D1500,fuel_astm-demo,FUE-RG-2,FUE-20-B,ok,fuel_astm-020-017,ASTM color,[],manual,synthetic demo downward step after lot change
demo-fuel_astm-colorscope-fuel-07-astm-color,1.2,2026-02-03T18:10:00Z,ASTM Color,Diesel color QC,ColorScope Fuel-07,ASTM D1500,fuel_astm-demo,FUE-RG-2,FUE-20-B,ok,fuel_astm-020-018,ASTM color,[],manual,synthetic demo downward step after lot change
demo-fuel_astm-colorscope-fuel-07-astm-color,1.22,2026-02-03T20:10:00Z,ASTM Color,Diesel color QC,ColorScope Fuel-07,ASTM D1500,fuel_astm-demo,FUE-RG-2,FUE-20-B,ok,fuel_astm-020-019,ASTM color,[],manual,synthetic demo downward step after lot change
demo-fuel_astm-colorscope-fuel-07-astm-color,1.18,2026-02-03T22:10:00Z,ASTM Color,Diesel color QC,ColorScope Fuel-07,ASTM D1500,fuel_astm-demo,FUE-RG-2,FUE-20-B,ok,fuel_astm-020-020,ASTM color,[],manual,synthetic demo downward step after lot change
demo-fuel_astm-colorscope-fuel-07-astm-color,1.2,2026-02-04T00:10:00Z,ASTM Color,Diesel color QC,ColorScope Fuel-07,ASTM D1500,fuel_astm-demo,FUE-RG-2,FUE-20-B,ok,fuel_astm-020-021,ASTM color,[],manual,synthetic demo downward step after lot change
demo-fuel_astm-colorscope-fuel-07-astm-color,1.22,2026-02-04T02:10:00Z,ASTM Color,Diesel color QC,ColorScope Fuel-07,ASTM D1500,fuel_astm-demo,FUE-RG-2,FUE-20-B,ok,fuel_astm-020-022,ASTM color,[],manual,synthetic demo downward step after lot change
demo-fuel_astm-colorscope-fuel-07-astm-color,1.18,2026-02-04T04:10:00Z,ASTM Color,Diesel color QC,ColorScope Fuel-07,ASTM D1500,fuel_astm-demo,FUE-RG-2,FUE-20-B,ok,fuel_astm-020-023,ASTM color,[],manual,synthetic demo downward step after lot change
demo-fuel_astm-colorscope-fuel-07-astm-color,1.2,2026-02-04T06:10:00Z,ASTM Color,Diesel color QC,ColorScope Fuel-07,ASTM D1500,fuel_astm-demo,FUE-RG-2,FUE-20-B,ok,fuel_astm-020-024,ASTM color,[],manual,synthetic demo downward step after lot change
demo-fuel_astm-colorscope-fuel-07-astm-color,1.22,2026-02-04T08:10:00Z,ASTM Color,Diesel color QC,ColorScope Fuel-07,ASTM D1500,fuel_astm-demo,FUE-RG-2,FUE-20-B,ok,fuel_astm-020-025,ASTM color,[],manual,synthetic demo downward step after lot change
demo-fuel_astm-colorscope-fuel-07-saybolt-color,24.0,2026-02-02T08:15:00Z,Saybolt Color,Kerosene color QC,ColorScope Fuel-07,ASTM D1500,fuel_astm-demo,FUE-RG-1,FUE-21-A,ok,fuel_astm-021-001,Saybolt,[],manual,synthetic demo slow low drift
demo-fuel_astm-colorscope-fuel-07-saybolt-color,23.92,2026-02-02T10:15:00Z,Saybolt Color,Kerosene color QC,ColorScope Fuel-07,ASTM D1500,fuel_astm-demo,FUE-RG-1,FUE-21-A,ok,fuel_astm-021-002,Saybolt,[],manual,synthetic demo slow low drift
demo-fuel_astm-colorscope-fuel-07-saybolt-color,23.76,2026-02-02T12:15:00Z,Saybolt Color,Kerosene color QC,ColorScope Fuel-07,ASTM D1500,fuel_astm-demo,FUE-RG-1,FUE-21-A,ok,fuel_astm-021-003,Saybolt,[],manual,synthetic demo slow low drift
demo-fuel_astm-colorscope-fuel-07-saybolt-color,23.6,2026-02-02T14:15:00Z,Saybolt Color,Kerosene color QC,ColorScope Fuel-07,ASTM D1500,fuel_astm-demo,FUE-RG-1,FUE-21-A,ok,fuel_astm-021-004,Saybolt,[],manual,synthetic demo slow low drift
demo-fuel_astm-colorscope-fuel-07-saybolt-color,23.44,2026-02-02T16:15:00Z,Saybolt Color,Kerosene color QC,ColorScope Fuel-07,ASTM D1500,fuel_astm-demo,FUE-RG-1,FUE-21-A,ok,fuel_astm-021-005,Saybolt,[],manual,synthetic demo slow low drift
demo-fuel_astm-colorscope-fuel-07-saybolt-color,23.28,2026-02-02T18:15:00Z,Saybolt Color,Kerosene color QC,ColorScope Fuel-07,ASTM D1500,fuel_astm-demo,FUE-RG-1,FUE-21-A,ok,fuel_astm-021-006,Saybolt,[],manual,synthetic demo slow low drift
demo-fuel_astm-colorscope-fuel-07-saybolt-color,23.12,2026-02-02T20:15:00Z,Saybolt Color,Kerosene color QC,ColorScope Fuel-07,ASTM D1500,fuel_astm-demo,FUE-RG-1,FUE-21-A,ok,fuel_astm-021-007,Saybolt,[],manual,synthetic demo slow low drift
demo-fuel_astm-colorscope-fuel-07-saybolt-color,22.96,2026-02-02T22:15:00Z,Saybolt Color,Kerosene color QC,ColorScope Fuel-07,ASTM D1500,fuel_astm-demo,FUE-RG-1,FUE-21-A,ok,fuel_astm-021-008,Saybolt,[],manual,synthetic demo slow low drift
demo-fuel_astm-colorscope-fuel-07-saybolt-color,22.8,2026-02-03T00:15:00Z,Saybolt Color,Kerosene color QC,ColorScope Fuel-07,ASTM D1500,fuel_astm-demo,FUE-RG-1,FUE-21-A,ok,fuel_astm-021-009,Saybolt,[],manual,synthetic demo slow low drift
demo-fuel_astm-colorscope-fuel-07-saybolt-color,22.64,2026-02-03T02:15:00Z,Saybolt Color,Kerosene color QC,ColorScope Fuel-07,ASTM D1500,fuel_astm-demo,FUE-RG-1,FUE-21-A,ok,fuel_astm-021-010,Saybolt,[],manual,synthetic demo slow low drift
demo-fuel_astm-colorscope-fuel-07-saybolt-color,22.48,2026-02-03T04:15:00Z,Saybolt Color,Kerosene color QC,ColorScope Fuel-07,ASTM D1500,fuel_astm-demo,FUE-RG-1,FUE-21-A,ok,fuel_astm-021-011,Saybolt,[],manual,synthetic demo slow low drift
demo-fuel_astm-colorscope-fuel-07-saybolt-color,22.32,2026-02-03T06:15:00Z,Saybolt Color,Kerosene color QC,ColorScope Fuel-07,ASTM D1500,fuel_astm-demo,FUE-RG-1,FUE-21-A,ok,fuel_astm-021-012,Saybolt,[],manual,synthetic demo slow low drift
demo-fuel_astm-colorscope-fuel-07-saybolt-color,22.24,2026-02-03T08:15:00Z,Saybolt Color,Kerosene color QC,ColorScope Fuel-07,ASTM D1500,fuel_astm-demo,FUE-RG-1,FUE-21-A,ok,fuel_astm-021-013,Saybolt,[],manual,synthetic demo slow low drift
demo-fuel_astm-colorscope-fuel-07-saybolt-color,22.16,2026-02-03T10:15:00Z,Saybolt Color,Kerosene color QC,ColorScope Fuel-07,ASTM D1500,fuel_astm-demo,FUE-RG-1,FUE-21-A,ok,fuel_astm-021-014,Saybolt,[],manual,synthetic demo slow low drift
demo-fuel_astm-colorscope-fuel-07-saybolt-color,22.08,2026-02-03T12:15:00Z,Saybolt Color,Kerosene color QC,ColorScope Fuel-07,ASTM D1500,fuel_astm-demo,FUE-RG-1,FUE-21-A,ok,fuel_astm-021-015,Saybolt,[],manual,synthetic demo slow low drift
demo-fuel_astm-colorscope-fuel-07-saybolt-color,22.0,2026-02-03T14:15:00Z,Saybolt Color,Kerosene color QC,ColorScope Fuel-07,ASTM D1500,fuel_astm-demo,FUE-RG-2,FUE-21-B,ok,fuel_astm-021-016,Saybolt,[],manual,synthetic demo slow low drift
demo-fuel_astm-colorscope-fuel-07-saybolt-color,21.92,2026-02-03T16:15:00Z,Saybolt Color,Kerosene color QC,ColorScope Fuel-07,ASTM D1500,fuel_astm-demo,FUE-RG-2,FUE-21-B,ok,fuel_astm-021-017,Saybolt,[],manual,synthetic demo slow low drift
demo-fuel_astm-colorscope-fuel-07-saybolt-color,21.84,2026-02-03T18:15:00Z,Saybolt Color,Kerosene color QC,ColorScope Fuel-07,ASTM D1500,fuel_astm-demo,FUE-RG-2,FUE-21-B,ok,fuel_astm-021-018,Saybolt,[],manual,synthetic demo slow low drift
demo-fuel_astm-colorscope-fuel-07-saybolt-color,21.76,2026-02-03T20:15:00Z,Saybolt Color,Kerosene color QC,ColorScope Fuel-07,ASTM D1500,fuel_astm-demo,FUE-RG-2,FUE-21-B,ok,fuel_astm-021-019,Saybolt,[],manual,synthetic demo slow low drift
demo-fuel_astm-colorscope-fuel-07-saybolt-color,21.68,2026-02-03T22:15:00Z,Saybolt Color,Kerosene color QC,ColorScope Fuel-07,ASTM D1500,fuel_astm-demo,FUE-RG-2,FUE-21-B,ok,fuel_astm-021-020,Saybolt,[],manual,synthetic demo slow low drift
demo-fuel_astm-colorscope-fuel-07-saybolt-color,21.6,2026-02-04T00:15:00Z,Saybolt Color,Kerosene color QC,ColorScope Fuel-07,ASTM D1500,fuel_astm-demo,FUE-RG-2,FUE-21-B,ok,fuel_astm-021-021,Saybolt,[],manual,synthetic demo slow low drift
demo-fuel_astm-colorscope-fuel-07-saybolt-color,21.52,2026-02-04T02:15:00Z,Saybolt Color,Kerosene color QC,ColorScope Fuel-07,ASTM D1500,fuel_astm-demo,FUE-RG-2,FUE-21-B,ok,fuel_astm-021-022,Saybolt,[],manual,synthetic demo slow low drift
demo-fuel_astm-colorscope-fuel-07-saybolt-color,21.44,2026-02-04T04:15:00Z,Saybolt Color,Kerosene color QC,ColorScope Fuel-07,ASTM D1500,fuel_astm-demo,FUE-RG-2,FUE-21-B,ok,fuel_astm-021-023,Saybolt,[],manual,synthetic demo slow low drift
demo-fuel_astm-colorscope-fuel-07-saybolt-color,21.36,2026-02-04T06:15:00Z,Saybolt Color,Kerosene color QC,ColorScope Fuel-07,ASTM D1500,fuel_astm-demo,FUE-RG-2,FUE-21-B,ok,fuel_astm-021-024,Saybolt,[],manual,synthetic demo slow low drift
demo-fuel_astm-colorscope-fuel-07-saybolt-color,21.28,2026-02-04T08:15:00Z,Saybolt Color,Kerosene color QC,ColorScope Fuel-07,ASTM D1500,fuel_astm-demo,FUE-RG-2,FUE-21-B,ok,fuel_astm-021-025,Saybolt,[],manual,synthetic demo slow low drift
demo-fuel_astm-colorscope-fuel-07-haze-index,2.0,2026-02-02T08:20:00Z,Haze Index,Finished fuel haze QC,ColorScope Fuel-07,ASTM D1500,fuel_astm-demo,FUE-RG-1,FUE-22-A,ok,fuel_astm-022-001,index,[],manual,synthetic demo alternating high/low variability
demo-fuel_astm-colorscope-fuel-07-haze-index,2.025,2026-02-02T10:20:00Z,Haze Index,Finished fuel haze QC,ColorScope Fuel-07,ASTM D1500,fuel_astm-demo,FUE-RG-1,FUE-22-A,ok,fuel_astm-022-002,index,[],manual,synthetic demo alternating high/low variability
demo-fuel_astm-colorscope-fuel-07-haze-index,2.55,2026-02-02T12:20:00Z,Haze Index,Finished fuel haze QC,ColorScope Fuel-07,ASTM D1500,fuel_astm-demo,FUE-RG-1,FUE-22-A,ok,fuel_astm-022-003,index,[],manual,synthetic demo alternating high/low variability
demo-fuel_astm-colorscope-fuel-07-haze-index,1.45,2026-02-02T14:20:00Z,Haze Index,Finished fuel haze QC,ColorScope Fuel-07,ASTM D1500,fuel_astm-demo,FUE-RG-1,FUE-22-A,ok,fuel_astm-022-004,index,[],manual,synthetic demo alternating high/low variability
demo-fuel_astm-colorscope-fuel-07-haze-index,2.525,2026-02-02T16:20:00Z,Haze Index,Finished fuel haze QC,ColorScope Fuel-07,ASTM D1500,fuel_astm-demo,FUE-RG-1,FUE-22-A,ok,fuel_astm-022-005,index,[],manual,synthetic demo alternating high/low variability
demo-fuel_astm-colorscope-fuel-07-haze-index,1.475,2026-02-02T18:20:00Z,Haze Index,Finished fuel haze QC,ColorScope Fuel-07,ASTM D1500,fuel_astm-demo,FUE-RG-1,FUE-22-A,ok,fuel_astm-022-006,index,[],manual,synthetic demo alternating high/low variability
demo-fuel_astm-colorscope-fuel-07-haze-index,2.45,2026-02-02T20:20:00Z,Haze Index,Finished fuel haze QC,ColorScope Fuel-07,ASTM D1500,fuel_astm-demo,FUE-RG-1,FUE-22-A,ok,fuel_astm-022-007,index,[],manual,synthetic demo alternating high/low variability
demo-fuel_astm-colorscope-fuel-07-haze-index,1.575,2026-02-02T22:20:00Z,Haze Index,Finished fuel haze QC,ColorScope Fuel-07,ASTM D1500,fuel_astm-demo,FUE-RG-1,FUE-22-A,ok,fuel_astm-022-008,index,[],manual,synthetic demo alternating high/low variability
demo-fuel_astm-colorscope-fuel-07-haze-index,2.375,2026-02-03T00:20:00Z,Haze Index,Finished fuel haze QC,ColorScope Fuel-07,ASTM D1500,fuel_astm-demo,FUE-RG-1,FUE-22-A,ok,fuel_astm-022-009,index,[],manual,synthetic demo alternating high/low variability
demo-fuel_astm-colorscope-fuel-07-haze-index,1.65,2026-02-03T02:20:00Z,Haze Index,Finished fuel haze QC,ColorScope Fuel-07,ASTM D1500,fuel_astm-demo,FUE-RG-1,FUE-22-A,ok,fuel_astm-022-010,index,[],manual,synthetic demo alternating high/low variability
demo-fuel_astm-colorscope-fuel-07-haze-index,2.3,2026-02-03T04:20:00Z,Haze Index,Finished fuel haze QC,ColorScope Fuel-07,ASTM D1500,fuel_astm-demo,FUE-RG-1,FUE-22-A,ok,fuel_astm-022-011,index,[],manual,synthetic demo alternating high/low variability
demo-fuel_astm-colorscope-fuel-07-haze-index,1.725,2026-02-03T06:20:00Z,Haze Index,Finished fuel haze QC,ColorScope Fuel-07,ASTM D1500,fuel_astm-demo,FUE-RG-1,FUE-22-A,ok,fuel_astm-022-012,index,[],manual,synthetic demo alternating high/low variability
demo-fuel_astm-colorscope-fuel-07-haze-index,2.2,2026-02-03T08:20:00Z,Haze Index,Finished fuel haze QC,ColorScope Fuel-07,ASTM D1500,fuel_astm-demo,FUE-RG-1,FUE-22-A,ok,fuel_astm-022-013,index,[],manual,synthetic demo alternating high/low variability
demo-fuel_astm-colorscope-fuel-07-haze-index,1.825,2026-02-03T10:20:00Z,Haze Index,Finished fuel haze QC,ColorScope Fuel-07,ASTM D1500,fuel_astm-demo,FUE-RG-1,FUE-22-A,ok,fuel_astm-022-014,index,[],manual,synthetic demo alternating high/low variability
demo-fuel_astm-colorscope-fuel-07-haze-index,2.1,2026-02-03T12:20:00Z,Haze Index,Finished fuel haze QC,ColorScope Fuel-07,ASTM D1500,fuel_astm-demo,FUE-RG-1,FUE-22-A,ok,fuel_astm-022-015,index,[],manual,synthetic demo alternating high/low variability
demo-fuel_astm-colorscope-fuel-07-haze-index,1.925,2026-02-03T14:20:00Z,Haze Index,Finished fuel haze QC,ColorScope Fuel-07,ASTM D1500,fuel_astm-demo,FUE-RG-2,FUE-22-B,ok,fuel_astm-022-016,index,[],manual,synthetic demo alternating high/low variability
demo-fuel_astm-colorscope-fuel-07-haze-index,2.05,2026-02-03T16:20:00Z,Haze Index,Finished fuel haze QC,ColorScope Fuel-07,ASTM D1500,fuel_astm-demo,FUE-RG-2,FUE-22-B,ok,fuel_astm-022-017,index,[],manual,synthetic demo alternating high/low variability
demo-fuel_astm-colorscope-fuel-07-haze-index,1.95,2026-02-03T18:20:00Z,Haze Index,Finished fuel haze QC,ColorScope Fuel-07,ASTM D1500,fuel_astm-demo,FUE-RG-2,FUE-22-B,ok,fuel_astm-022-018,index,[],manual,synthetic demo alternating high/low variability
demo-fuel_astm-colorscope-fuel-07-haze-index,2.025,2026-02-03T20:20:00Z,Haze Index,Finished fuel haze QC,ColorScope Fuel-07,ASTM D1500,fuel_astm-demo,FUE-RG-2,FUE-22-B,ok,fuel_astm-022-019,index,[],manual,synthetic demo alternating high/low variability
demo-fuel_astm-colorscope-fuel-07-haze-index,2.0,2026-02-03T22:20:00Z,Haze Index,Finished fuel haze QC,ColorScope Fuel-07,ASTM D1500,fuel_astm-demo,FUE-RG-2,FUE-22-B,ok,fuel_astm-022-020,index,[],manual,synthetic demo alternating high/low variability
demo-fuel_astm-colorscope-fuel-07-haze-index,1.975,2026-02-04T00:20:00Z,Haze Index,Finished fuel haze QC,ColorScope Fuel-07,ASTM D1500,fuel_astm-demo,FUE-RG-2,FUE-22-B,ok,fuel_astm-022-021,index,[],manual,synthetic demo alternating high/low variability
demo-fuel_astm-colorscope-fuel-07-haze-index,2.025,2026-02-04T02:20:00Z,Haze Index,Finished fuel haze QC,ColorScope Fuel-07,ASTM D1500,fuel_astm-demo,FUE-RG-2,FUE-22-B,ok,fuel_astm-022-022,index,[],manual,synthetic demo alternating high/low variability
demo-fuel_astm-colorscope-fuel-07-haze-index,2.0,2026-02-04T04:20:00Z,Haze Index,Finished fuel haze QC,ColorScope Fuel-07,ASTM D1500,fuel_astm-demo,FUE-RG-2,FUE-22-B,ok,fuel_astm-022-023,index,[],manual,synthetic demo alternating high/low variability
demo-fuel_astm-colorscope-fuel-07-haze-index,1.975,2026-02-04T06:20:00Z,Haze Index,Finished fuel haze QC,ColorScope Fuel-07,ASTM D1500,fuel_astm-demo,FUE-RG-2,FUE-22-B,ok,fuel_astm-022-024,index,[],manual,synthetic demo alternating high/low variability
demo-fuel_astm-colorscope-fuel-07-haze-index,2.0,2026-02-04T08:20:00Z,Haze Index,Finished fuel haze QC,ColorScope Fuel-07,ASTM D1500,fuel_astm-demo,FUE-RG-2,FUE-22-B,ok,fuel_astm-022-025,index,[],manual,synthetic demo alternating high/low variability
demo-fuel_astm-vaporcheck-fuel-08-dvpe,62.0,2026-02-02T08:25:00Z,DVPE,Gasoline vapor QC,VaporCheck Fuel-08,ASTM D5191,fuel_astm-demo,FUE-RG-1,FUE-23-A,ok,fuel_astm-023-001,kPa,[],manual,synthetic demo duplicate retry cluster
demo-fuel_astm-vaporcheck-fuel-08-dvpe,62.0,2026-02-02T10:25:00Z,DVPE,Gasoline vapor QC,VaporCheck Fuel-08,ASTM D5191,fuel_astm-demo,FUE-RG-1,FUE-23-A,ok,fuel_astm-023-002,kPa,[],manual,synthetic demo duplicate retry cluster
demo-fuel_astm-vaporcheck-fuel-08-dvpe,62.11,2026-02-02T12:25:00Z,DVPE,Gasoline vapor QC,VaporCheck Fuel-08,ASTM D5191,fuel_astm-demo,FUE-RG-1,FUE-23-A,ok,fuel_astm-023-003,kPa,[],manual,synthetic demo duplicate retry cluster
demo-fuel_astm-vaporcheck-fuel-08-dvpe,62.11,2026-02-02T14:25:00Z,DVPE,Gasoline vapor QC,VaporCheck Fuel-08,ASTM D5191,fuel_astm-demo,FUE-RG-1,FUE-23-A,ok,fuel_astm-023-004,kPa,[],manual,synthetic demo duplicate retry cluster
demo-fuel_astm-vaporcheck-fuel-08-dvpe,62.11,2026-02-02T16:25:00Z,DVPE,Gasoline vapor QC,VaporCheck Fuel-08,ASTM D5191,fuel_astm-demo,FUE-RG-1,FUE-23-A,ok,fuel_astm-023-005,kPa,[],manual,synthetic demo duplicate retry cluster
demo-fuel_astm-vaporcheck-fuel-08-dvpe,61.89,2026-02-02T18:25:00Z,DVPE,Gasoline vapor QC,VaporCheck Fuel-08,ASTM D5191,fuel_astm-demo,FUE-RG-1,FUE-23-A,ok,fuel_astm-023-006,kPa,[],manual,synthetic demo duplicate retry cluster
demo-fuel_astm-vaporcheck-fuel-08-dvpe,61.89,2026-02-02T20:25:00Z,DVPE,Gasoline vapor QC,VaporCheck Fuel-08,ASTM D5191,fuel_astm-demo,FUE-RG-1,FUE-23-A,ok,fuel_astm-023-007,kPa,[],manual,synthetic demo duplicate retry cluster
demo-fuel_astm-vaporcheck-fuel-08-dvpe,62.0,2026-02-02T22:25:00Z,DVPE,Gasoline vapor QC,VaporCheck Fuel-08,ASTM D5191,fuel_astm-demo,FUE-RG-1,FUE-23-A,ok,fuel_astm-023-008,kPa,[],manual,synthetic demo duplicate retry cluster
demo-fuel_astm-vaporcheck-fuel-08-dvpe,62.22,2026-02-03T00:25:00Z,DVPE,Gasoline vapor QC,VaporCheck Fuel-08,ASTM D5191,fuel_astm-demo,FUE-RG-1,FUE-23-A,ok,fuel_astm-023-009,kPa,[],manual,synthetic demo duplicate retry cluster
demo-fuel_astm-vaporcheck-fuel-08-dvpe,62.22,2026-02-03T02:25:00Z,DVPE,Gasoline vapor QC,VaporCheck Fuel-08,ASTM D5191,fuel_astm-demo,FUE-RG-1,FUE-23-A,ok,fuel_astm-023-010,kPa,[],manual,synthetic demo duplicate retry cluster
demo-fuel_astm-vaporcheck-fuel-08-dvpe,62.11,2026-02-03T04:25:00Z,DVPE,Gasoline vapor QC,VaporCheck Fuel-08,ASTM D5191,fuel_astm-demo,FUE-RG-1,FUE-23-A,ok,fuel_astm-023-011,kPa,[],manual,synthetic demo duplicate retry cluster
demo-fuel_astm-vaporcheck-fuel-08-dvpe,62.0,2026-02-03T06:25:00Z,DVPE,Gasoline vapor QC,VaporCheck Fuel-08,ASTM D5191,fuel_astm-demo,FUE-RG-1,FUE-23-A,ok,fuel_astm-023-012,kPa,[],manual,synthetic demo duplicate retry cluster
demo-fuel_astm-vaporcheck-fuel-08-dvpe,62.0,2026-02-03T08:25:00Z,DVPE,Gasoline vapor QC,VaporCheck Fuel-08,ASTM D5191,fuel_astm-demo,FUE-RG-1,FUE-23-A,ok,fuel_astm-023-013,kPa,[],manual,synthetic demo duplicate retry cluster
demo-fuel_astm-vaporcheck-fuel-08-dvpe,61.89,2026-02-03T10:25:00Z,DVPE,Gasoline vapor QC,VaporCheck Fuel-08,ASTM D5191,fuel_astm-demo,FUE-RG-1,FUE-23-A,ok,fuel_astm-023-014,kPa,[],manual,synthetic demo duplicate retry cluster
demo-fuel_astm-vaporcheck-fuel-08-dvpe,62.0,2026-02-03T12:25:00Z,DVPE,Gasoline vapor QC,VaporCheck Fuel-08,ASTM D5191,fuel_astm-demo,FUE-RG-1,FUE-23-A,ok,fuel_astm-023-015,kPa,[],manual,synthetic demo duplicate retry cluster
demo-fuel_astm-vaporcheck-fuel-08-dvpe,62.33,2026-02-03T14:25:00Z,DVPE,Gasoline vapor QC,VaporCheck Fuel-08,ASTM D5191,fuel_astm-demo,FUE-RG-2,FUE-23-B,ok,fuel_astm-023-016,kPa,[],manual,synthetic demo duplicate retry cluster
demo-fuel_astm-vaporcheck-fuel-08-dvpe,62.22,2026-02-03T16:25:00Z,DVPE,Gasoline vapor QC,VaporCheck Fuel-08,ASTM D5191,fuel_astm-demo,FUE-RG-2,FUE-23-B,ok,fuel_astm-023-017,kPa,[],manual,synthetic demo duplicate retry cluster
demo-fuel_astm-vaporcheck-fuel-08-dvpe,62.33,2026-02-03T18:25:00Z,DVPE,Gasoline vapor QC,VaporCheck Fuel-08,ASTM D5191,fuel_astm-demo,FUE-RG-2,FUE-23-B,ok,fuel_astm-023-018,kPa,[],manual,synthetic demo duplicate retry cluster
demo-fuel_astm-vaporcheck-fuel-08-dvpe,62.22,2026-02-03T20:25:00Z,DVPE,Gasoline vapor QC,VaporCheck Fuel-08,ASTM D5191,fuel_astm-demo,FUE-RG-2,FUE-23-B,ok,fuel_astm-023-019,kPa,[],manual,synthetic demo duplicate retry cluster
demo-fuel_astm-vaporcheck-fuel-08-dvpe,62.11,2026-02-03T22:25:00Z,DVPE,Gasoline vapor QC,VaporCheck Fuel-08,ASTM D5191,fuel_astm-demo,FUE-RG-2,FUE-23-B,ok,fuel_astm-023-020,kPa,[],manual,synthetic demo duplicate retry cluster
demo-fuel_astm-vaporcheck-fuel-08-dvpe,62.22,2026-02-04T00:25:00Z,DVPE,Gasoline vapor QC,VaporCheck Fuel-08,ASTM D5191,fuel_astm-demo,FUE-RG-2,FUE-23-B,ok,fuel_astm-023-021,kPa,[],manual,synthetic demo duplicate retry cluster
demo-fuel_astm-vaporcheck-fuel-08-dvpe,62.11,2026-02-04T02:25:00Z,DVPE,Gasoline vapor QC,VaporCheck Fuel-08,ASTM D5191,fuel_astm-demo,FUE-RG-2,FUE-23-B,ok,fuel_astm-023-022,kPa,[],manual,synthetic demo duplicate retry cluster
demo-fuel_astm-vaporcheck-fuel-08-dvpe,62.0,2026-02-04T04:25:00Z,DVPE,Gasoline vapor QC,VaporCheck Fuel-08,ASTM D5191,fuel_astm-demo,FUE-RG-2,FUE-23-B,ok,fuel_astm-023-023,kPa,[],manual,synthetic demo duplicate retry cluster
demo-fuel_astm-vaporcheck-fuel-08-dvpe,62.11,2026-02-04T06:25:00Z,DVPE,Gasoline vapor QC,VaporCheck Fuel-08,ASTM D5191,fuel_astm-demo,FUE-RG-2,FUE-23-B,ok,fuel_astm-023-024,kPa,[],manual,synthetic demo duplicate retry cluster
demo-fuel_astm-vaporcheck-fuel-08-dvpe,62.0,2026-02-04T08:25:00Z,DVPE,Gasoline vapor QC,VaporCheck Fuel-08,ASTM D5191,fuel_astm-demo,FUE-RG-2,FUE-23-B,ok,fuel_astm-023-025,kPa,[],manual,synthetic demo duplicate retry cluster
demo-fuel_astm-vaporcheck-fuel-08-rvp,9.0,2026-02-02T08:00:00Z,RVP,Gasoline RVP QC,VaporCheck Fuel-08,ASTM D5191,fuel_astm-demo,FUE-RG-1,FUE-24-A,ok,fuel_astm-024-001,psi,[],manual,synthetic demo stable second-lot baseline
demo-fuel_astm-vaporcheck-fuel-08-rvp,9.02,2026-02-02T10:00:00Z,RVP,Gasoline RVP QC,VaporCheck Fuel-08,ASTM D5191,fuel_astm-demo,FUE-RG-1,FUE-24-A,ok,fuel_astm-024-002,psi,[],manual,synthetic demo stable second-lot baseline
demo-fuel_astm-vaporcheck-fuel-08-rvp,8.98,2026-02-02T12:00:00Z,RVP,Gasoline RVP QC,VaporCheck Fuel-08,ASTM D5191,fuel_astm-demo,FUE-RG-1,FUE-24-A,ok,fuel_astm-024-003,psi,[],manual,synthetic demo stable second-lot baseline
demo-fuel_astm-vaporcheck-fuel-08-rvp,9.04,2026-02-02T14:00:00Z,RVP,Gasoline RVP QC,VaporCheck Fuel-08,ASTM D5191,fuel_astm-demo,FUE-RG-1,FUE-24-A,ok,fuel_astm-024-004,psi,[],manual,synthetic demo stable second-lot baseline
demo-fuel_astm-vaporcheck-fuel-08-rvp,8.96,2026-02-02T16:00:00Z,RVP,Gasoline RVP QC,VaporCheck Fuel-08,ASTM D5191,fuel_astm-demo,FUE-RG-1,FUE-24-A,ok,fuel_astm-024-005,psi,[],manual,synthetic demo stable second-lot baseline
demo-fuel_astm-vaporcheck-fuel-08-rvp,9.02,2026-02-02T18:00:00Z,RVP,Gasoline RVP QC,VaporCheck Fuel-08,ASTM D5191,fuel_astm-demo,FUE-RG-1,FUE-24-A,ok,fuel_astm-024-006,psi,[],manual,synthetic demo stable second-lot baseline
demo-fuel_astm-vaporcheck-fuel-08-rvp,9.0,2026-02-02T20:00:00Z,RVP,Gasoline RVP QC,VaporCheck Fuel-08,ASTM D5191,fuel_astm-demo,FUE-RG-1,FUE-24-A,ok,fuel_astm-024-007,psi,[],manual,synthetic demo stable second-lot baseline
demo-fuel_astm-vaporcheck-fuel-08-rvp,8.98,2026-02-02T22:00:00Z,RVP,Gasoline RVP QC,VaporCheck Fuel-08,ASTM D5191,fuel_astm-demo,FUE-RG-1,FUE-24-A,ok,fuel_astm-024-008,psi,[],manual,synthetic demo stable second-lot baseline
demo-fuel_astm-vaporcheck-fuel-08-rvp,9.04,2026-02-03T00:00:00Z,RVP,Gasoline RVP QC,VaporCheck Fuel-08,ASTM D5191,fuel_astm-demo,FUE-RG-1,FUE-24-A,ok,fuel_astm-024-009,psi,[],manual,synthetic demo stable second-lot baseline
demo-fuel_astm-vaporcheck-fuel-08-rvp,9.02,2026-02-03T02:00:00Z,RVP,Gasoline RVP QC,VaporCheck Fuel-08,ASTM D5191,fuel_astm-demo,FUE-RG-1,FUE-24-A,ok,fuel_astm-024-010,psi,[],manual,synthetic demo stable second-lot baseline
demo-fuel_astm-vaporcheck-fuel-08-rvp,8.96,2026-02-03T04:00:00Z,RVP,Gasoline RVP QC,VaporCheck Fuel-08,ASTM D5191,fuel_astm-demo,FUE-RG-1,FUE-24-A,ok,fuel_astm-024-011,psi,[],manual,synthetic demo stable second-lot baseline
demo-fuel_astm-vaporcheck-fuel-08-rvp,9.0,2026-02-03T06:00:00Z,RVP,Gasoline RVP QC,VaporCheck Fuel-08,ASTM D5191,fuel_astm-demo,FUE-RG-1,FUE-24-A,ok,fuel_astm-024-012,psi,[],manual,synthetic demo stable second-lot baseline
demo-fuel_astm-vaporcheck-fuel-08-rvp,9.02,2026-02-03T08:00:00Z,RVP,Gasoline RVP QC,VaporCheck Fuel-08,ASTM D5191,fuel_astm-demo,FUE-RG-1,FUE-24-A,ok,fuel_astm-024-013,psi,[],manual,synthetic demo stable second-lot baseline
demo-fuel_astm-vaporcheck-fuel-08-rvp,8.98,2026-02-03T10:00:00Z,RVP,Gasoline RVP QC,VaporCheck Fuel-08,ASTM D5191,fuel_astm-demo,FUE-RG-1,FUE-24-A,ok,fuel_astm-024-014,psi,[],manual,synthetic demo stable second-lot baseline
demo-fuel_astm-vaporcheck-fuel-08-rvp,9.0,2026-02-03T12:00:00Z,RVP,Gasoline RVP QC,VaporCheck Fuel-08,ASTM D5191,fuel_astm-demo,FUE-RG-1,FUE-24-A,ok,fuel_astm-024-015,psi,[],manual,synthetic demo stable second-lot baseline
demo-fuel_astm-vaporcheck-fuel-08-rvp,9.04,2026-02-03T14:00:00Z,RVP,Gasoline RVP QC,VaporCheck Fuel-08,ASTM D5191,fuel_astm-demo,FUE-RG-2,FUE-24-B,ok,fuel_astm-024-016,psi,[],manual,synthetic demo stable second-lot baseline
demo-fuel_astm-vaporcheck-fuel-08-rvp,8.96,2026-02-03T16:00:00Z,RVP,Gasoline RVP QC,VaporCheck Fuel-08,ASTM D5191,fuel_astm-demo,FUE-RG-2,FUE-24-B,ok,fuel_astm-024-017,psi,[],manual,synthetic demo stable second-lot baseline
demo-fuel_astm-vaporcheck-fuel-08-rvp,9.02,2026-02-03T18:00:00Z,RVP,Gasoline RVP QC,VaporCheck Fuel-08,ASTM D5191,fuel_astm-demo,FUE-RG-2,FUE-24-B,ok,fuel_astm-024-018,psi,[],manual,synthetic demo stable second-lot baseline
demo-fuel_astm-vaporcheck-fuel-08-rvp,9.0,2026-02-03T20:00:00Z,RVP,Gasoline RVP QC,VaporCheck Fuel-08,ASTM D5191,fuel_astm-demo,FUE-RG-2,FUE-24-B,ok,fuel_astm-024-019,psi,[],manual,synthetic demo stable second-lot baseline
demo-fuel_astm-vaporcheck-fuel-08-rvp,8.98,2026-02-03T22:00:00Z,RVP,Gasoline RVP QC,VaporCheck Fuel-08,ASTM D5191,fuel_astm-demo,FUE-RG-2,FUE-24-B,ok,fuel_astm-024-020,psi,[],manual,synthetic demo stable second-lot baseline
demo-fuel_astm-vaporcheck-fuel-08-rvp,9.02,2026-02-04T00:00:00Z,RVP,Gasoline RVP QC,VaporCheck Fuel-08,ASTM D5191,fuel_astm-demo,FUE-RG-2,FUE-24-B,ok,fuel_astm-024-021,psi,[],manual,synthetic demo stable second-lot baseline
demo-fuel_astm-vaporcheck-fuel-08-rvp,9.0,2026-02-04T02:00:00Z,RVP,Gasoline RVP QC,VaporCheck Fuel-08,ASTM D5191,fuel_astm-demo,FUE-RG-2,FUE-24-B,ok,fuel_astm-024-022,psi,[],manual,synthetic demo stable second-lot baseline
demo-fuel_astm-vaporcheck-fuel-08-rvp,8.96,2026-02-04T04:00:00Z,RVP,Gasoline RVP QC,VaporCheck Fuel-08,ASTM D5191,fuel_astm-demo,FUE-RG-2,FUE-24-B,ok,fuel_astm-024-023,psi,[],manual,synthetic demo stable second-lot baseline
demo-fuel_astm-vaporcheck-fuel-08-rvp,9.04,2026-02-04T06:00:00Z,RVP,Gasoline RVP QC,VaporCheck Fuel-08,ASTM D5191,fuel_astm-demo,FUE-RG-2,FUE-24-B,ok,fuel_astm-024-024,psi,[],manual,synthetic demo stable second-lot baseline
demo-fuel_astm-vaporcheck-fuel-08-rvp,9.0,2026-02-04T08:00:00Z,RVP,Gasoline RVP QC,VaporCheck Fuel-08,ASTM D5191,fuel_astm-demo,FUE-RG-2,FUE-24-B,ok,fuel_astm-024-025,psi,[],manual,synthetic demo stable second-lot baseline
demo-fuel_astm-vaporcheck-fuel-08-vapor-liquid-ratio,20.0,2026-02-02T08:05:00Z,Vapor Liquid Ratio,V/L QC,VaporCheck Fuel-08,ASTM D5191,fuel_astm-demo,FUE-RG-1,FUE-25-A,ok,fuel_astm-025-001,ratio,[],manual,synthetic demo single high action outlier
demo-fuel_astm-vaporcheck-fuel-08-vapor-liquid-ratio,20.08,2026-02-02T10:05:00Z,Vapor Liquid Ratio,V/L QC,VaporCheck Fuel-08,ASTM D5191,fuel_astm-demo,FUE-RG-1,FUE-25-A,ok,fuel_astm-025-002,ratio,[],manual,synthetic demo single high action outlier
demo-fuel_astm-vaporcheck-fuel-08-vapor-liquid-ratio,19.92,2026-02-02T12:05:00Z,Vapor Liquid Ratio,V/L QC,VaporCheck Fuel-08,ASTM D5191,fuel_astm-demo,FUE-RG-1,FUE-25-A,ok,fuel_astm-025-003,ratio,[],manual,synthetic demo single high action outlier
demo-fuel_astm-vaporcheck-fuel-08-vapor-liquid-ratio,20.16,2026-02-02T14:05:00Z,Vapor Liquid Ratio,V/L QC,VaporCheck Fuel-08,ASTM D5191,fuel_astm-demo,FUE-RG-1,FUE-25-A,ok,fuel_astm-025-004,ratio,[],manual,synthetic demo single high action outlier
demo-fuel_astm-vaporcheck-fuel-08-vapor-liquid-ratio,20.0,2026-02-02T16:05:00Z,Vapor Liquid Ratio,V/L QC,VaporCheck Fuel-08,ASTM D5191,fuel_astm-demo,FUE-RG-1,FUE-25-A,ok,fuel_astm-025-005,ratio,[],manual,synthetic demo single high action outlier
demo-fuel_astm-vaporcheck-fuel-08-vapor-liquid-ratio,19.84,2026-02-02T18:05:00Z,Vapor Liquid Ratio,V/L QC,VaporCheck Fuel-08,ASTM D5191,fuel_astm-demo,FUE-RG-1,FUE-25-A,ok,fuel_astm-025-006,ratio,[],manual,synthetic demo single high action outlier
demo-fuel_astm-vaporcheck-fuel-08-vapor-liquid-ratio,20.08,2026-02-02T20:05:00Z,Vapor Liquid Ratio,V/L QC,VaporCheck Fuel-08,ASTM D5191,fuel_astm-demo,FUE-RG-1,FUE-25-A,ok,fuel_astm-025-007,ratio,[],manual,synthetic demo single high action outlier
demo-fuel_astm-vaporcheck-fuel-08-vapor-liquid-ratio,20.16,2026-02-02T22:05:00Z,Vapor Liquid Ratio,V/L QC,VaporCheck Fuel-08,ASTM D5191,fuel_astm-demo,FUE-RG-1,FUE-25-A,ok,fuel_astm-025-008,ratio,[],manual,synthetic demo single high action outlier
demo-fuel_astm-vaporcheck-fuel-08-vapor-liquid-ratio,22.72,2026-02-03T00:05:00Z,Vapor Liquid Ratio,V/L QC,VaporCheck Fuel-08,ASTM D5191,fuel_astm-demo,FUE-RG-1,FUE-25-A,ok,fuel_astm-025-009,ratio,[],manual,synthetic demo single high action outlier
demo-fuel_astm-vaporcheck-fuel-08-vapor-liquid-ratio,20.24,2026-02-03T02:05:00Z,Vapor Liquid Ratio,V/L QC,VaporCheck Fuel-08,ASTM D5191,fuel_astm-demo,FUE-RG-1,FUE-25-A,ok,fuel_astm-025-010,ratio,[],manual,synthetic demo single high action outlier
demo-fuel_astm-vaporcheck-fuel-08-vapor-liquid-ratio,20.0,2026-02-03T04:05:00Z,Vapor Liquid Ratio,V/L QC,VaporCheck Fuel-08,ASTM D5191,fuel_astm-demo,FUE-RG-1,FUE-25-A,ok,fuel_astm-025-011,ratio,[],manual,synthetic demo single high action outlier
demo-fuel_astm-vaporcheck-fuel-08-vapor-liquid-ratio,19.92,2026-02-03T06:05:00Z,Vapor Liquid Ratio,V/L QC,VaporCheck Fuel-08,ASTM D5191,fuel_astm-demo,FUE-RG-1,FUE-25-A,ok,fuel_astm-025-012,ratio,[],manual,synthetic demo single high action outlier
demo-fuel_astm-vaporcheck-fuel-08-vapor-liquid-ratio,20.08,2026-02-03T08:05:00Z,Vapor Liquid Ratio,V/L QC,VaporCheck Fuel-08,ASTM D5191,fuel_astm-demo,FUE-RG-1,FUE-25-A,ok,fuel_astm-025-013,ratio,[],manual,synthetic demo single high action outlier
demo-fuel_astm-vaporcheck-fuel-08-vapor-liquid-ratio,20.0,2026-02-03T10:05:00Z,Vapor Liquid Ratio,V/L QC,VaporCheck Fuel-08,ASTM D5191,fuel_astm-demo,FUE-RG-1,FUE-25-A,ok,fuel_astm-025-014,ratio,[],manual,synthetic demo single high action outlier
demo-fuel_astm-vaporcheck-fuel-08-vapor-liquid-ratio,19.84,2026-02-03T12:05:00Z,Vapor Liquid Ratio,V/L QC,VaporCheck Fuel-08,ASTM D5191,fuel_astm-demo,FUE-RG-1,FUE-25-A,ok,fuel_astm-025-015,ratio,[],manual,synthetic demo single high action outlier
demo-fuel_astm-vaporcheck-fuel-08-vapor-liquid-ratio,20.16,2026-02-03T14:05:00Z,Vapor Liquid Ratio,V/L QC,VaporCheck Fuel-08,ASTM D5191,fuel_astm-demo,FUE-RG-2,FUE-25-B,ok,fuel_astm-025-016,ratio,[],manual,synthetic demo single high action outlier
demo-fuel_astm-vaporcheck-fuel-08-vapor-liquid-ratio,20.08,2026-02-03T16:05:00Z,Vapor Liquid Ratio,V/L QC,VaporCheck Fuel-08,ASTM D5191,fuel_astm-demo,FUE-RG-2,FUE-25-B,ok,fuel_astm-025-017,ratio,[],manual,synthetic demo single high action outlier
demo-fuel_astm-vaporcheck-fuel-08-vapor-liquid-ratio,20.0,2026-02-03T18:05:00Z,Vapor Liquid Ratio,V/L QC,VaporCheck Fuel-08,ASTM D5191,fuel_astm-demo,FUE-RG-2,FUE-25-B,ok,fuel_astm-025-018,ratio,[],manual,synthetic demo single high action outlier
demo-fuel_astm-vaporcheck-fuel-08-vapor-liquid-ratio,19.92,2026-02-03T20:05:00Z,Vapor Liquid Ratio,V/L QC,VaporCheck Fuel-08,ASTM D5191,fuel_astm-demo,FUE-RG-2,FUE-25-B,ok,fuel_astm-025-019,ratio,[],manual,synthetic demo single high action outlier
demo-fuel_astm-vaporcheck-fuel-08-vapor-liquid-ratio,20.08,2026-02-03T22:05:00Z,Vapor Liquid Ratio,V/L QC,VaporCheck Fuel-08,ASTM D5191,fuel_astm-demo,FUE-RG-2,FUE-25-B,ok,fuel_astm-025-020,ratio,[],manual,synthetic demo single high action outlier
demo-fuel_astm-vaporcheck-fuel-08-vapor-liquid-ratio,20.0,2026-02-04T00:05:00Z,Vapor Liquid Ratio,V/L QC,VaporCheck Fuel-08,ASTM D5191,fuel_astm-demo,FUE-RG-2,FUE-25-B,ok,fuel_astm-025-021,ratio,[],manual,synthetic demo single high action outlier
demo-fuel_astm-vaporcheck-fuel-08-vapor-liquid-ratio,19.84,2026-02-04T02:05:00Z,Vapor Liquid Ratio,V/L QC,VaporCheck Fuel-08,ASTM D5191,fuel_astm-demo,FUE-RG-2,FUE-25-B,ok,fuel_astm-025-022,ratio,[],manual,synthetic demo single high action outlier
demo-fuel_astm-vaporcheck-fuel-08-vapor-liquid-ratio,20.08,2026-02-04T04:05:00Z,Vapor Liquid Ratio,V/L QC,VaporCheck Fuel-08,ASTM D5191,fuel_astm-demo,FUE-RG-2,FUE-25-B,ok,fuel_astm-025-023,ratio,[],manual,synthetic demo single high action outlier
demo-fuel_astm-vaporcheck-fuel-08-vapor-liquid-ratio,20.0,2026-02-04T06:05:00Z,Vapor Liquid Ratio,V/L QC,VaporCheck Fuel-08,ASTM D5191,fuel_astm-demo,FUE-RG-2,FUE-25-B,ok,fuel_astm-025-024,ratio,[],manual,synthetic demo single high action outlier
demo-fuel_astm-vaporcheck-fuel-08-vapor-liquid-ratio,20.16,2026-02-04T08:05:00Z,Vapor Liquid Ratio,V/L QC,VaporCheck Fuel-08,ASTM D5191,fuel_astm-demo,FUE-RG-2,FUE-25-B,ok,fuel_astm-025-025,ratio,[],manual,synthetic demo single high action outlier
