stream_id,result_value,timestamp,analyte,qc_level,instrument_id,method_id,operator_id,reagent_lot,control_material_lot,calibration_status,run_id,units,flags,entry_source,comments
demo-medical_clinical-chemmax-c8000-glucose,96.0,2026-02-09T08:05:00Z,Glucose,Chem L1,ChemMax C8000,Clinical Chemistry,medical_clinical-demo,MED-RG-1,MED-01-A,ok,medical_clinical-001-001,mg/dL,[],manual,synthetic demo single high action outlier
demo-medical_clinical-chemmax-c8000-glucose,96.2,2026-02-09T10:05:00Z,Glucose,Chem L1,ChemMax C8000,Clinical Chemistry,medical_clinical-demo,MED-RG-1,MED-01-A,ok,medical_clinical-001-002,mg/dL,[],manual,synthetic demo single high action outlier
demo-medical_clinical-chemmax-c8000-glucose,95.8,2026-02-09T12:05:00Z,Glucose,Chem L1,ChemMax C8000,Clinical Chemistry,medical_clinical-demo,MED-RG-1,MED-01-A,ok,medical_clinical-001-003,mg/dL,[],manual,synthetic demo single high action outlier
demo-medical_clinical-chemmax-c8000-glucose,96.4,2026-02-09T14:05:00Z,Glucose,Chem L1,ChemMax C8000,Clinical Chemistry,medical_clinical-demo,MED-RG-1,MED-01-A,ok,medical_clinical-001-004,mg/dL,[],manual,synthetic demo single high action outlier
demo-medical_clinical-chemmax-c8000-glucose,96.0,2026-02-09T16:05:00Z,Glucose,Chem L1,ChemMax C8000,Clinical Chemistry,medical_clinical-demo,MED-RG-1,MED-01-A,ok,medical_clinical-001-005,mg/dL,[],manual,synthetic demo single high action outlier
demo-medical_clinical-chemmax-c8000-glucose,95.6,2026-02-09T18:05:00Z,Glucose,Chem L1,ChemMax C8000,Clinical Chemistry,medical_clinical-demo,MED-RG-1,MED-01-A,ok,medical_clinical-001-006,mg/dL,[],manual,synthetic demo single high action outlier
demo-medical_clinical-chemmax-c8000-glucose,96.2,2026-02-09T20:05:00Z,Glucose,Chem L1,ChemMax C8000,Clinical Chemistry,medical_clinical-demo,MED-RG-1,MED-01-A,ok,medical_clinical-001-007,mg/dL,[],manual,synthetic demo single high action outlier
demo-medical_clinical-chemmax-c8000-glucose,96.4,2026-02-09T22:05:00Z,Glucose,Chem L1,ChemMax C8000,Clinical Chemistry,medical_clinical-demo,MED-RG-1,MED-01-A,ok,medical_clinical-001-008,mg/dL,[],manual,synthetic demo single high action outlier
demo-medical_clinical-chemmax-c8000-glucose,102.8,2026-02-10T00:05:00Z,Glucose,Chem L1,ChemMax C8000,Clinical Chemistry,medical_clinical-demo,MED-RG-1,MED-01-A,ok,medical_clinical-001-009,mg/dL,[],manual,synthetic demo single high action outlier
demo-medical_clinical-chemmax-c8000-glucose,96.6,2026-02-10T02:05:00Z,Glucose,Chem L1,ChemMax C8000,Clinical Chemistry,medical_clinical-demo,MED-RG-1,MED-01-A,ok,medical_clinical-001-010,mg/dL,[],manual,synthetic demo single high action outlier
demo-medical_clinical-chemmax-c8000-glucose,96.0,2026-02-10T04:05:00Z,Glucose,Chem L1,ChemMax C8000,Clinical Chemistry,medical_clinical-demo,MED-RG-1,MED-01-A,ok,medical_clinical-001-011,mg/dL,[],manual,synthetic demo single high action outlier
demo-medical_clinical-chemmax-c8000-glucose,95.8,2026-02-10T06:05:00Z,Glucose,Chem L1,ChemMax C8000,Clinical Chemistry,medical_clinical-demo,MED-RG-1,MED-01-A,ok,medical_clinical-001-012,mg/dL,[],manual,synthetic demo single high action outlier
demo-medical_clinical-chemmax-c8000-glucose,96.2,2026-02-10T08:05:00Z,Glucose,Chem L1,ChemMax C8000,Clinical Chemistry,medical_clinical-demo,MED-RG-1,MED-01-A,ok,medical_clinical-001-013,mg/dL,[],manual,synthetic demo single high action outlier
demo-medical_clinical-chemmax-c8000-glucose,96.0,2026-02-10T10:05:00Z,Glucose,Chem L1,ChemMax C8000,Clinical Chemistry,medical_clinical-demo,MED-RG-1,MED-01-A,ok,medical_clinical-001-014,mg/dL,[],manual,synthetic demo single high action outlier
demo-medical_clinical-chemmax-c8000-glucose,95.6,2026-02-10T12:05:00Z,Glucose,Chem L1,ChemMax C8000,Clinical Chemistry,medical_clinical-demo,MED-RG-1,MED-01-A,ok,medical_clinical-001-015,mg/dL,[],manual,synthetic demo single high action outlier
demo-medical_clinical-chemmax-c8000-glucose,96.4,2026-02-10T14:05:00Z,Glucose,Chem L1,ChemMax C8000,Clinical Chemistry,medical_clinical-demo,MED-RG-2,MED-01-B,ok,medical_clinical-001-016,mg/dL,[],manual,synthetic demo single high action outlier
demo-medical_clinical-chemmax-c8000-glucose,96.2,2026-02-10T16:05:00Z,Glucose,Chem L1,ChemMax C8000,Clinical Chemistry,medical_clinical-demo,MED-RG-2,MED-01-B,ok,medical_clinical-001-017,mg/dL,[],manual,synthetic demo single high action outlier
demo-medical_clinical-chemmax-c8000-glucose,96.0,2026-02-10T18:05:00Z,Glucose,Chem L1,ChemMax C8000,Clinical Chemistry,medical_clinical-demo,MED-RG-2,MED-01-B,ok,medical_clinical-001-018,mg/dL,[],manual,synthetic demo single high action outlier
demo-medical_clinical-chemmax-c8000-glucose,95.8,2026-02-10T20:05:00Z,Glucose,Chem L1,ChemMax C8000,Clinical Chemistry,medical_clinical-demo,MED-RG-2,MED-01-B,ok,medical_clinical-001-019,mg/dL,[],manual,synthetic demo single high action outlier
demo-medical_clinical-chemmax-c8000-glucose,96.2,2026-02-10T22:05:00Z,Glucose,Chem L1,ChemMax C8000,Clinical Chemistry,medical_clinical-demo,MED-RG-2,MED-01-B,ok,medical_clinical-001-020,mg/dL,[],manual,synthetic demo single high action outlier
demo-medical_clinical-chemmax-c8000-glucose,96.0,2026-02-11T00:05:00Z,Glucose,Chem L1,ChemMax C8000,Clinical Chemistry,medical_clinical-demo,MED-RG-2,MED-01-B,ok,medical_clinical-001-021,mg/dL,[],manual,synthetic demo single high action outlier
demo-medical_clinical-chemmax-c8000-glucose,95.6,2026-02-11T02:05:00Z,Glucose,Chem L1,ChemMax C8000,Clinical Chemistry,medical_clinical-demo,MED-RG-2,MED-01-B,ok,medical_clinical-001-022,mg/dL,[],manual,synthetic demo single high action outlier
demo-medical_clinical-chemmax-c8000-glucose,96.2,2026-02-11T04:05:00Z,Glucose,Chem L1,ChemMax C8000,Clinical Chemistry,medical_clinical-demo,MED-RG-2,MED-01-B,ok,medical_clinical-001-023,mg/dL,[],manual,synthetic demo single high action outlier
demo-medical_clinical-chemmax-c8000-glucose,96.0,2026-02-11T06:05:00Z,Glucose,Chem L1,ChemMax C8000,Clinical Chemistry,medical_clinical-demo,MED-RG-2,MED-01-B,ok,medical_clinical-001-024,mg/dL,[],manual,synthetic demo single high action outlier
demo-medical_clinical-chemmax-c8000-glucose,96.4,2026-02-11T08:05:00Z,Glucose,Chem L1,ChemMax C8000,Clinical Chemistry,medical_clinical-demo,MED-RG-2,MED-01-B,ok,medical_clinical-001-025,mg/dL,[],manual,synthetic demo single high action outlier
demo-medical_clinical-chemmax-c8000-creatinine,1.1,2026-02-09T08:10:00Z,Creatinine,Chem L1,ChemMax C8000,Clinical Chemistry,medical_clinical-demo,MED-RG-1,MED-02-A,ok,medical_clinical-002-001,mg/dL,[],manual,synthetic demo stable baseline
demo-medical_clinical-chemmax-c8000-creatinine,1.104,2026-02-09T10:10:00Z,Creatinine,Chem L1,ChemMax C8000,Clinical Chemistry,medical_clinical-demo,MED-RG-1,MED-02-A,ok,medical_clinical-002-002,mg/dL,[],manual,synthetic demo stable baseline
demo-medical_clinical-chemmax-c8000-creatinine,1.096,2026-02-09T12:10:00Z,Creatinine,Chem L1,ChemMax C8000,Clinical Chemistry,medical_clinical-demo,MED-RG-1,MED-02-A,ok,medical_clinical-002-003,mg/dL,[],manual,synthetic demo stable baseline
demo-medical_clinical-chemmax-c8000-creatinine,1.108,2026-02-09T14:10:00Z,Creatinine,Chem L1,ChemMax C8000,Clinical Chemistry,medical_clinical-demo,MED-RG-1,MED-02-A,ok,medical_clinical-002-004,mg/dL,[],manual,synthetic demo stable baseline
demo-medical_clinical-chemmax-c8000-creatinine,1.092,2026-02-09T16:10:00Z,Creatinine,Chem L1,ChemMax C8000,Clinical Chemistry,medical_clinical-demo,MED-RG-1,MED-02-A,ok,medical_clinical-002-005,mg/dL,[],manual,synthetic demo stable baseline
demo-medical_clinical-chemmax-c8000-creatinine,1.104,2026-02-09T18:10:00Z,Creatinine,Chem L1,ChemMax C8000,Clinical Chemistry,medical_clinical-demo,MED-RG-1,MED-02-A,ok,medical_clinical-002-006,mg/dL,[],manual,synthetic demo stable baseline
demo-medical_clinical-chemmax-c8000-creatinine,1.1,2026-02-09T20:10:00Z,Creatinine,Chem L1,ChemMax C8000,Clinical Chemistry,medical_clinical-demo,MED-RG-1,MED-02-A,ok,medical_clinical-002-007,mg/dL,[],manual,synthetic demo stable baseline
demo-medical_clinical-chemmax-c8000-creatinine,1.096,2026-02-09T22:10:00Z,Creatinine,Chem L1,ChemMax C8000,Clinical Chemistry,medical_clinical-demo,MED-RG-1,MED-02-A,ok,medical_clinical-002-008,mg/dL,[],manual,synthetic demo stable baseline
demo-medical_clinical-chemmax-c8000-creatinine,1.108,2026-02-10T00:10:00Z,Creatinine,Chem L1,ChemMax C8000,Clinical Chemistry,medical_clinical-demo,MED-RG-1,MED-02-A,ok,medical_clinical-002-009,mg/dL,[],manual,synthetic demo stable baseline
demo-medical_clinical-chemmax-c8000-creatinine,1.104,2026-02-10T02:10:00Z,Creatinine,Chem L1,ChemMax C8000,Clinical Chemistry,medical_clinical-demo,MED-RG-1,MED-02-A,ok,medical_clinical-002-010,mg/dL,[],manual,synthetic demo stable baseline
demo-medical_clinical-chemmax-c8000-creatinine,1.092,2026-02-10T04:10:00Z,Creatinine,Chem L1,ChemMax C8000,Clinical Chemistry,medical_clinical-demo,MED-RG-1,MED-02-A,ok,medical_clinical-002-011,mg/dL,[],manual,synthetic demo stable baseline
demo-medical_clinical-chemmax-c8000-creatinine,1.1,2026-02-10T06:10:00Z,Creatinine,Chem L1,ChemMax C8000,Clinical Chemistry,medical_clinical-demo,MED-RG-1,MED-02-A,ok,medical_clinical-002-012,mg/dL,[],manual,synthetic demo stable baseline
demo-medical_clinical-chemmax-c8000-creatinine,1.104,2026-02-10T08:10:00Z,Creatinine,Chem L1,ChemMax C8000,Clinical Chemistry,medical_clinical-demo,MED-RG-1,MED-02-A,ok,medical_clinical-002-013,mg/dL,[],manual,synthetic demo stable baseline
demo-medical_clinical-chemmax-c8000-creatinine,1.096,2026-02-10T10:10:00Z,Creatinine,Chem L1,ChemMax C8000,Clinical Chemistry,medical_clinical-demo,MED-RG-1,MED-02-A,ok,medical_clinical-002-014,mg/dL,[],manual,synthetic demo stable baseline
demo-medical_clinical-chemmax-c8000-creatinine,1.1,2026-02-10T12:10:00Z,Creatinine,Chem L1,ChemMax C8000,Clinical Chemistry,medical_clinical-demo,MED-RG-1,MED-02-A,ok,medical_clinical-002-015,mg/dL,[],manual,synthetic demo stable baseline
demo-medical_clinical-chemmax-c8000-creatinine,1.108,2026-02-10T14:10:00Z,Creatinine,Chem L1,ChemMax C8000,Clinical Chemistry,medical_clinical-demo,MED-RG-2,MED-02-B,ok,medical_clinical-002-016,mg/dL,[],manual,synthetic demo stable baseline
demo-medical_clinical-chemmax-c8000-creatinine,1.092,2026-02-10T16:10:00Z,Creatinine,Chem L1,ChemMax C8000,Clinical Chemistry,medical_clinical-demo,MED-RG-2,MED-02-B,ok,medical_clinical-002-017,mg/dL,[],manual,synthetic demo stable baseline
demo-medical_clinical-chemmax-c8000-creatinine,1.104,2026-02-10T18:10:00Z,Creatinine,Chem L1,ChemMax C8000,Clinical Chemistry,medical_clinical-demo,MED-RG-2,MED-02-B,ok,medical_clinical-002-018,mg/dL,[],manual,synthetic demo stable baseline
demo-medical_clinical-chemmax-c8000-creatinine,1.1,2026-02-10T20:10:00Z,Creatinine,Chem L1,ChemMax C8000,Clinical Chemistry,medical_clinical-demo,MED-RG-2,MED-02-B,ok,medical_clinical-002-019,mg/dL,[],manual,synthetic demo stable baseline
demo-medical_clinical-chemmax-c8000-creatinine,1.096,2026-02-10T22:10:00Z,Creatinine,Chem L1,ChemMax C8000,Clinical Chemistry,medical_clinical-demo,MED-RG-2,MED-02-B,ok,medical_clinical-002-020,mg/dL,[],manual,synthetic demo stable baseline
demo-medical_clinical-chemmax-c8000-creatinine,1.104,2026-02-11T00:10:00Z,Creatinine,Chem L1,ChemMax C8000,Clinical Chemistry,medical_clinical-demo,MED-RG-2,MED-02-B,ok,medical_clinical-002-021,mg/dL,[],manual,synthetic demo stable baseline
demo-medical_clinical-chemmax-c8000-creatinine,1.1,2026-02-11T02:10:00Z,Creatinine,Chem L1,ChemMax C8000,Clinical Chemistry,medical_clinical-demo,MED-RG-2,MED-02-B,ok,medical_clinical-002-022,mg/dL,[],manual,synthetic demo stable baseline
demo-medical_clinical-chemmax-c8000-creatinine,1.092,2026-02-11T04:10:00Z,Creatinine,Chem L1,ChemMax C8000,Clinical Chemistry,medical_clinical-demo,MED-RG-2,MED-02-B,ok,medical_clinical-002-023,mg/dL,[],manual,synthetic demo stable baseline
demo-medical_clinical-chemmax-c8000-creatinine,1.108,2026-02-11T06:10:00Z,Creatinine,Chem L1,ChemMax C8000,Clinical Chemistry,medical_clinical-demo,MED-RG-2,MED-02-B,ok,medical_clinical-002-024,mg/dL,[],manual,synthetic demo stable baseline
demo-medical_clinical-chemmax-c8000-creatinine,1.1,2026-02-11T08:10:00Z,Creatinine,Chem L1,ChemMax C8000,Clinical Chemistry,medical_clinical-demo,MED-RG-2,MED-02-B,ok,medical_clinical-002-025,mg/dL,[],manual,synthetic demo stable baseline
demo-medical_clinical-chemmax-c8000-sodium,140.0,2026-02-09T08:15:00Z,Sodium,Chem L2,ChemMax C8000,Clinical Chemistry,medical_clinical-demo,MED-RG-1,MED-03-A,ok,medical_clinical-003-001,mmol/L,[],manual,synthetic demo high scatter with low Bayesian confidence
demo-medical_clinical-chemmax-c8000-sodium,141.4,2026-02-09T10:15:00Z,Sodium,Chem L2,ChemMax C8000,Clinical Chemistry,medical_clinical-demo,MED-RG-1,MED-03-A,ok,medical_clinical-003-002,mmol/L,[],manual,synthetic demo high scatter with low Bayesian confidence
demo-medical_clinical-chemmax-c8000-sodium,138.7,2026-02-09T12:15:00Z,Sodium,Chem L2,ChemMax C8000,Clinical Chemistry,medical_clinical-demo,MED-RG-1,MED-03-A,ok,medical_clinical-003-003,mmol/L,[],manual,synthetic demo high scatter with low Bayesian confidence
demo-medical_clinical-chemmax-c8000-sodium,141.5,2026-02-09T14:15:00Z,Sodium,Chem L2,ChemMax C8000,Clinical Chemistry,medical_clinical-demo,MED-RG-1,MED-03-A,ok,medical_clinical-003-004,mmol/L,[],manual,synthetic demo high scatter with low Bayesian confidence
demo-medical_clinical-chemmax-c8000-sodium,138.6,2026-02-09T16:15:00Z,Sodium,Chem L2,ChemMax C8000,Clinical Chemistry,medical_clinical-demo,MED-RG-1,MED-03-A,ok,medical_clinical-003-005,mmol/L,[],manual,synthetic demo high scatter with low Bayesian confidence
demo-medical_clinical-chemmax-c8000-sodium,141.6,2026-02-09T18:15:00Z,Sodium,Chem L2,ChemMax C8000,Clinical Chemistry,medical_clinical-demo,MED-RG-1,MED-03-A,ok,medical_clinical-003-006,mmol/L,[],manual,synthetic demo high scatter with low Bayesian confidence
demo-medical_clinical-chemmax-c8000-sodium,138.5,2026-02-09T20:15:00Z,Sodium,Chem L2,ChemMax C8000,Clinical Chemistry,medical_clinical-demo,MED-RG-1,MED-03-A,ok,medical_clinical-003-007,mmol/L,[],manual,synthetic demo high scatter with low Bayesian confidence
demo-medical_clinical-chemmax-c8000-sodium,141.7,2026-02-09T22:15:00Z,Sodium,Chem L2,ChemMax C8000,Clinical Chemistry,medical_clinical-demo,MED-RG-1,MED-03-A,ok,medical_clinical-003-008,mmol/L,[],manual,synthetic demo high scatter with low Bayesian confidence
demo-medical_clinical-chemmax-c8000-sodium,138.4,2026-02-10T00:15:00Z,Sodium,Chem L2,ChemMax C8000,Clinical Chemistry,medical_clinical-demo,MED-RG-1,MED-03-A,ok,medical_clinical-003-009,mmol/L,[],manual,synthetic demo high scatter with low Bayesian confidence
demo-medical_clinical-chemmax-c8000-sodium,141.8,2026-02-10T02:15:00Z,Sodium,Chem L2,ChemMax C8000,Clinical Chemistry,medical_clinical-demo,MED-RG-1,MED-03-A,ok,medical_clinical-003-010,mmol/L,[],manual,synthetic demo high scatter with low Bayesian confidence
demo-medical_clinical-chemmax-c8000-sodium,138.3,2026-02-10T04:15:00Z,Sodium,Chem L2,ChemMax C8000,Clinical Chemistry,medical_clinical-demo,MED-RG-1,MED-03-A,ok,medical_clinical-003-011,mmol/L,[],manual,synthetic demo high scatter with low Bayesian confidence
demo-medical_clinical-chemmax-c8000-sodium,141.9,2026-02-10T06:15:00Z,Sodium,Chem L2,ChemMax C8000,Clinical Chemistry,medical_clinical-demo,MED-RG-1,MED-03-A,ok,medical_clinical-003-012,mmol/L,[],manual,synthetic demo high scatter with low Bayesian confidence
demo-medical_clinical-chemmax-c8000-sodium,138.2,2026-02-10T08:15:00Z,Sodium,Chem L2,ChemMax C8000,Clinical Chemistry,medical_clinical-demo,MED-RG-1,MED-03-A,ok,medical_clinical-003-013,mmol/L,[],manual,synthetic demo high scatter with low Bayesian confidence
demo-medical_clinical-chemmax-c8000-sodium,141.7,2026-02-10T10:15:00Z,Sodium,Chem L2,ChemMax C8000,Clinical Chemistry,medical_clinical-demo,MED-RG-1,MED-03-A,ok,medical_clinical-003-014,mmol/L,[],manual,synthetic demo high scatter with low Bayesian confidence
demo-medical_clinical-chemmax-c8000-sodium,138.4,2026-02-10T12:15:00Z,Sodium,Chem L2,ChemMax C8000,Clinical Chemistry,medical_clinical-demo,MED-RG-1,MED-03-A,ok,medical_clinical-003-015,mmol/L,[],manual,synthetic demo high scatter with low Bayesian confidence
demo-medical_clinical-chemmax-c8000-sodium,141.8,2026-02-10T14:15:00Z,Sodium,Chem L2,ChemMax C8000,Clinical Chemistry,medical_clinical-demo,MED-RG-2,MED-03-B,ok,medical_clinical-003-016,mmol/L,[],manual,synthetic demo high scatter with low Bayesian confidence
demo-medical_clinical-chemmax-c8000-sodium,138.3,2026-02-10T16:15:00Z,Sodium,Chem L2,ChemMax C8000,Clinical Chemistry,medical_clinical-demo,MED-RG-2,MED-03-B,ok,medical_clinical-003-017,mmol/L,[],manual,synthetic demo high scatter with low Bayesian confidence
demo-medical_clinical-chemmax-c8000-sodium,141.6,2026-02-10T18:15:00Z,Sodium,Chem L2,ChemMax C8000,Clinical Chemistry,medical_clinical-demo,MED-RG-2,MED-03-B,ok,medical_clinical-003-018,mmol/L,[],manual,synthetic demo high scatter with low Bayesian confidence
demo-medical_clinical-chemmax-c8000-sodium,138.5,2026-02-10T20:15:00Z,Sodium,Chem L2,ChemMax C8000,Clinical Chemistry,medical_clinical-demo,MED-RG-2,MED-03-B,ok,medical_clinical-003-019,mmol/L,[],manual,synthetic demo high scatter with low Bayesian confidence
demo-medical_clinical-chemmax-c8000-sodium,141.4,2026-02-10T22:15:00Z,Sodium,Chem L2,ChemMax C8000,Clinical Chemistry,medical_clinical-demo,MED-RG-2,MED-03-B,ok,medical_clinical-003-020,mmol/L,[],manual,synthetic demo high scatter with low Bayesian confidence
demo-medical_clinical-chemmax-c8000-sodium,138.7,2026-02-11T00:15:00Z,Sodium,Chem L2,ChemMax C8000,Clinical Chemistry,medical_clinical-demo,MED-RG-2,MED-03-B,ok,medical_clinical-003-021,mmol/L,[],manual,synthetic demo high scatter with low Bayesian confidence
demo-medical_clinical-chemmax-c8000-sodium,141.2,2026-02-11T02:15:00Z,Sodium,Chem L2,ChemMax C8000,Clinical Chemistry,medical_clinical-demo,MED-RG-2,MED-03-B,ok,medical_clinical-003-022,mmol/L,[],manual,synthetic demo high scatter with low Bayesian confidence
demo-medical_clinical-chemmax-c8000-sodium,138.9,2026-02-11T04:15:00Z,Sodium,Chem L2,ChemMax C8000,Clinical Chemistry,medical_clinical-demo,MED-RG-2,MED-03-B,ok,medical_clinical-003-023,mmol/L,[],manual,synthetic demo high scatter with low Bayesian confidence
demo-medical_clinical-chemmax-c8000-sodium,140.8,2026-02-11T06:15:00Z,Sodium,Chem L2,ChemMax C8000,Clinical Chemistry,medical_clinical-demo,MED-RG-2,MED-03-B,ok,medical_clinical-003-024,mmol/L,[],manual,synthetic demo high scatter with low Bayesian confidence
demo-medical_clinical-chemmax-c8000-sodium,139.3,2026-02-11T08:15:00Z,Sodium,Chem L2,ChemMax C8000,Clinical Chemistry,medical_clinical-demo,MED-RG-2,MED-03-B,ok,medical_clinical-003-025,mmol/L,[],manual,synthetic demo high scatter with low Bayesian confidence
demo-medical_clinical-chemmax-c8000-potassium,4.2,2026-02-09T08:20:00Z,Potassium,Chem L2,ChemMax C8000,Clinical Chemistry,medical_clinical-demo,MED-RG-1,MED-04-A,ok,medical_clinical-004-001,mmol/L,[],manual,synthetic demo upward step after lot change
demo-medical_clinical-chemmax-c8000-potassium,4.208,2026-02-09T10:20:00Z,Potassium,Chem L2,ChemMax C8000,Clinical Chemistry,medical_clinical-demo,MED-RG-1,MED-04-A,ok,medical_clinical-004-002,mmol/L,[],manual,synthetic demo upward step after lot change
demo-medical_clinical-chemmax-c8000-potassium,4.192,2026-02-09T12:20:00Z,Potassium,Chem L2,ChemMax C8000,Clinical Chemistry,medical_clinical-demo,MED-RG-1,MED-04-A,ok,medical_clinical-004-003,mmol/L,[],manual,synthetic demo upward step after lot change
demo-medical_clinical-chemmax-c8000-potassium,4.2,2026-02-09T14:20:00Z,Potassium,Chem L2,ChemMax C8000,Clinical Chemistry,medical_clinical-demo,MED-RG-1,MED-04-A,ok,medical_clinical-004-004,mmol/L,[],manual,synthetic demo upward step after lot change
demo-medical_clinical-chemmax-c8000-potassium,4.216,2026-02-09T16:20:00Z,Potassium,Chem L2,ChemMax C8000,Clinical Chemistry,medical_clinical-demo,MED-RG-1,MED-04-A,ok,medical_clinical-004-005,mmol/L,[],manual,synthetic demo upward step after lot change
demo-medical_clinical-chemmax-c8000-potassium,4.208,2026-02-09T18:20:00Z,Potassium,Chem L2,ChemMax C8000,Clinical Chemistry,medical_clinical-demo,MED-RG-1,MED-04-A,ok,medical_clinical-004-006,mmol/L,[],manual,synthetic demo upward step after lot change
demo-medical_clinical-chemmax-c8000-potassium,4.192,2026-02-09T20:20:00Z,Potassium,Chem L2,ChemMax C8000,Clinical Chemistry,medical_clinical-demo,MED-RG-1,MED-04-A,ok,medical_clinical-004-007,mmol/L,[],manual,synthetic demo upward step after lot change
demo-medical_clinical-chemmax-c8000-potassium,4.2,2026-02-09T22:20:00Z,Potassium,Chem L2,ChemMax C8000,Clinical Chemistry,medical_clinical-demo,MED-RG-1,MED-04-A,ok,medical_clinical-004-008,mmol/L,[],manual,synthetic demo upward step after lot change
demo-medical_clinical-chemmax-c8000-potassium,4.208,2026-02-10T00:20:00Z,Potassium,Chem L2,ChemMax C8000,Clinical Chemistry,medical_clinical-demo,MED-RG-1,MED-04-A,ok,medical_clinical-004-009,mmol/L,[],manual,synthetic demo upward step after lot change
demo-medical_clinical-chemmax-c8000-potassium,4.192,2026-02-10T02:20:00Z,Potassium,Chem L2,ChemMax C8000,Clinical Chemistry,medical_clinical-demo,MED-RG-1,MED-04-A,ok,medical_clinical-004-010,mmol/L,[],manual,synthetic demo upward step after lot change
demo-medical_clinical-chemmax-c8000-potassium,4.2,2026-02-10T04:20:00Z,Potassium,Chem L2,ChemMax C8000,Clinical Chemistry,medical_clinical-demo,MED-RG-1,MED-04-A,ok,medical_clinical-004-011,mmol/L,[],manual,synthetic demo upward step after lot change
demo-medical_clinical-chemmax-c8000-potassium,4.216,2026-02-10T06:20:00Z,Potassium,Chem L2,ChemMax C8000,Clinical Chemistry,medical_clinical-demo,MED-RG-1,MED-04-A,ok,medical_clinical-004-012,mmol/L,[],manual,synthetic demo upward step after lot change
demo-medical_clinical-chemmax-c8000-potassium,4.208,2026-02-10T08:20:00Z,Potassium,Chem L2,ChemMax C8000,Clinical Chemistry,medical_clinical-demo,MED-RG-1,MED-04-A,ok,medical_clinical-004-013,mmol/L,[],manual,synthetic demo upward step after lot change
demo-medical_clinical-chemmax-c8000-potassium,4.2,2026-02-10T10:20:00Z,Potassium,Chem L2,ChemMax C8000,Clinical Chemistry,medical_clinical-demo,MED-RG-1,MED-04-A,ok,medical_clinical-004-014,mmol/L,[],manual,synthetic demo upward step after lot change
demo-medical_clinical-chemmax-c8000-potassium,4.192,2026-02-10T12:20:00Z,Potassium,Chem L2,ChemMax C8000,Clinical Chemistry,medical_clinical-demo,MED-RG-1,MED-04-A,ok,medical_clinical-004-015,mmol/L,[],manual,synthetic demo upward step after lot change
demo-medical_clinical-chemmax-c8000-potassium,4.296,2026-02-10T14:20:00Z,Potassium,Chem L2,ChemMax C8000,Clinical Chemistry,medical_clinical-demo,MED-RG-2,MED-04-B,ok,medical_clinical-004-016,mmol/L,[],manual,synthetic demo upward step after lot change
demo-medical_clinical-chemmax-c8000-potassium,4.312,2026-02-10T16:20:00Z,Potassium,Chem L2,ChemMax C8000,Clinical Chemistry,medical_clinical-demo,MED-RG-2,MED-04-B,ok,medical_clinical-004-017,mmol/L,[],manual,synthetic demo upward step after lot change
demo-medical_clinical-chemmax-c8000-potassium,4.32,2026-02-10T18:20:00Z,Potassium,Chem L2,ChemMax C8000,Clinical Chemistry,medical_clinical-demo,MED-RG-2,MED-04-B,ok,medical_clinical-004-018,mmol/L,[],manual,synthetic demo upward step after lot change
demo-medical_clinical-chemmax-c8000-potassium,4.312,2026-02-10T20:20:00Z,Potassium,Chem L2,ChemMax C8000,Clinical Chemistry,medical_clinical-demo,MED-RG-2,MED-04-B,ok,medical_clinical-004-019,mmol/L,[],manual,synthetic demo upward step after lot change
demo-medical_clinical-chemmax-c8000-potassium,4.328,2026-02-10T22:20:00Z,Potassium,Chem L2,ChemMax C8000,Clinical Chemistry,medical_clinical-demo,MED-RG-2,MED-04-B,ok,medical_clinical-004-020,mmol/L,[],manual,synthetic demo upward step after lot change
demo-medical_clinical-chemmax-c8000-potassium,4.32,2026-02-11T00:20:00Z,Potassium,Chem L2,ChemMax C8000,Clinical Chemistry,medical_clinical-demo,MED-RG-2,MED-04-B,ok,medical_clinical-004-021,mmol/L,[],manual,synthetic demo upward step after lot change
demo-medical_clinical-chemmax-c8000-potassium,4.312,2026-02-11T02:20:00Z,Potassium,Chem L2,ChemMax C8000,Clinical Chemistry,medical_clinical-demo,MED-RG-2,MED-04-B,ok,medical_clinical-004-022,mmol/L,[],manual,synthetic demo upward step after lot change
demo-medical_clinical-chemmax-c8000-potassium,4.328,2026-02-11T04:20:00Z,Potassium,Chem L2,ChemMax C8000,Clinical Chemistry,medical_clinical-demo,MED-RG-2,MED-04-B,ok,medical_clinical-004-023,mmol/L,[],manual,synthetic demo upward step after lot change
demo-medical_clinical-chemmax-c8000-potassium,4.32,2026-02-11T06:20:00Z,Potassium,Chem L2,ChemMax C8000,Clinical Chemistry,medical_clinical-demo,MED-RG-2,MED-04-B,ok,medical_clinical-004-024,mmol/L,[],manual,synthetic demo upward step after lot change
demo-medical_clinical-chemmax-c8000-potassium,4.312,2026-02-11T08:20:00Z,Potassium,Chem L2,ChemMax C8000,Clinical Chemistry,medical_clinical-demo,MED-RG-2,MED-04-B,ok,medical_clinical-004-025,mmol/L,[],manual,synthetic demo upward step after lot change
demo-medical_clinical-a1ctrack-h900-hba1c-low,5.4,2026-02-09T08:25:00Z,HbA1c Low,A1c L1,A1cTrack H900,HbA1c HPLC,medical_clinical-demo,MED-RG-1,MED-05-A,ok,medical_clinical-005-001,%,[],manual,synthetic demo slow high drift
demo-medical_clinical-a1ctrack-h900-hba1c-low,5.408,2026-02-09T10:25:00Z,HbA1c Low,A1c L1,A1cTrack H900,HbA1c HPLC,medical_clinical-demo,MED-RG-1,MED-05-A,ok,medical_clinical-005-002,%,[],manual,synthetic demo slow high drift
demo-medical_clinical-a1ctrack-h900-hba1c-low,5.424,2026-02-09T12:25:00Z,HbA1c Low,A1c L1,A1cTrack H900,HbA1c HPLC,medical_clinical-demo,MED-RG-1,MED-05-A,ok,medical_clinical-005-003,%,[],manual,synthetic demo slow high drift
demo-medical_clinical-a1ctrack-h900-hba1c-low,5.44,2026-02-09T14:25:00Z,HbA1c Low,A1c L1,A1cTrack H900,HbA1c HPLC,medical_clinical-demo,MED-RG-1,MED-05-A,ok,medical_clinical-005-004,%,[],manual,synthetic demo slow high drift
demo-medical_clinical-a1ctrack-h900-hba1c-low,5.456,2026-02-09T16:25:00Z,HbA1c Low,A1c L1,A1cTrack H900,HbA1c HPLC,medical_clinical-demo,MED-RG-1,MED-05-A,ok,medical_clinical-005-005,%,[],manual,synthetic demo slow high drift
demo-medical_clinical-a1ctrack-h900-hba1c-low,5.472,2026-02-09T18:25:00Z,HbA1c Low,A1c L1,A1cTrack H900,HbA1c HPLC,medical_clinical-demo,MED-RG-1,MED-05-A,ok,medical_clinical-005-006,%,[],manual,synthetic demo slow high drift
demo-medical_clinical-a1ctrack-h900-hba1c-low,5.488,2026-02-09T20:25:00Z,HbA1c Low,A1c L1,A1cTrack H900,HbA1c HPLC,medical_clinical-demo,MED-RG-1,MED-05-A,ok,medical_clinical-005-007,%,[],manual,synthetic demo slow high drift
demo-medical_clinical-a1ctrack-h900-hba1c-low,5.504,2026-02-09T22:25:00Z,HbA1c Low,A1c L1,A1cTrack H900,HbA1c HPLC,medical_clinical-demo,MED-RG-1,MED-05-A,ok,medical_clinical-005-008,%,[],manual,synthetic demo slow high drift
demo-medical_clinical-a1ctrack-h900-hba1c-low,5.52,2026-02-10T00:25:00Z,HbA1c Low,A1c L1,A1cTrack H900,HbA1c HPLC,medical_clinical-demo,MED-RG-1,MED-05-A,ok,medical_clinical-005-009,%,[],manual,synthetic demo slow high drift
demo-medical_clinical-a1ctrack-h900-hba1c-low,5.536,2026-02-10T02:25:00Z,HbA1c Low,A1c L1,A1cTrack H900,HbA1c HPLC,medical_clinical-demo,MED-RG-1,MED-05-A,ok,medical_clinical-005-010,%,[],manual,synthetic demo slow high drift
demo-medical_clinical-a1ctrack-h900-hba1c-low,5.552,2026-02-10T04:25:00Z,HbA1c Low,A1c L1,A1cTrack H900,HbA1c HPLC,medical_clinical-demo,MED-RG-1,MED-05-A,ok,medical_clinical-005-011,%,[],manual,synthetic demo slow high drift
demo-medical_clinical-a1ctrack-h900-hba1c-low,5.568,2026-02-10T06:25:00Z,HbA1c Low,A1c L1,A1cTrack H900,HbA1c HPLC,medical_clinical-demo,MED-RG-1,MED-05-A,ok,medical_clinical-005-012,%,[],manual,synthetic demo slow high drift
demo-medical_clinical-a1ctrack-h900-hba1c-low,5.576,2026-02-10T08:25:00Z,HbA1c Low,A1c L1,A1cTrack H900,HbA1c HPLC,medical_clinical-demo,MED-RG-1,MED-05-A,ok,medical_clinical-005-013,%,[],manual,synthetic demo slow high drift
demo-medical_clinical-a1ctrack-h900-hba1c-low,5.584,2026-02-10T10:25:00Z,HbA1c Low,A1c L1,A1cTrack H900,HbA1c HPLC,medical_clinical-demo,MED-RG-1,MED-05-A,ok,medical_clinical-005-014,%,[],manual,synthetic demo slow high drift
demo-medical_clinical-a1ctrack-h900-hba1c-low,5.592,2026-02-10T12:25:00Z,HbA1c Low,A1c L1,A1cTrack H900,HbA1c HPLC,medical_clinical-demo,MED-RG-1,MED-05-A,ok,medical_clinical-005-015,%,[],manual,synthetic demo slow high drift
demo-medical_clinical-a1ctrack-h900-hba1c-low,5.6,2026-02-10T14:25:00Z,HbA1c Low,A1c L1,A1cTrack H900,HbA1c HPLC,medical_clinical-demo,MED-RG-2,MED-05-B,ok,medical_clinical-005-016,%,[],manual,synthetic demo slow high drift
demo-medical_clinical-a1ctrack-h900-hba1c-low,5.608,2026-02-10T16:25:00Z,HbA1c Low,A1c L1,A1cTrack H900,HbA1c HPLC,medical_clinical-demo,MED-RG-2,MED-05-B,ok,medical_clinical-005-017,%,[],manual,synthetic demo slow high drift
demo-medical_clinical-a1ctrack-h900-hba1c-low,5.616,2026-02-10T18:25:00Z,HbA1c Low,A1c L1,A1cTrack H900,HbA1c HPLC,medical_clinical-demo,MED-RG-2,MED-05-B,ok,medical_clinical-005-018,%,[],manual,synthetic demo slow high drift
demo-medical_clinical-a1ctrack-h900-hba1c-low,5.624,2026-02-10T20:25:00Z,HbA1c Low,A1c L1,A1cTrack H900,HbA1c HPLC,medical_clinical-demo,MED-RG-2,MED-05-B,ok,medical_clinical-005-019,%,[],manual,synthetic demo slow high drift
demo-medical_clinical-a1ctrack-h900-hba1c-low,5.632,2026-02-10T22:25:00Z,HbA1c Low,A1c L1,A1cTrack H900,HbA1c HPLC,medical_clinical-demo,MED-RG-2,MED-05-B,ok,medical_clinical-005-020,%,[],manual,synthetic demo slow high drift
demo-medical_clinical-a1ctrack-h900-hba1c-low,5.64,2026-02-11T00:25:00Z,HbA1c Low,A1c L1,A1cTrack H900,HbA1c HPLC,medical_clinical-demo,MED-RG-2,MED-05-B,ok,medical_clinical-005-021,%,[],manual,synthetic demo slow high drift
demo-medical_clinical-a1ctrack-h900-hba1c-low,5.648,2026-02-11T02:25:00Z,HbA1c Low,A1c L1,A1cTrack H900,HbA1c HPLC,medical_clinical-demo,MED-RG-2,MED-05-B,ok,medical_clinical-005-022,%,[],manual,synthetic demo slow high drift
demo-medical_clinical-a1ctrack-h900-hba1c-low,5.656,2026-02-11T04:25:00Z,HbA1c Low,A1c L1,A1cTrack H900,HbA1c HPLC,medical_clinical-demo,MED-RG-2,MED-05-B,ok,medical_clinical-005-023,%,[],manual,synthetic demo slow high drift
demo-medical_clinical-a1ctrack-h900-hba1c-low,5.664,2026-02-11T06:25:00Z,HbA1c Low,A1c L1,A1cTrack H900,HbA1c HPLC,medical_clinical-demo,MED-RG-2,MED-05-B,ok,medical_clinical-005-024,%,[],manual,synthetic demo slow high drift
demo-medical_clinical-a1ctrack-h900-hba1c-low,5.672,2026-02-11T08:25:00Z,HbA1c Low,A1c L1,A1cTrack H900,HbA1c HPLC,medical_clinical-demo,MED-RG-2,MED-05-B,ok,medical_clinical-005-025,%,[],manual,synthetic demo slow high drift
demo-medical_clinical-a1ctrack-h900-hba1c-high,9.1,2026-02-09T08:00:00Z,HbA1c High,A1c L2,A1cTrack H900,HbA1c HPLC,medical_clinical-demo,MED-RG-1,MED-06-A,ok,medical_clinical-006-001,%,[],manual,synthetic demo single low action outlier
demo-medical_clinical-a1ctrack-h900-hba1c-high,9.088,2026-02-09T10:00:00Z,HbA1c High,A1c L2,A1cTrack H900,HbA1c HPLC,medical_clinical-demo,MED-RG-1,MED-06-A,ok,medical_clinical-006-002,%,[],manual,synthetic demo single low action outlier
demo-medical_clinical-a1ctrack-h900-hba1c-high,9.112,2026-02-09T12:00:00Z,HbA1c High,A1c L2,A1cTrack H900,HbA1c HPLC,medical_clinical-demo,MED-RG-1,MED-06-A,ok,medical_clinical-006-003,%,[],manual,synthetic demo single low action outlier
demo-medical_clinical-a1ctrack-h900-hba1c-high,9.076,2026-02-09T14:00:00Z,HbA1c High,A1c L2,A1cTrack H900,HbA1c HPLC,medical_clinical-demo,MED-RG-1,MED-06-A,ok,medical_clinical-006-004,%,[],manual,synthetic demo single low action outlier
demo-medical_clinical-a1ctrack-h900-hba1c-high,9.1,2026-02-09T16:00:00Z,HbA1c High,A1c L2,A1cTrack H900,HbA1c HPLC,medical_clinical-demo,MED-RG-1,MED-06-A,ok,medical_clinical-006-005,%,[],manual,synthetic demo single low action outlier
demo-medical_clinical-a1ctrack-h900-hba1c-high,9.124,2026-02-09T18:00:00Z,HbA1c High,A1c L2,A1cTrack H900,HbA1c HPLC,medical_clinical-demo,MED-RG-1,MED-06-A,ok,medical_clinical-006-006,%,[],manual,synthetic demo single low action outlier
demo-medical_clinical-a1ctrack-h900-hba1c-high,9.088,2026-02-09T20:00:00Z,HbA1c High,A1c L2,A1cTrack H900,HbA1c HPLC,medical_clinical-demo,MED-RG-1,MED-06-A,ok,medical_clinical-006-007,%,[],manual,synthetic demo single low action outlier
demo-medical_clinical-a1ctrack-h900-hba1c-high,9.076,2026-02-09T22:00:00Z,HbA1c High,A1c L2,A1cTrack H900,HbA1c HPLC,medical_clinical-demo,MED-RG-1,MED-06-A,ok,medical_clinical-006-008,%,[],manual,synthetic demo single low action outlier
demo-medical_clinical-a1ctrack-h900-hba1c-high,8.692,2026-02-10T00:00:00Z,HbA1c High,A1c L2,A1cTrack H900,HbA1c HPLC,medical_clinical-demo,MED-RG-1,MED-06-A,ok,medical_clinical-006-009,%,[],manual,synthetic demo single low action outlier
demo-medical_clinical-a1ctrack-h900-hba1c-high,9.064,2026-02-10T02:00:00Z,HbA1c High,A1c L2,A1cTrack H900,HbA1c HPLC,medical_clinical-demo,MED-RG-1,MED-06-A,ok,medical_clinical-006-010,%,[],manual,synthetic demo single low action outlier
demo-medical_clinical-a1ctrack-h900-hba1c-high,9.1,2026-02-10T04:00:00Z,HbA1c High,A1c L2,A1cTrack H900,HbA1c HPLC,medical_clinical-demo,MED-RG-1,MED-06-A,ok,medical_clinical-006-011,%,[],manual,synthetic demo single low action outlier
demo-medical_clinical-a1ctrack-h900-hba1c-high,9.112,2026-02-10T06:00:00Z,HbA1c High,A1c L2,A1cTrack H900,HbA1c HPLC,medical_clinical-demo,MED-RG-1,MED-06-A,ok,medical_clinical-006-012,%,[],manual,synthetic demo single low action outlier
demo-medical_clinical-a1ctrack-h900-hba1c-high,9.088,2026-02-10T08:00:00Z,HbA1c High,A1c L2,A1cTrack H900,HbA1c HPLC,medical_clinical-demo,MED-RG-1,MED-06-A,ok,medical_clinical-006-013,%,[],manual,synthetic demo single low action outlier
demo-medical_clinical-a1ctrack-h900-hba1c-high,9.1,2026-02-10T10:00:00Z,HbA1c High,A1c L2,A1cTrack H900,HbA1c HPLC,medical_clinical-demo,MED-RG-1,MED-06-A,ok,medical_clinical-006-014,%,[],manual,synthetic demo single low action outlier
demo-medical_clinical-a1ctrack-h900-hba1c-high,9.124,2026-02-10T12:00:00Z,HbA1c High,A1c L2,A1cTrack H900,HbA1c HPLC,medical_clinical-demo,MED-RG-1,MED-06-A,ok,medical_clinical-006-015,%,[],manual,synthetic demo single low action outlier
demo-medical_clinical-a1ctrack-h900-hba1c-high,9.076,2026-02-10T14:00:00Z,HbA1c High,A1c L2,A1cTrack H900,HbA1c HPLC,medical_clinical-demo,MED-RG-2,MED-06-B,ok,medical_clinical-006-016,%,[],manual,synthetic demo single low action outlier
demo-medical_clinical-a1ctrack-h900-hba1c-high,9.088,2026-02-10T16:00:00Z,HbA1c High,A1c L2,A1cTrack H900,HbA1c HPLC,medical_clinical-demo,MED-RG-2,MED-06-B,ok,medical_clinical-006-017,%,[],manual,synthetic demo single low action outlier
demo-medical_clinical-a1ctrack-h900-hba1c-high,9.1,2026-02-10T18:00:00Z,HbA1c High,A1c L2,A1cTrack H900,HbA1c HPLC,medical_clinical-demo,MED-RG-2,MED-06-B,ok,medical_clinical-006-018,%,[],manual,synthetic demo single low action outlier
demo-medical_clinical-a1ctrack-h900-hba1c-high,9.112,2026-02-10T20:00:00Z,HbA1c High,A1c L2,A1cTrack H900,HbA1c HPLC,medical_clinical-demo,MED-RG-2,MED-06-B,ok,medical_clinical-006-019,%,[],manual,synthetic demo single low action outlier
demo-medical_clinical-a1ctrack-h900-hba1c-high,9.088,2026-02-10T22:00:00Z,HbA1c High,A1c L2,A1cTrack H900,HbA1c HPLC,medical_clinical-demo,MED-RG-2,MED-06-B,ok,medical_clinical-006-020,%,[],manual,synthetic demo single low action outlier
demo-medical_clinical-a1ctrack-h900-hba1c-high,9.1,2026-02-11T00:00:00Z,HbA1c High,A1c L2,A1cTrack H900,HbA1c HPLC,medical_clinical-demo,MED-RG-2,MED-06-B,ok,medical_clinical-006-021,%,[],manual,synthetic demo single low action outlier
demo-medical_clinical-a1ctrack-h900-hba1c-high,9.124,2026-02-11T02:00:00Z,HbA1c High,A1c L2,A1cTrack H900,HbA1c HPLC,medical_clinical-demo,MED-RG-2,MED-06-B,ok,medical_clinical-006-022,%,[],manual,synthetic demo single low action outlier
demo-medical_clinical-a1ctrack-h900-hba1c-high,9.088,2026-02-11T04:00:00Z,HbA1c High,A1c L2,A1cTrack H900,HbA1c HPLC,medical_clinical-demo,MED-RG-2,MED-06-B,ok,medical_clinical-006-023,%,[],manual,synthetic demo single low action outlier
demo-medical_clinical-a1ctrack-h900-hba1c-high,9.1,2026-02-11T06:00:00Z,HbA1c High,A1c L2,A1cTrack H900,HbA1c HPLC,medical_clinical-demo,MED-RG-2,MED-06-B,ok,medical_clinical-006-024,%,[],manual,synthetic demo single low action outlier
demo-medical_clinical-a1ctrack-h900-hba1c-high,9.076,2026-02-11T08:00:00Z,HbA1c High,A1c L2,A1cTrack H900,HbA1c HPLC,medical_clinical-demo,MED-RG-2,MED-06-B,ok,medical_clinical-006-025,%,[],manual,synthetic demo single low action outlier
demo-medical_clinical-a1ctrack-h900-fructosamine,285.0,2026-02-09T08:05:00Z,Fructosamine,Glycemic marker QC,A1cTrack H900,HbA1c HPLC,medical_clinical-demo,MED-RG-1,MED-07-A,ok,medical_clinical-007-001,umol/L,[],manual,synthetic demo maintenance recovery
demo-medical_clinical-a1ctrack-h900-fructosamine,286.4,2026-02-09T10:05:00Z,Fructosamine,Glycemic marker QC,A1cTrack H900,HbA1c HPLC,medical_clinical-demo,MED-RG-1,MED-07-A,ok,medical_clinical-007-002,umol/L,[],manual,synthetic demo maintenance recovery
demo-medical_clinical-a1ctrack-h900-fructosamine,287.8,2026-02-09T12:05:00Z,Fructosamine,Glycemic marker QC,A1cTrack H900,HbA1c HPLC,medical_clinical-demo,MED-RG-1,MED-07-A,ok,medical_clinical-007-003,umol/L,[],manual,synthetic demo maintenance recovery
demo-medical_clinical-a1ctrack-h900-fructosamine,289.9,2026-02-09T14:05:00Z,Fructosamine,Glycemic marker QC,A1cTrack H900,HbA1c HPLC,medical_clinical-demo,MED-RG-1,MED-07-A,ok,medical_clinical-007-004,umol/L,[],manual,synthetic demo maintenance recovery
demo-medical_clinical-a1ctrack-h900-fructosamine,292.0,2026-02-09T16:05:00Z,Fructosamine,Glycemic marker QC,A1cTrack H900,HbA1c HPLC,medical_clinical-demo,MED-RG-1,MED-07-A,ok,medical_clinical-007-005,umol/L,[],manual,synthetic demo maintenance recovery
demo-medical_clinical-a1ctrack-h900-fructosamine,294.8,2026-02-09T18:05:00Z,Fructosamine,Glycemic marker QC,A1cTrack H900,HbA1c HPLC,medical_clinical-demo,MED-RG-1,MED-07-A,ok,medical_clinical-007-006,umol/L,[],manual,synthetic demo maintenance recovery
demo-medical_clinical-a1ctrack-h900-fructosamine,297.6,2026-02-09T20:05:00Z,Fructosamine,Glycemic marker QC,A1cTrack H900,HbA1c HPLC,medical_clinical-demo,MED-RG-1,MED-07-A,ok,medical_clinical-007-007,umol/L,[],manual,synthetic demo maintenance recovery
demo-medical_clinical-a1ctrack-h900-fructosamine,299.7,2026-02-09T22:05:00Z,Fructosamine,Glycemic marker QC,A1cTrack H900,HbA1c HPLC,medical_clinical-demo,MED-RG-1,MED-07-A,ok,medical_clinical-007-008,umol/L,[],manual,synthetic demo maintenance recovery
demo-medical_clinical-a1ctrack-h900-fructosamine,301.8,2026-02-10T00:05:00Z,Fructosamine,Glycemic marker QC,A1cTrack H900,HbA1c HPLC,medical_clinical-demo,MED-RG-1,MED-07-A,ok,medical_clinical-007-009,umol/L,[],manual,synthetic demo maintenance recovery
demo-medical_clinical-a1ctrack-h900-fructosamine,304.6,2026-02-10T02:05:00Z,Fructosamine,Glycemic marker QC,A1cTrack H900,HbA1c HPLC,medical_clinical-demo,MED-RG-1,MED-07-A,ok,medical_clinical-007-010,umol/L,[],manual,synthetic demo maintenance recovery
demo-medical_clinical-a1ctrack-h900-fructosamine,307.4,2026-02-10T04:05:00Z,Fructosamine,Glycemic marker QC,A1cTrack H900,HbA1c HPLC,medical_clinical-demo,MED-RG-1,MED-07-A,ok,medical_clinical-007-011,umol/L,[],manual,synthetic demo maintenance recovery
demo-medical_clinical-a1ctrack-h900-fructosamine,303.9,2026-02-10T06:05:00Z,Fructosamine,Glycemic marker QC,A1cTrack H900,HbA1c HPLC,medical_clinical-demo,MED-RG-1,MED-07-A,ok,medical_clinical-007-012,umol/L,[],manual,synthetic demo maintenance recovery
demo-medical_clinical-a1ctrack-h900-fructosamine,299.7,2026-02-10T08:05:00Z,Fructosamine,Glycemic marker QC,A1cTrack H900,HbA1c HPLC,medical_clinical-demo,MED-RG-1,MED-07-A,ok,medical_clinical-007-013,umol/L,[],manual,synthetic demo maintenance recovery
demo-medical_clinical-a1ctrack-h900-fructosamine,293.4,2026-02-10T10:05:00Z,Fructosamine,Glycemic marker QC,A1cTrack H900,HbA1c HPLC,medical_clinical-demo,MED-RG-1,MED-07-A,ok,medical_clinical-007-014,umol/L,[],manual,synthetic demo maintenance recovery
demo-medical_clinical-a1ctrack-h900-fructosamine,288.5,2026-02-10T12:05:00Z,Fructosamine,Glycemic marker QC,A1cTrack H900,HbA1c HPLC,medical_clinical-demo,MED-RG-1,MED-07-A,ok,medical_clinical-007-015,umol/L,[],manual,synthetic demo maintenance recovery
demo-medical_clinical-a1ctrack-h900-fructosamine,286.4,2026-02-10T14:05:00Z,Fructosamine,Glycemic marker QC,A1cTrack H900,HbA1c HPLC,medical_clinical-demo,MED-RG-2,MED-07-B,ok,medical_clinical-007-016,umol/L,[],manual,synthetic demo maintenance recovery
demo-medical_clinical-a1ctrack-h900-fructosamine,285.0,2026-02-10T16:05:00Z,Fructosamine,Glycemic marker QC,A1cTrack H900,HbA1c HPLC,medical_clinical-demo,MED-RG-2,MED-07-B,ok,medical_clinical-007-017,umol/L,[],manual,synthetic demo maintenance recovery
demo-medical_clinical-a1ctrack-h900-fructosamine,284.3,2026-02-10T18:05:00Z,Fructosamine,Glycemic marker QC,A1cTrack H900,HbA1c HPLC,medical_clinical-demo,MED-RG-2,MED-07-B,ok,medical_clinical-007-018,umol/L,[],manual,synthetic demo maintenance recovery
demo-medical_clinical-a1ctrack-h900-fructosamine,285.7,2026-02-10T20:05:00Z,Fructosamine,Glycemic marker QC,A1cTrack H900,HbA1c HPLC,medical_clinical-demo,MED-RG-2,MED-07-B,ok,medical_clinical-007-019,umol/L,[],manual,synthetic demo maintenance recovery
demo-medical_clinical-a1ctrack-h900-fructosamine,285.0,2026-02-10T22:05:00Z,Fructosamine,Glycemic marker QC,A1cTrack H900,HbA1c HPLC,medical_clinical-demo,MED-RG-2,MED-07-B,ok,medical_clinical-007-020,umol/L,[],manual,synthetic demo maintenance recovery
demo-medical_clinical-a1ctrack-h900-fructosamine,283.6,2026-02-11T00:05:00Z,Fructosamine,Glycemic marker QC,A1cTrack H900,HbA1c HPLC,medical_clinical-demo,MED-RG-2,MED-07-B,ok,medical_clinical-007-021,umol/L,[],manual,synthetic demo maintenance recovery
demo-medical_clinical-a1ctrack-h900-fructosamine,285.7,2026-02-11T02:05:00Z,Fructosamine,Glycemic marker QC,A1cTrack H900,HbA1c HPLC,medical_clinical-demo,MED-RG-2,MED-07-B,ok,medical_clinical-007-022,umol/L,[],manual,synthetic demo maintenance recovery
demo-medical_clinical-a1ctrack-h900-fructosamine,285.0,2026-02-11T04:05:00Z,Fructosamine,Glycemic marker QC,A1cTrack H900,HbA1c HPLC,medical_clinical-demo,MED-RG-2,MED-07-B,ok,medical_clinical-007-023,umol/L,[],manual,synthetic demo maintenance recovery
demo-medical_clinical-a1ctrack-h900-fructosamine,286.4,2026-02-11T06:05:00Z,Fructosamine,Glycemic marker QC,A1cTrack H900,HbA1c HPLC,medical_clinical-demo,MED-RG-2,MED-07-B,ok,medical_clinical-007-024,umol/L,[],manual,synthetic demo maintenance recovery
demo-medical_clinical-a1ctrack-h900-fructosamine,284.3,2026-02-11T08:05:00Z,Fructosamine,Glycemic marker QC,A1cTrack H900,HbA1c HPLC,medical_clinical-demo,MED-RG-2,MED-07-B,ok,medical_clinical-007-025,umol/L,[],manual,synthetic demo maintenance recovery
demo-medical_clinical-hemeflow-xn-20-wbc,6.2,2026-02-09T08:10:00Z,WBC,CBC L1,HemeFlow XN-20,CBC,medical_clinical-demo,MED-RG-1,MED-08-A,ok,medical_clinical-008-001,10^3/uL,[],manual,synthetic demo downward step after lot change
demo-medical_clinical-hemeflow-xn-20-wbc,6.182,2026-02-09T10:10:00Z,WBC,CBC L1,HemeFlow XN-20,CBC,medical_clinical-demo,MED-RG-1,MED-08-A,ok,medical_clinical-008-002,10^3/uL,[],manual,synthetic demo downward step after lot change
demo-medical_clinical-hemeflow-xn-20-wbc,6.218,2026-02-09T12:10:00Z,WBC,CBC L1,HemeFlow XN-20,CBC,medical_clinical-demo,MED-RG-1,MED-08-A,ok,medical_clinical-008-003,10^3/uL,[],manual,synthetic demo downward step after lot change
demo-medical_clinical-hemeflow-xn-20-wbc,6.2,2026-02-09T14:10:00Z,WBC,CBC L1,HemeFlow XN-20,CBC,medical_clinical-demo,MED-RG-1,MED-08-A,ok,medical_clinical-008-004,10^3/uL,[],manual,synthetic demo downward step after lot change
demo-medical_clinical-hemeflow-xn-20-wbc,6.164,2026-02-09T16:10:00Z,WBC,CBC L1,HemeFlow XN-20,CBC,medical_clinical-demo,MED-RG-1,MED-08-A,ok,medical_clinical-008-005,10^3/uL,[],manual,synthetic demo downward step after lot change
demo-medical_clinical-hemeflow-xn-20-wbc,6.182,2026-02-09T18:10:00Z,WBC,CBC L1,HemeFlow XN-20,CBC,medical_clinical-demo,MED-RG-1,MED-08-A,ok,medical_clinical-008-006,10^3/uL,[],manual,synthetic demo downward step after lot change
demo-medical_clinical-hemeflow-xn-20-wbc,6.218,2026-02-09T20:10:00Z,WBC,CBC L1,HemeFlow XN-20,CBC,medical_clinical-demo,MED-RG-1,MED-08-A,ok,medical_clinical-008-007,10^3/uL,[],manual,synthetic demo downward step after lot change
demo-medical_clinical-hemeflow-xn-20-wbc,6.2,2026-02-09T22:10:00Z,WBC,CBC L1,HemeFlow XN-20,CBC,medical_clinical-demo,MED-RG-1,MED-08-A,ok,medical_clinical-008-008,10^3/uL,[],manual,synthetic demo downward step after lot change
demo-medical_clinical-hemeflow-xn-20-wbc,6.182,2026-02-10T00:10:00Z,WBC,CBC L1,HemeFlow XN-20,CBC,medical_clinical-demo,MED-RG-1,MED-08-A,ok,medical_clinical-008-009,10^3/uL,[],manual,synthetic demo downward step after lot change
demo-medical_clinical-hemeflow-xn-20-wbc,6.218,2026-02-10T02:10:00Z,WBC,CBC L1,HemeFlow XN-20,CBC,medical_clinical-demo,MED-RG-1,MED-08-A,ok,medical_clinical-008-010,10^3/uL,[],manual,synthetic demo downward step after lot change
demo-medical_clinical-hemeflow-xn-20-wbc,6.2,2026-02-10T04:10:00Z,WBC,CBC L1,HemeFlow XN-20,CBC,medical_clinical-demo,MED-RG-1,MED-08-A,ok,medical_clinical-008-011,10^3/uL,[],manual,synthetic demo downward step after lot change
demo-medical_clinical-hemeflow-xn-20-wbc,6.164,2026-02-10T06:10:00Z,WBC,CBC L1,HemeFlow XN-20,CBC,medical_clinical-demo,MED-RG-1,MED-08-A,ok,medical_clinical-008-012,10^3/uL,[],manual,synthetic demo downward step after lot change
demo-medical_clinical-hemeflow-xn-20-wbc,6.182,2026-02-10T08:10:00Z,WBC,CBC L1,HemeFlow XN-20,CBC,medical_clinical-demo,MED-RG-1,MED-08-A,ok,medical_clinical-008-013,10^3/uL,[],manual,synthetic demo downward step after lot change
demo-medical_clinical-hemeflow-xn-20-wbc,6.2,2026-02-10T10:10:00Z,WBC,CBC L1,HemeFlow XN-20,CBC,medical_clinical-demo,MED-RG-1,MED-08-A,ok,medical_clinical-008-014,10^3/uL,[],manual,synthetic demo downward step after lot change
demo-medical_clinical-hemeflow-xn-20-wbc,6.218,2026-02-10T12:10:00Z,WBC,CBC L1,HemeFlow XN-20,CBC,medical_clinical-demo,MED-RG-1,MED-08-A,ok,medical_clinical-008-015,10^3/uL,[],manual,synthetic demo downward step after lot change
demo-medical_clinical-hemeflow-xn-20-wbc,5.984,2026-02-10T14:10:00Z,WBC,CBC L1,HemeFlow XN-20,CBC,medical_clinical-demo,MED-RG-2,MED-08-B,ok,medical_clinical-008-016,10^3/uL,[],manual,synthetic demo downward step after lot change
demo-medical_clinical-hemeflow-xn-20-wbc,5.948,2026-02-10T16:10:00Z,WBC,CBC L1,HemeFlow XN-20,CBC,medical_clinical-demo,MED-RG-2,MED-08-B,ok,medical_clinical-008-017,10^3/uL,[],manual,synthetic demo downward step after lot change
demo-medical_clinical-hemeflow-xn-20-wbc,5.93,2026-02-10T18:10:00Z,WBC,CBC L1,HemeFlow XN-20,CBC,medical_clinical-demo,MED-RG-2,MED-08-B,ok,medical_clinical-008-018,10^3/uL,[],manual,synthetic demo downward step after lot change
demo-medical_clinical-hemeflow-xn-20-wbc,5.948,2026-02-10T20:10:00Z,WBC,CBC L1,HemeFlow XN-20,CBC,medical_clinical-demo,MED-RG-2,MED-08-B,ok,medical_clinical-008-019,10^3/uL,[],manual,synthetic demo downward step after lot change
demo-medical_clinical-hemeflow-xn-20-wbc,5.912,2026-02-10T22:10:00Z,WBC,CBC L1,HemeFlow XN-20,CBC,medical_clinical-demo,MED-RG-2,MED-08-B,ok,medical_clinical-008-020,10^3/uL,[],manual,synthetic demo downward step after lot change
demo-medical_clinical-hemeflow-xn-20-wbc,5.93,2026-02-11T00:10:00Z,WBC,CBC L1,HemeFlow XN-20,CBC,medical_clinical-demo,MED-RG-2,MED-08-B,ok,medical_clinical-008-021,10^3/uL,[],manual,synthetic demo downward step after lot change
demo-medical_clinical-hemeflow-xn-20-wbc,5.948,2026-02-11T02:10:00Z,WBC,CBC L1,HemeFlow XN-20,CBC,medical_clinical-demo,MED-RG-2,MED-08-B,ok,medical_clinical-008-022,10^3/uL,[],manual,synthetic demo downward step after lot change
demo-medical_clinical-hemeflow-xn-20-wbc,5.912,2026-02-11T04:10:00Z,WBC,CBC L1,HemeFlow XN-20,CBC,medical_clinical-demo,MED-RG-2,MED-08-B,ok,medical_clinical-008-023,10^3/uL,[],manual,synthetic demo downward step after lot change
demo-medical_clinical-hemeflow-xn-20-wbc,5.93,2026-02-11T06:10:00Z,WBC,CBC L1,HemeFlow XN-20,CBC,medical_clinical-demo,MED-RG-2,MED-08-B,ok,medical_clinical-008-024,10^3/uL,[],manual,synthetic demo downward step after lot change
demo-medical_clinical-hemeflow-xn-20-wbc,5.948,2026-02-11T08:10:00Z,WBC,CBC L1,HemeFlow XN-20,CBC,medical_clinical-demo,MED-RG-2,MED-08-B,ok,medical_clinical-008-025,10^3/uL,[],manual,synthetic demo downward step after lot change
demo-medical_clinical-hemeflow-xn-20-rbc,4.6,2026-02-09T08:15:00Z,RBC,CBC L1,HemeFlow XN-20,CBC,medical_clinical-demo,MED-RG-1,MED-09-A,ok,medical_clinical-009-001,10^6/uL,[],manual,synthetic demo slow low drift
demo-medical_clinical-hemeflow-xn-20-rbc,4.592,2026-02-09T10:15:00Z,RBC,CBC L1,HemeFlow XN-20,CBC,medical_clinical-demo,MED-RG-1,MED-09-A,ok,medical_clinical-009-002,10^6/uL,[],manual,synthetic demo slow low drift
demo-medical_clinical-hemeflow-xn-20-rbc,4.576,2026-02-09T12:15:00Z,RBC,CBC L1,HemeFlow XN-20,CBC,medical_clinical-demo,MED-RG-1,MED-09-A,ok,medical_clinical-009-003,10^6/uL,[],manual,synthetic demo slow low drift
demo-medical_clinical-hemeflow-xn-20-rbc,4.56,2026-02-09T14:15:00Z,RBC,CBC L1,HemeFlow XN-20,CBC,medical_clinical-demo,MED-RG-1,MED-09-A,ok,medical_clinical-009-004,10^6/uL,[],manual,synthetic demo slow low drift
demo-medical_clinical-hemeflow-xn-20-rbc,4.544,2026-02-09T16:15:00Z,RBC,CBC L1,HemeFlow XN-20,CBC,medical_clinical-demo,MED-RG-1,MED-09-A,ok,medical_clinical-009-005,10^6/uL,[],manual,synthetic demo slow low drift
demo-medical_clinical-hemeflow-xn-20-rbc,4.528,2026-02-09T18:15:00Z,RBC,CBC L1,HemeFlow XN-20,CBC,medical_clinical-demo,MED-RG-1,MED-09-A,ok,medical_clinical-009-006,10^6/uL,[],manual,synthetic demo slow low drift
demo-medical_clinical-hemeflow-xn-20-rbc,4.512,2026-02-09T20:15:00Z,RBC,CBC L1,HemeFlow XN-20,CBC,medical_clinical-demo,MED-RG-1,MED-09-A,ok,medical_clinical-009-007,10^6/uL,[],manual,synthetic demo slow low drift
demo-medical_clinical-hemeflow-xn-20-rbc,4.496,2026-02-09T22:15:00Z,RBC,CBC L1,HemeFlow XN-20,CBC,medical_clinical-demo,MED-RG-1,MED-09-A,ok,medical_clinical-009-008,10^6/uL,[],manual,synthetic demo slow low drift
demo-medical_clinical-hemeflow-xn-20-rbc,4.48,2026-02-10T00:15:00Z,RBC,CBC L1,HemeFlow XN-20,CBC,medical_clinical-demo,MED-RG-1,MED-09-A,ok,medical_clinical-009-009,10^6/uL,[],manual,synthetic demo slow low drift
demo-medical_clinical-hemeflow-xn-20-rbc,4.464,2026-02-10T02:15:00Z,RBC,CBC L1,HemeFlow XN-20,CBC,medical_clinical-demo,MED-RG-1,MED-09-A,ok,medical_clinical-009-010,10^6/uL,[],manual,synthetic demo slow low drift
demo-medical_clinical-hemeflow-xn-20-rbc,4.448,2026-02-10T04:15:00Z,RBC,CBC L1,HemeFlow XN-20,CBC,medical_clinical-demo,MED-RG-1,MED-09-A,ok,medical_clinical-009-011,10^6/uL,[],manual,synthetic demo slow low drift
demo-medical_clinical-hemeflow-xn-20-rbc,4.432,2026-02-10T06:15:00Z,RBC,CBC L1,HemeFlow XN-20,CBC,medical_clinical-demo,MED-RG-1,MED-09-A,ok,medical_clinical-009-012,10^6/uL,[],manual,synthetic demo slow low drift
demo-medical_clinical-hemeflow-xn-20-rbc,4.424,2026-02-10T08:15:00Z,RBC,CBC L1,HemeFlow XN-20,CBC,medical_clinical-demo,MED-RG-1,MED-09-A,ok,medical_clinical-009-013,10^6/uL,[],manual,synthetic demo slow low drift
demo-medical_clinical-hemeflow-xn-20-rbc,4.416,2026-02-10T10:15:00Z,RBC,CBC L1,HemeFlow XN-20,CBC,medical_clinical-demo,MED-RG-1,MED-09-A,ok,medical_clinical-009-014,10^6/uL,[],manual,synthetic demo slow low drift
demo-medical_clinical-hemeflow-xn-20-rbc,4.408,2026-02-10T12:15:00Z,RBC,CBC L1,HemeFlow XN-20,CBC,medical_clinical-demo,MED-RG-1,MED-09-A,ok,medical_clinical-009-015,10^6/uL,[],manual,synthetic demo slow low drift
demo-medical_clinical-hemeflow-xn-20-rbc,4.4,2026-02-10T14:15:00Z,RBC,CBC L1,HemeFlow XN-20,CBC,medical_clinical-demo,MED-RG-2,MED-09-B,ok,medical_clinical-009-016,10^6/uL,[],manual,synthetic demo slow low drift
demo-medical_clinical-hemeflow-xn-20-rbc,4.392,2026-02-10T16:15:00Z,RBC,CBC L1,HemeFlow XN-20,CBC,medical_clinical-demo,MED-RG-2,MED-09-B,ok,medical_clinical-009-017,10^6/uL,[],manual,synthetic demo slow low drift
demo-medical_clinical-hemeflow-xn-20-rbc,4.384,2026-02-10T18:15:00Z,RBC,CBC L1,HemeFlow XN-20,CBC,medical_clinical-demo,MED-RG-2,MED-09-B,ok,medical_clinical-009-018,10^6/uL,[],manual,synthetic demo slow low drift
demo-medical_clinical-hemeflow-xn-20-rbc,4.376,2026-02-10T20:15:00Z,RBC,CBC L1,HemeFlow XN-20,CBC,medical_clinical-demo,MED-RG-2,MED-09-B,ok,medical_clinical-009-019,10^6/uL,[],manual,synthetic demo slow low drift
demo-medical_clinical-hemeflow-xn-20-rbc,4.368,2026-02-10T22:15:00Z,RBC,CBC L1,HemeFlow XN-20,CBC,medical_clinical-demo,MED-RG-2,MED-09-B,ok,medical_clinical-009-020,10^6/uL,[],manual,synthetic demo slow low drift
demo-medical_clinical-hemeflow-xn-20-rbc,4.36,2026-02-11T00:15:00Z,RBC,CBC L1,HemeFlow XN-20,CBC,medical_clinical-demo,MED-RG-2,MED-09-B,ok,medical_clinical-009-021,10^6/uL,[],manual,synthetic demo slow low drift
demo-medical_clinical-hemeflow-xn-20-rbc,4.352,2026-02-11T02:15:00Z,RBC,CBC L1,HemeFlow XN-20,CBC,medical_clinical-demo,MED-RG-2,MED-09-B,ok,medical_clinical-009-022,10^6/uL,[],manual,synthetic demo slow low drift
demo-medical_clinical-hemeflow-xn-20-rbc,4.344,2026-02-11T04:15:00Z,RBC,CBC L1,HemeFlow XN-20,CBC,medical_clinical-demo,MED-RG-2,MED-09-B,ok,medical_clinical-009-023,10^6/uL,[],manual,synthetic demo slow low drift
demo-medical_clinical-hemeflow-xn-20-rbc,4.336,2026-02-11T06:15:00Z,RBC,CBC L1,HemeFlow XN-20,CBC,medical_clinical-demo,MED-RG-2,MED-09-B,ok,medical_clinical-009-024,10^6/uL,[],manual,synthetic demo slow low drift
demo-medical_clinical-hemeflow-xn-20-rbc,4.328,2026-02-11T08:15:00Z,RBC,CBC L1,HemeFlow XN-20,CBC,medical_clinical-demo,MED-RG-2,MED-09-B,ok,medical_clinical-009-025,10^6/uL,[],manual,synthetic demo slow low drift
demo-medical_clinical-hemeflow-xn-20-hemoglobin,13.5,2026-02-09T08:20:00Z,Hemoglobin,CBC L2,HemeFlow XN-20,CBC,medical_clinical-demo,MED-RG-1,MED-10-A,ok,medical_clinical-010-001,g/dL,[],manual,synthetic demo R-4s precision failure
demo-medical_clinical-hemeflow-xn-20-hemoglobin,13.518,2026-02-09T10:20:00Z,Hemoglobin,CBC L2,HemeFlow XN-20,CBC,medical_clinical-demo,MED-RG-1,MED-10-A,ok,medical_clinical-010-002,g/dL,[],manual,synthetic demo R-4s precision failure
demo-medical_clinical-hemeflow-xn-20-hemoglobin,13.896,2026-02-09T12:20:00Z,Hemoglobin,CBC L2,HemeFlow XN-20,CBC,medical_clinical-demo,MED-RG-1,MED-10-A,ok,medical_clinical-010-003,g/dL,[],manual,synthetic demo R-4s precision failure
demo-medical_clinical-hemeflow-xn-20-hemoglobin,13.104,2026-02-09T14:20:00Z,Hemoglobin,CBC L2,HemeFlow XN-20,CBC,medical_clinical-demo,MED-RG-1,MED-10-A,ok,medical_clinical-010-004,g/dL,[],manual,synthetic demo R-4s precision failure
demo-medical_clinical-hemeflow-xn-20-hemoglobin,13.878,2026-02-09T16:20:00Z,Hemoglobin,CBC L2,HemeFlow XN-20,CBC,medical_clinical-demo,MED-RG-1,MED-10-A,ok,medical_clinical-010-005,g/dL,[],manual,synthetic demo R-4s precision failure
demo-medical_clinical-hemeflow-xn-20-hemoglobin,13.122,2026-02-09T18:20:00Z,Hemoglobin,CBC L2,HemeFlow XN-20,CBC,medical_clinical-demo,MED-RG-1,MED-10-A,ok,medical_clinical-010-006,g/dL,[],manual,synthetic demo R-4s precision failure
demo-medical_clinical-hemeflow-xn-20-hemoglobin,13.824,2026-02-09T20:20:00Z,Hemoglobin,CBC L2,HemeFlow XN-20,CBC,medical_clinical-demo,MED-RG-1,MED-10-A,ok,medical_clinical-010-007,g/dL,[],manual,synthetic demo R-4s precision failure
demo-medical_clinical-hemeflow-xn-20-hemoglobin,13.194,2026-02-09T22:20:00Z,Hemoglobin,CBC L2,HemeFlow XN-20,CBC,medical_clinical-demo,MED-RG-1,MED-10-A,ok,medical_clinical-010-008,g/dL,[],manual,synthetic demo R-4s precision failure
demo-medical_clinical-hemeflow-xn-20-hemoglobin,13.77,2026-02-10T00:20:00Z,Hemoglobin,CBC L2,HemeFlow XN-20,CBC,medical_clinical-demo,MED-RG-1,MED-10-A,ok,medical_clinical-010-009,g/dL,[],manual,synthetic demo R-4s precision failure
demo-medical_clinical-hemeflow-xn-20-hemoglobin,13.248,2026-02-10T02:20:00Z,Hemoglobin,CBC L2,HemeFlow XN-20,CBC,medical_clinical-demo,MED-RG-1,MED-10-A,ok,medical_clinical-010-010,g/dL,[],manual,synthetic demo R-4s precision failure
demo-medical_clinical-hemeflow-xn-20-hemoglobin,13.716,2026-02-10T04:20:00Z,Hemoglobin,CBC L2,HemeFlow XN-20,CBC,medical_clinical-demo,MED-RG-1,MED-10-A,ok,medical_clinical-010-011,g/dL,[],manual,synthetic demo R-4s precision failure
demo-medical_clinical-hemeflow-xn-20-hemoglobin,13.302,2026-02-10T06:20:00Z,Hemoglobin,CBC L2,HemeFlow XN-20,CBC,medical_clinical-demo,MED-RG-1,MED-10-A,ok,medical_clinical-010-012,g/dL,[],manual,synthetic demo R-4s precision failure
demo-medical_clinical-hemeflow-xn-20-hemoglobin,13.644,2026-02-10T08:20:00Z,Hemoglobin,CBC L2,HemeFlow XN-20,CBC,medical_clinical-demo,MED-RG-1,MED-10-A,ok,medical_clinical-010-013,g/dL,[],manual,synthetic demo R-4s precision failure
demo-medical_clinical-hemeflow-xn-20-hemoglobin,13.374,2026-02-10T10:20:00Z,Hemoglobin,CBC L2,HemeFlow XN-20,CBC,medical_clinical-demo,MED-RG-1,MED-10-A,ok,medical_clinical-010-014,g/dL,[],manual,synthetic demo R-4s precision failure
demo-medical_clinical-hemeflow-xn-20-hemoglobin,13.572,2026-02-10T12:20:00Z,Hemoglobin,CBC L2,HemeFlow XN-20,CBC,medical_clinical-demo,MED-RG-1,MED-10-A,ok,medical_clinical-010-015,g/dL,[],manual,synthetic demo R-4s precision failure
demo-medical_clinical-hemeflow-xn-20-hemoglobin,13.446,2026-02-10T14:20:00Z,Hemoglobin,CBC L2,HemeFlow XN-20,CBC,medical_clinical-demo,MED-RG-2,MED-10-B,ok,medical_clinical-010-016,g/dL,[],manual,synthetic demo R-4s precision failure
demo-medical_clinical-hemeflow-xn-20-hemoglobin,13.536,2026-02-10T16:20:00Z,Hemoglobin,CBC L2,HemeFlow XN-20,CBC,medical_clinical-demo,MED-RG-2,MED-10-B,ok,medical_clinical-010-017,g/dL,[],manual,synthetic demo R-4s precision failure
demo-medical_clinical-hemeflow-xn-20-hemoglobin,13.464,2026-02-10T18:20:00Z,Hemoglobin,CBC L2,HemeFlow XN-20,CBC,medical_clinical-demo,MED-RG-2,MED-10-B,ok,medical_clinical-010-018,g/dL,[],manual,synthetic demo R-4s precision failure
demo-medical_clinical-hemeflow-xn-20-hemoglobin,13.518,2026-02-10T20:20:00Z,Hemoglobin,CBC L2,HemeFlow XN-20,CBC,medical_clinical-demo,MED-RG-2,MED-10-B,ok,medical_clinical-010-019,g/dL,[],manual,synthetic demo R-4s precision failure
demo-medical_clinical-hemeflow-xn-20-hemoglobin,13.5,2026-02-10T22:20:00Z,Hemoglobin,CBC L2,HemeFlow XN-20,CBC,medical_clinical-demo,MED-RG-2,MED-10-B,ok,medical_clinical-010-020,g/dL,[],manual,synthetic demo R-4s precision failure
demo-medical_clinical-hemeflow-xn-20-hemoglobin,13.482,2026-02-11T00:20:00Z,Hemoglobin,CBC L2,HemeFlow XN-20,CBC,medical_clinical-demo,MED-RG-2,MED-10-B,ok,medical_clinical-010-021,g/dL,[],manual,synthetic demo R-4s precision failure
demo-medical_clinical-hemeflow-xn-20-hemoglobin,13.518,2026-02-11T02:20:00Z,Hemoglobin,CBC L2,HemeFlow XN-20,CBC,medical_clinical-demo,MED-RG-2,MED-10-B,ok,medical_clinical-010-022,g/dL,[],manual,synthetic demo R-4s precision failure
demo-medical_clinical-hemeflow-xn-20-hemoglobin,13.5,2026-02-11T04:20:00Z,Hemoglobin,CBC L2,HemeFlow XN-20,CBC,medical_clinical-demo,MED-RG-2,MED-10-B,ok,medical_clinical-010-023,g/dL,[],manual,synthetic demo R-4s precision failure
demo-medical_clinical-hemeflow-xn-20-hemoglobin,13.482,2026-02-11T06:20:00Z,Hemoglobin,CBC L2,HemeFlow XN-20,CBC,medical_clinical-demo,MED-RG-2,MED-10-B,ok,medical_clinical-010-024,g/dL,[],manual,synthetic demo R-4s precision failure
demo-medical_clinical-hemeflow-xn-20-hemoglobin,13.5,2026-02-11T08:20:00Z,Hemoglobin,CBC L2,HemeFlow XN-20,CBC,medical_clinical-demo,MED-RG-2,MED-10-B,ok,medical_clinical-010-025,g/dL,[],manual,synthetic demo R-4s precision failure
demo-medical_clinical-hemeflow-xn-20-platelets,240.0,2026-02-09T08:25:00Z,Platelets,CBC L2,HemeFlow XN-20,CBC,medical_clinical-demo,MED-RG-1,MED-11-A,ok,medical_clinical-011-001,10^3/uL,[],manual,synthetic demo duplicate retry cluster
demo-medical_clinical-hemeflow-xn-20-platelets,240.0,2026-02-09T10:25:00Z,Platelets,CBC L2,HemeFlow XN-20,CBC,medical_clinical-demo,MED-RG-1,MED-11-A,ok,medical_clinical-011-002,10^3/uL,[],manual,synthetic demo duplicate retry cluster
demo-medical_clinical-hemeflow-xn-20-platelets,240.7,2026-02-09T12:25:00Z,Platelets,CBC L2,HemeFlow XN-20,CBC,medical_clinical-demo,MED-RG-1,MED-11-A,ok,medical_clinical-011-003,10^3/uL,[],manual,synthetic demo duplicate retry cluster
demo-medical_clinical-hemeflow-xn-20-platelets,240.7,2026-02-09T14:25:00Z,Platelets,CBC L2,HemeFlow XN-20,CBC,medical_clinical-demo,MED-RG-1,MED-11-A,ok,medical_clinical-011-004,10^3/uL,[],manual,synthetic demo duplicate retry cluster
demo-medical_clinical-hemeflow-xn-20-platelets,240.7,2026-02-09T16:25:00Z,Platelets,CBC L2,HemeFlow XN-20,CBC,medical_clinical-demo,MED-RG-1,MED-11-A,ok,medical_clinical-011-005,10^3/uL,[],manual,synthetic demo duplicate retry cluster
demo-medical_clinical-hemeflow-xn-20-platelets,239.3,2026-02-09T18:25:00Z,Platelets,CBC L2,HemeFlow XN-20,CBC,medical_clinical-demo,MED-RG-1,MED-11-A,ok,medical_clinical-011-006,10^3/uL,[],manual,synthetic demo duplicate retry cluster
demo-medical_clinical-hemeflow-xn-20-platelets,239.3,2026-02-09T20:25:00Z,Platelets,CBC L2,HemeFlow XN-20,CBC,medical_clinical-demo,MED-RG-1,MED-11-A,ok,medical_clinical-011-007,10^3/uL,[],manual,synthetic demo duplicate retry cluster
demo-medical_clinical-hemeflow-xn-20-platelets,240.0,2026-02-09T22:25:00Z,Platelets,CBC L2,HemeFlow XN-20,CBC,medical_clinical-demo,MED-RG-1,MED-11-A,ok,medical_clinical-011-008,10^3/uL,[],manual,synthetic demo duplicate retry cluster
demo-medical_clinical-hemeflow-xn-20-platelets,241.4,2026-02-10T00:25:00Z,Platelets,CBC L2,HemeFlow XN-20,CBC,medical_clinical-demo,MED-RG-1,MED-11-A,ok,medical_clinical-011-009,10^3/uL,[],manual,synthetic demo duplicate retry cluster
demo-medical_clinical-hemeflow-xn-20-platelets,241.4,2026-02-10T02:25:00Z,Platelets,CBC L2,HemeFlow XN-20,CBC,medical_clinical-demo,MED-RG-1,MED-11-A,ok,medical_clinical-011-010,10^3/uL,[],manual,synthetic demo duplicate retry cluster
demo-medical_clinical-hemeflow-xn-20-platelets,240.7,2026-02-10T04:25:00Z,Platelets,CBC L2,HemeFlow XN-20,CBC,medical_clinical-demo,MED-RG-1,MED-11-A,ok,medical_clinical-011-011,10^3/uL,[],manual,synthetic demo duplicate retry cluster
demo-medical_clinical-hemeflow-xn-20-platelets,240.0,2026-02-10T06:25:00Z,Platelets,CBC L2,HemeFlow XN-20,CBC,medical_clinical-demo,MED-RG-1,MED-11-A,ok,medical_clinical-011-012,10^3/uL,[],manual,synthetic demo duplicate retry cluster
demo-medical_clinical-hemeflow-xn-20-platelets,240.0,2026-02-10T08:25:00Z,Platelets,CBC L2,HemeFlow XN-20,CBC,medical_clinical-demo,MED-RG-1,MED-11-A,ok,medical_clinical-011-013,10^3/uL,[],manual,synthetic demo duplicate retry cluster
demo-medical_clinical-hemeflow-xn-20-platelets,239.3,2026-02-10T10:25:00Z,Platelets,CBC L2,HemeFlow XN-20,CBC,medical_clinical-demo,MED-RG-1,MED-11-A,ok,medical_clinical-011-014,10^3/uL,[],manual,synthetic demo duplicate retry cluster
demo-medical_clinical-hemeflow-xn-20-platelets,240.0,2026-02-10T12:25:00Z,Platelets,CBC L2,HemeFlow XN-20,CBC,medical_clinical-demo,MED-RG-1,MED-11-A,ok,medical_clinical-011-015,10^3/uL,[],manual,synthetic demo duplicate retry cluster
demo-medical_clinical-hemeflow-xn-20-platelets,242.1,2026-02-10T14:25:00Z,Platelets,CBC L2,HemeFlow XN-20,CBC,medical_clinical-demo,MED-RG-2,MED-11-B,ok,medical_clinical-011-016,10^3/uL,[],manual,synthetic demo duplicate retry cluster
demo-medical_clinical-hemeflow-xn-20-platelets,241.4,2026-02-10T16:25:00Z,Platelets,CBC L2,HemeFlow XN-20,CBC,medical_clinical-demo,MED-RG-2,MED-11-B,ok,medical_clinical-011-017,10^3/uL,[],manual,synthetic demo duplicate retry cluster
demo-medical_clinical-hemeflow-xn-20-platelets,242.1,2026-02-10T18:25:00Z,Platelets,CBC L2,HemeFlow XN-20,CBC,medical_clinical-demo,MED-RG-2,MED-11-B,ok,medical_clinical-011-018,10^3/uL,[],manual,synthetic demo duplicate retry cluster
demo-medical_clinical-hemeflow-xn-20-platelets,241.4,2026-02-10T20:25:00Z,Platelets,CBC L2,HemeFlow XN-20,CBC,medical_clinical-demo,MED-RG-2,MED-11-B,ok,medical_clinical-011-019,10^3/uL,[],manual,synthetic demo duplicate retry cluster
demo-medical_clinical-hemeflow-xn-20-platelets,240.7,2026-02-10T22:25:00Z,Platelets,CBC L2,HemeFlow XN-20,CBC,medical_clinical-demo,MED-RG-2,MED-11-B,ok,medical_clinical-011-020,10^3/uL,[],manual,synthetic demo duplicate retry cluster
demo-medical_clinical-hemeflow-xn-20-platelets,241.4,2026-02-11T00:25:00Z,Platelets,CBC L2,HemeFlow XN-20,CBC,medical_clinical-demo,MED-RG-2,MED-11-B,ok,medical_clinical-011-021,10^3/uL,[],manual,synthetic demo duplicate retry cluster
demo-medical_clinical-hemeflow-xn-20-platelets,240.7,2026-02-11T02:25:00Z,Platelets,CBC L2,HemeFlow XN-20,CBC,medical_clinical-demo,MED-RG-2,MED-11-B,ok,medical_clinical-011-022,10^3/uL,[],manual,synthetic demo duplicate retry cluster
demo-medical_clinical-hemeflow-xn-20-platelets,240.0,2026-02-11T04:25:00Z,Platelets,CBC L2,HemeFlow XN-20,CBC,medical_clinical-demo,MED-RG-2,MED-11-B,ok,medical_clinical-011-023,10^3/uL,[],manual,synthetic demo duplicate retry cluster
demo-medical_clinical-hemeflow-xn-20-platelets,240.7,2026-02-11T06:25:00Z,Platelets,CBC L2,HemeFlow XN-20,CBC,medical_clinical-demo,MED-RG-2,MED-11-B,ok,medical_clinical-011-024,10^3/uL,[],manual,synthetic demo duplicate retry cluster
demo-medical_clinical-hemeflow-xn-20-platelets,240.0,2026-02-11T08:25:00Z,Platelets,CBC L2,HemeFlow XN-20,CBC,medical_clinical-demo,MED-RG-2,MED-11-B,ok,medical_clinical-011-025,10^3/uL,[],manual,synthetic demo duplicate retry cluster
demo-medical_clinical-coagstar-cs-1-pt,12.5,2026-02-09T08:00:00Z,PT,Coag L1,CoagStar CS-1,Coagulation,medical_clinical-demo,MED-RG-1,MED-12-A,ok,medical_clinical-012-001,sec,[],manual,synthetic demo stable second-lot baseline
demo-medical_clinical-coagstar-cs-1-pt,12.525,2026-02-09T10:00:00Z,PT,Coag L1,CoagStar CS-1,Coagulation,medical_clinical-demo,MED-RG-1,MED-12-A,ok,medical_clinical-012-002,sec,[],manual,synthetic demo stable second-lot baseline
demo-medical_clinical-coagstar-cs-1-pt,12.475,2026-02-09T12:00:00Z,PT,Coag L1,CoagStar CS-1,Coagulation,medical_clinical-demo,MED-RG-1,MED-12-A,ok,medical_clinical-012-003,sec,[],manual,synthetic demo stable second-lot baseline
demo-medical_clinical-coagstar-cs-1-pt,12.55,2026-02-09T14:00:00Z,PT,Coag L1,CoagStar CS-1,Coagulation,medical_clinical-demo,MED-RG-1,MED-12-A,ok,medical_clinical-012-004,sec,[],manual,synthetic demo stable second-lot baseline
demo-medical_clinical-coagstar-cs-1-pt,12.45,2026-02-09T16:00:00Z,PT,Coag L1,CoagStar CS-1,Coagulation,medical_clinical-demo,MED-RG-1,MED-12-A,ok,medical_clinical-012-005,sec,[],manual,synthetic demo stable second-lot baseline
demo-medical_clinical-coagstar-cs-1-pt,12.525,2026-02-09T18:00:00Z,PT,Coag L1,CoagStar CS-1,Coagulation,medical_clinical-demo,MED-RG-1,MED-12-A,ok,medical_clinical-012-006,sec,[],manual,synthetic demo stable second-lot baseline
demo-medical_clinical-coagstar-cs-1-pt,12.5,2026-02-09T20:00:00Z,PT,Coag L1,CoagStar CS-1,Coagulation,medical_clinical-demo,MED-RG-1,MED-12-A,ok,medical_clinical-012-007,sec,[],manual,synthetic demo stable second-lot baseline
demo-medical_clinical-coagstar-cs-1-pt,12.475,2026-02-09T22:00:00Z,PT,Coag L1,CoagStar CS-1,Coagulation,medical_clinical-demo,MED-RG-1,MED-12-A,ok,medical_clinical-012-008,sec,[],manual,synthetic demo stable second-lot baseline
demo-medical_clinical-coagstar-cs-1-pt,12.55,2026-02-10T00:00:00Z,PT,Coag L1,CoagStar CS-1,Coagulation,medical_clinical-demo,MED-RG-1,MED-12-A,ok,medical_clinical-012-009,sec,[],manual,synthetic demo stable second-lot baseline
demo-medical_clinical-coagstar-cs-1-pt,12.525,2026-02-10T02:00:00Z,PT,Coag L1,CoagStar CS-1,Coagulation,medical_clinical-demo,MED-RG-1,MED-12-A,ok,medical_clinical-012-010,sec,[],manual,synthetic demo stable second-lot baseline
demo-medical_clinical-coagstar-cs-1-pt,12.45,2026-02-10T04:00:00Z,PT,Coag L1,CoagStar CS-1,Coagulation,medical_clinical-demo,MED-RG-1,MED-12-A,ok,medical_clinical-012-011,sec,[],manual,synthetic demo stable second-lot baseline
demo-medical_clinical-coagstar-cs-1-pt,12.5,2026-02-10T06:00:00Z,PT,Coag L1,CoagStar CS-1,Coagulation,medical_clinical-demo,MED-RG-1,MED-12-A,ok,medical_clinical-012-012,sec,[],manual,synthetic demo stable second-lot baseline
demo-medical_clinical-coagstar-cs-1-pt,12.525,2026-02-10T08:00:00Z,PT,Coag L1,CoagStar CS-1,Coagulation,medical_clinical-demo,MED-RG-1,MED-12-A,ok,medical_clinical-012-013,sec,[],manual,synthetic demo stable second-lot baseline
demo-medical_clinical-coagstar-cs-1-pt,12.475,2026-02-10T10:00:00Z,PT,Coag L1,CoagStar CS-1,Coagulation,medical_clinical-demo,MED-RG-1,MED-12-A,ok,medical_clinical-012-014,sec,[],manual,synthetic demo stable second-lot baseline
demo-medical_clinical-coagstar-cs-1-pt,12.5,2026-02-10T12:00:00Z,PT,Coag L1,CoagStar CS-1,Coagulation,medical_clinical-demo,MED-RG-1,MED-12-A,ok,medical_clinical-012-015,sec,[],manual,synthetic demo stable second-lot baseline
demo-medical_clinical-coagstar-cs-1-pt,12.55,2026-02-10T14:00:00Z,PT,Coag L1,CoagStar CS-1,Coagulation,medical_clinical-demo,MED-RG-2,MED-12-B,ok,medical_clinical-012-016,sec,[],manual,synthetic demo stable second-lot baseline
demo-medical_clinical-coagstar-cs-1-pt,12.45,2026-02-10T16:00:00Z,PT,Coag L1,CoagStar CS-1,Coagulation,medical_clinical-demo,MED-RG-2,MED-12-B,ok,medical_clinical-012-017,sec,[],manual,synthetic demo stable second-lot baseline
demo-medical_clinical-coagstar-cs-1-pt,12.525,2026-02-10T18:00:00Z,PT,Coag L1,CoagStar CS-1,Coagulation,medical_clinical-demo,MED-RG-2,MED-12-B,ok,medical_clinical-012-018,sec,[],manual,synthetic demo stable second-lot baseline
demo-medical_clinical-coagstar-cs-1-pt,12.5,2026-02-10T20:00:00Z,PT,Coag L1,CoagStar CS-1,Coagulation,medical_clinical-demo,MED-RG-2,MED-12-B,ok,medical_clinical-012-019,sec,[],manual,synthetic demo stable second-lot baseline
demo-medical_clinical-coagstar-cs-1-pt,12.475,2026-02-10T22:00:00Z,PT,Coag L1,CoagStar CS-1,Coagulation,medical_clinical-demo,MED-RG-2,MED-12-B,ok,medical_clinical-012-020,sec,[],manual,synthetic demo stable second-lot baseline
demo-medical_clinical-coagstar-cs-1-pt,12.525,2026-02-11T00:00:00Z,PT,Coag L1,CoagStar CS-1,Coagulation,medical_clinical-demo,MED-RG-2,MED-12-B,ok,medical_clinical-012-021,sec,[],manual,synthetic demo stable second-lot baseline
demo-medical_clinical-coagstar-cs-1-pt,12.5,2026-02-11T02:00:00Z,PT,Coag L1,CoagStar CS-1,Coagulation,medical_clinical-demo,MED-RG-2,MED-12-B,ok,medical_clinical-012-022,sec,[],manual,synthetic demo stable second-lot baseline
demo-medical_clinical-coagstar-cs-1-pt,12.45,2026-02-11T04:00:00Z,PT,Coag L1,CoagStar CS-1,Coagulation,medical_clinical-demo,MED-RG-2,MED-12-B,ok,medical_clinical-012-023,sec,[],manual,synthetic demo stable second-lot baseline
demo-medical_clinical-coagstar-cs-1-pt,12.55,2026-02-11T06:00:00Z,PT,Coag L1,CoagStar CS-1,Coagulation,medical_clinical-demo,MED-RG-2,MED-12-B,ok,medical_clinical-012-024,sec,[],manual,synthetic demo stable second-lot baseline
demo-medical_clinical-coagstar-cs-1-pt,12.5,2026-02-11T08:00:00Z,PT,Coag L1,CoagStar CS-1,Coagulation,medical_clinical-demo,MED-RG-2,MED-12-B,ok,medical_clinical-012-025,sec,[],manual,synthetic demo stable second-lot baseline
demo-medical_clinical-coagstar-cs-1-inr,1.0,2026-02-09T08:05:00Z,INR,Coag L1,CoagStar CS-1,Coagulation,medical_clinical-demo,MED-RG-1,MED-13-A,ok,medical_clinical-013-001,ratio,[],manual,synthetic demo single high action outlier
demo-medical_clinical-coagstar-cs-1-inr,1.003,2026-02-09T10:05:00Z,INR,Coag L1,CoagStar CS-1,Coagulation,medical_clinical-demo,MED-RG-1,MED-13-A,ok,medical_clinical-013-002,ratio,[],manual,synthetic demo single high action outlier
demo-medical_clinical-coagstar-cs-1-inr,0.997,2026-02-09T12:05:00Z,INR,Coag L1,CoagStar CS-1,Coagulation,medical_clinical-demo,MED-RG-1,MED-13-A,ok,medical_clinical-013-003,ratio,[],manual,synthetic demo single high action outlier
demo-medical_clinical-coagstar-cs-1-inr,1.006,2026-02-09T14:05:00Z,INR,Coag L1,CoagStar CS-1,Coagulation,medical_clinical-demo,MED-RG-1,MED-13-A,ok,medical_clinical-013-004,ratio,[],manual,synthetic demo single high action outlier
demo-medical_clinical-coagstar-cs-1-inr,1.0,2026-02-09T16:05:00Z,INR,Coag L1,CoagStar CS-1,Coagulation,medical_clinical-demo,MED-RG-1,MED-13-A,ok,medical_clinical-013-005,ratio,[],manual,synthetic demo single high action outlier
demo-medical_clinical-coagstar-cs-1-inr,0.994,2026-02-09T18:05:00Z,INR,Coag L1,CoagStar CS-1,Coagulation,medical_clinical-demo,MED-RG-1,MED-13-A,ok,medical_clinical-013-006,ratio,[],manual,synthetic demo single high action outlier
demo-medical_clinical-coagstar-cs-1-inr,1.003,2026-02-09T20:05:00Z,INR,Coag L1,CoagStar CS-1,Coagulation,medical_clinical-demo,MED-RG-1,MED-13-A,ok,medical_clinical-013-007,ratio,[],manual,synthetic demo single high action outlier
demo-medical_clinical-coagstar-cs-1-inr,1.006,2026-02-09T22:05:00Z,INR,Coag L1,CoagStar CS-1,Coagulation,medical_clinical-demo,MED-RG-1,MED-13-A,ok,medical_clinical-013-008,ratio,[],manual,synthetic demo single high action outlier
demo-medical_clinical-coagstar-cs-1-inr,1.102,2026-02-10T00:05:00Z,INR,Coag L1,CoagStar CS-1,Coagulation,medical_clinical-demo,MED-RG-1,MED-13-A,ok,medical_clinical-013-009,ratio,[],manual,synthetic demo single high action outlier
demo-medical_clinical-coagstar-cs-1-inr,1.009,2026-02-10T02:05:00Z,INR,Coag L1,CoagStar CS-1,Coagulation,medical_clinical-demo,MED-RG-1,MED-13-A,ok,medical_clinical-013-010,ratio,[],manual,synthetic demo single high action outlier
demo-medical_clinical-coagstar-cs-1-inr,1.0,2026-02-10T04:05:00Z,INR,Coag L1,CoagStar CS-1,Coagulation,medical_clinical-demo,MED-RG-1,MED-13-A,ok,medical_clinical-013-011,ratio,[],manual,synthetic demo single high action outlier
demo-medical_clinical-coagstar-cs-1-inr,0.997,2026-02-10T06:05:00Z,INR,Coag L1,CoagStar CS-1,Coagulation,medical_clinical-demo,MED-RG-1,MED-13-A,ok,medical_clinical-013-012,ratio,[],manual,synthetic demo single high action outlier
demo-medical_clinical-coagstar-cs-1-inr,1.003,2026-02-10T08:05:00Z,INR,Coag L1,CoagStar CS-1,Coagulation,medical_clinical-demo,MED-RG-1,MED-13-A,ok,medical_clinical-013-013,ratio,[],manual,synthetic demo single high action outlier
demo-medical_clinical-coagstar-cs-1-inr,1.0,2026-02-10T10:05:00Z,INR,Coag L1,CoagStar CS-1,Coagulation,medical_clinical-demo,MED-RG-1,MED-13-A,ok,medical_clinical-013-014,ratio,[],manual,synthetic demo single high action outlier
demo-medical_clinical-coagstar-cs-1-inr,0.994,2026-02-10T12:05:00Z,INR,Coag L1,CoagStar CS-1,Coagulation,medical_clinical-demo,MED-RG-1,MED-13-A,ok,medical_clinical-013-015,ratio,[],manual,synthetic demo single high action outlier
demo-medical_clinical-coagstar-cs-1-inr,1.006,2026-02-10T14:05:00Z,INR,Coag L1,CoagStar CS-1,Coagulation,medical_clinical-demo,MED-RG-2,MED-13-B,ok,medical_clinical-013-016,ratio,[],manual,synthetic demo single high action outlier
demo-medical_clinical-coagstar-cs-1-inr,1.003,2026-02-10T16:05:00Z,INR,Coag L1,CoagStar CS-1,Coagulation,medical_clinical-demo,MED-RG-2,MED-13-B,ok,medical_clinical-013-017,ratio,[],manual,synthetic demo single high action outlier
demo-medical_clinical-coagstar-cs-1-inr,1.0,2026-02-10T18:05:00Z,INR,Coag L1,CoagStar CS-1,Coagulation,medical_clinical-demo,MED-RG-2,MED-13-B,ok,medical_clinical-013-018,ratio,[],manual,synthetic demo single high action outlier
demo-medical_clinical-coagstar-cs-1-inr,0.997,2026-02-10T20:05:00Z,INR,Coag L1,CoagStar CS-1,Coagulation,medical_clinical-demo,MED-RG-2,MED-13-B,ok,medical_clinical-013-019,ratio,[],manual,synthetic demo single high action outlier
demo-medical_clinical-coagstar-cs-1-inr,1.003,2026-02-10T22:05:00Z,INR,Coag L1,CoagStar CS-1,Coagulation,medical_clinical-demo,MED-RG-2,MED-13-B,ok,medical_clinical-013-020,ratio,[],manual,synthetic demo single high action outlier
demo-medical_clinical-coagstar-cs-1-inr,1.0,2026-02-11T00:05:00Z,INR,Coag L1,CoagStar CS-1,Coagulation,medical_clinical-demo,MED-RG-2,MED-13-B,ok,medical_clinical-013-021,ratio,[],manual,synthetic demo single high action outlier
demo-medical_clinical-coagstar-cs-1-inr,0.994,2026-02-11T02:05:00Z,INR,Coag L1,CoagStar CS-1,Coagulation,medical_clinical-demo,MED-RG-2,MED-13-B,ok,medical_clinical-013-022,ratio,[],manual,synthetic demo single high action outlier
demo-medical_clinical-coagstar-cs-1-inr,1.003,2026-02-11T04:05:00Z,INR,Coag L1,CoagStar CS-1,Coagulation,medical_clinical-demo,MED-RG-2,MED-13-B,ok,medical_clinical-013-023,ratio,[],manual,synthetic demo single high action outlier
demo-medical_clinical-coagstar-cs-1-inr,1.0,2026-02-11T06:05:00Z,INR,Coag L1,CoagStar CS-1,Coagulation,medical_clinical-demo,MED-RG-2,MED-13-B,ok,medical_clinical-013-024,ratio,[],manual,synthetic demo single high action outlier
demo-medical_clinical-coagstar-cs-1-inr,1.006,2026-02-11T08:05:00Z,INR,Coag L1,CoagStar CS-1,Coagulation,medical_clinical-demo,MED-RG-2,MED-13-B,ok,medical_clinical-013-025,ratio,[],manual,synthetic demo single high action outlier
demo-medical_clinical-coagstar-cs-1-aptt,31.0,2026-02-09T08:10:00Z,aPTT,Coag L2,CoagStar CS-1,Coagulation,medical_clinical-demo,MED-RG-1,MED-14-A,ok,medical_clinical-014-001,sec,[],manual,synthetic demo stable baseline
demo-medical_clinical-coagstar-cs-1-aptt,31.07,2026-02-09T10:10:00Z,aPTT,Coag L2,CoagStar CS-1,Coagulation,medical_clinical-demo,MED-RG-1,MED-14-A,ok,medical_clinical-014-002,sec,[],manual,synthetic demo stable baseline
demo-medical_clinical-coagstar-cs-1-aptt,30.93,2026-02-09T12:10:00Z,aPTT,Coag L2,CoagStar CS-1,Coagulation,medical_clinical-demo,MED-RG-1,MED-14-A,ok,medical_clinical-014-003,sec,[],manual,synthetic demo stable baseline
demo-medical_clinical-coagstar-cs-1-aptt,31.14,2026-02-09T14:10:00Z,aPTT,Coag L2,CoagStar CS-1,Coagulation,medical_clinical-demo,MED-RG-1,MED-14-A,ok,medical_clinical-014-004,sec,[],manual,synthetic demo stable baseline
demo-medical_clinical-coagstar-cs-1-aptt,30.86,2026-02-09T16:10:00Z,aPTT,Coag L2,CoagStar CS-1,Coagulation,medical_clinical-demo,MED-RG-1,MED-14-A,ok,medical_clinical-014-005,sec,[],manual,synthetic demo stable baseline
demo-medical_clinical-coagstar-cs-1-aptt,31.07,2026-02-09T18:10:00Z,aPTT,Coag L2,CoagStar CS-1,Coagulation,medical_clinical-demo,MED-RG-1,MED-14-A,ok,medical_clinical-014-006,sec,[],manual,synthetic demo stable baseline
demo-medical_clinical-coagstar-cs-1-aptt,31.0,2026-02-09T20:10:00Z,aPTT,Coag L2,CoagStar CS-1,Coagulation,medical_clinical-demo,MED-RG-1,MED-14-A,ok,medical_clinical-014-007,sec,[],manual,synthetic demo stable baseline
demo-medical_clinical-coagstar-cs-1-aptt,30.93,2026-02-09T22:10:00Z,aPTT,Coag L2,CoagStar CS-1,Coagulation,medical_clinical-demo,MED-RG-1,MED-14-A,ok,medical_clinical-014-008,sec,[],manual,synthetic demo stable baseline
demo-medical_clinical-coagstar-cs-1-aptt,31.14,2026-02-10T00:10:00Z,aPTT,Coag L2,CoagStar CS-1,Coagulation,medical_clinical-demo,MED-RG-1,MED-14-A,ok,medical_clinical-014-009,sec,[],manual,synthetic demo stable baseline
demo-medical_clinical-coagstar-cs-1-aptt,31.07,2026-02-10T02:10:00Z,aPTT,Coag L2,CoagStar CS-1,Coagulation,medical_clinical-demo,MED-RG-1,MED-14-A,ok,medical_clinical-014-010,sec,[],manual,synthetic demo stable baseline
demo-medical_clinical-coagstar-cs-1-aptt,30.86,2026-02-10T04:10:00Z,aPTT,Coag L2,CoagStar CS-1,Coagulation,medical_clinical-demo,MED-RG-1,MED-14-A,ok,medical_clinical-014-011,sec,[],manual,synthetic demo stable baseline
demo-medical_clinical-coagstar-cs-1-aptt,31.0,2026-02-10T06:10:00Z,aPTT,Coag L2,CoagStar CS-1,Coagulation,medical_clinical-demo,MED-RG-1,MED-14-A,ok,medical_clinical-014-012,sec,[],manual,synthetic demo stable baseline
demo-medical_clinical-coagstar-cs-1-aptt,31.07,2026-02-10T08:10:00Z,aPTT,Coag L2,CoagStar CS-1,Coagulation,medical_clinical-demo,MED-RG-1,MED-14-A,ok,medical_clinical-014-013,sec,[],manual,synthetic demo stable baseline
demo-medical_clinical-coagstar-cs-1-aptt,30.93,2026-02-10T10:10:00Z,aPTT,Coag L2,CoagStar CS-1,Coagulation,medical_clinical-demo,MED-RG-1,MED-14-A,ok,medical_clinical-014-014,sec,[],manual,synthetic demo stable baseline
demo-medical_clinical-coagstar-cs-1-aptt,31.0,2026-02-10T12:10:00Z,aPTT,Coag L2,CoagStar CS-1,Coagulation,medical_clinical-demo,MED-RG-1,MED-14-A,ok,medical_clinical-014-015,sec,[],manual,synthetic demo stable baseline
demo-medical_clinical-coagstar-cs-1-aptt,31.14,2026-02-10T14:10:00Z,aPTT,Coag L2,CoagStar CS-1,Coagulation,medical_clinical-demo,MED-RG-2,MED-14-B,ok,medical_clinical-014-016,sec,[],manual,synthetic demo stable baseline
demo-medical_clinical-coagstar-cs-1-aptt,30.86,2026-02-10T16:10:00Z,aPTT,Coag L2,CoagStar CS-1,Coagulation,medical_clinical-demo,MED-RG-2,MED-14-B,ok,medical_clinical-014-017,sec,[],manual,synthetic demo stable baseline
demo-medical_clinical-coagstar-cs-1-aptt,31.07,2026-02-10T18:10:00Z,aPTT,Coag L2,CoagStar CS-1,Coagulation,medical_clinical-demo,MED-RG-2,MED-14-B,ok,medical_clinical-014-018,sec,[],manual,synthetic demo stable baseline
demo-medical_clinical-coagstar-cs-1-aptt,31.0,2026-02-10T20:10:00Z,aPTT,Coag L2,CoagStar CS-1,Coagulation,medical_clinical-demo,MED-RG-2,MED-14-B,ok,medical_clinical-014-019,sec,[],manual,synthetic demo stable baseline
demo-medical_clinical-coagstar-cs-1-aptt,30.93,2026-02-10T22:10:00Z,aPTT,Coag L2,CoagStar CS-1,Coagulation,medical_clinical-demo,MED-RG-2,MED-14-B,ok,medical_clinical-014-020,sec,[],manual,synthetic demo stable baseline
demo-medical_clinical-coagstar-cs-1-aptt,31.07,2026-02-11T00:10:00Z,aPTT,Coag L2,CoagStar CS-1,Coagulation,medical_clinical-demo,MED-RG-2,MED-14-B,ok,medical_clinical-014-021,sec,[],manual,synthetic demo stable baseline
demo-medical_clinical-coagstar-cs-1-aptt,31.0,2026-02-11T02:10:00Z,aPTT,Coag L2,CoagStar CS-1,Coagulation,medical_clinical-demo,MED-RG-2,MED-14-B,ok,medical_clinical-014-022,sec,[],manual,synthetic demo stable baseline
demo-medical_clinical-coagstar-cs-1-aptt,30.86,2026-02-11T04:10:00Z,aPTT,Coag L2,CoagStar CS-1,Coagulation,medical_clinical-demo,MED-RG-2,MED-14-B,ok,medical_clinical-014-023,sec,[],manual,synthetic demo stable baseline
demo-medical_clinical-coagstar-cs-1-aptt,31.14,2026-02-11T06:10:00Z,aPTT,Coag L2,CoagStar CS-1,Coagulation,medical_clinical-demo,MED-RG-2,MED-14-B,ok,medical_clinical-014-024,sec,[],manual,synthetic demo stable baseline
demo-medical_clinical-coagstar-cs-1-aptt,31.0,2026-02-11T08:10:00Z,aPTT,Coag L2,CoagStar CS-1,Coagulation,medical_clinical-demo,MED-RG-2,MED-14-B,ok,medical_clinical-014-025,sec,[],manual,synthetic demo stable baseline
demo-medical_clinical-immunobright-i200-tsh,2.1,2026-02-09T08:15:00Z,TSH,IA L1,ImmunoBright I200,Immunoassay,medical_clinical-demo,MED-RG-1,MED-15-A,ok,medical_clinical-015-001,uIU/mL,[],manual,synthetic demo high scatter with low Bayesian confidence
demo-medical_clinical-immunobright-i200-tsh,2.198,2026-02-09T10:15:00Z,TSH,IA L1,ImmunoBright I200,Immunoassay,medical_clinical-demo,MED-RG-1,MED-15-A,ok,medical_clinical-015-002,uIU/mL,[],manual,synthetic demo high scatter with low Bayesian confidence
demo-medical_clinical-immunobright-i200-tsh,2.009,2026-02-09T12:15:00Z,TSH,IA L1,ImmunoBright I200,Immunoassay,medical_clinical-demo,MED-RG-1,MED-15-A,ok,medical_clinical-015-003,uIU/mL,[],manual,synthetic demo high scatter with low Bayesian confidence
demo-medical_clinical-immunobright-i200-tsh,2.205,2026-02-09T14:15:00Z,TSH,IA L1,ImmunoBright I200,Immunoassay,medical_clinical-demo,MED-RG-1,MED-15-A,ok,medical_clinical-015-004,uIU/mL,[],manual,synthetic demo high scatter with low Bayesian confidence
demo-medical_clinical-immunobright-i200-tsh,2.002,2026-02-09T16:15:00Z,TSH,IA L1,ImmunoBright I200,Immunoassay,medical_clinical-demo,MED-RG-1,MED-15-A,ok,medical_clinical-015-005,uIU/mL,[],manual,synthetic demo high scatter with low Bayesian confidence
demo-medical_clinical-immunobright-i200-tsh,2.212,2026-02-09T18:15:00Z,TSH,IA L1,ImmunoBright I200,Immunoassay,medical_clinical-demo,MED-RG-1,MED-15-A,ok,medical_clinical-015-006,uIU/mL,[],manual,synthetic demo high scatter with low Bayesian confidence
demo-medical_clinical-immunobright-i200-tsh,1.995,2026-02-09T20:15:00Z,TSH,IA L1,ImmunoBright I200,Immunoassay,medical_clinical-demo,MED-RG-1,MED-15-A,ok,medical_clinical-015-007,uIU/mL,[],manual,synthetic demo high scatter with low Bayesian confidence
demo-medical_clinical-immunobright-i200-tsh,2.219,2026-02-09T22:15:00Z,TSH,IA L1,ImmunoBright I200,Immunoassay,medical_clinical-demo,MED-RG-1,MED-15-A,ok,medical_clinical-015-008,uIU/mL,[],manual,synthetic demo high scatter with low Bayesian confidence
demo-medical_clinical-immunobright-i200-tsh,1.988,2026-02-10T00:15:00Z,TSH,IA L1,ImmunoBright I200,Immunoassay,medical_clinical-demo,MED-RG-1,MED-15-A,ok,medical_clinical-015-009,uIU/mL,[],manual,synthetic demo high scatter with low Bayesian confidence
demo-medical_clinical-immunobright-i200-tsh,2.226,2026-02-10T02:15:00Z,TSH,IA L1,ImmunoBright I200,Immunoassay,medical_clinical-demo,MED-RG-1,MED-15-A,ok,medical_clinical-015-010,uIU/mL,[],manual,synthetic demo high scatter with low Bayesian confidence
demo-medical_clinical-immunobright-i200-tsh,1.981,2026-02-10T04:15:00Z,TSH,IA L1,ImmunoBright I200,Immunoassay,medical_clinical-demo,MED-RG-1,MED-15-A,ok,medical_clinical-015-011,uIU/mL,[],manual,synthetic demo high scatter with low Bayesian confidence
demo-medical_clinical-immunobright-i200-tsh,2.233,2026-02-10T06:15:00Z,TSH,IA L1,ImmunoBright I200,Immunoassay,medical_clinical-demo,MED-RG-1,MED-15-A,ok,medical_clinical-015-012,uIU/mL,[],manual,synthetic demo high scatter with low Bayesian confidence
demo-medical_clinical-immunobright-i200-tsh,1.974,2026-02-10T08:15:00Z,TSH,IA L1,ImmunoBright I200,Immunoassay,medical_clinical-demo,MED-RG-1,MED-15-A,ok,medical_clinical-015-013,uIU/mL,[],manual,synthetic demo high scatter with low Bayesian confidence
demo-medical_clinical-immunobright-i200-tsh,2.219,2026-02-10T10:15:00Z,TSH,IA L1,ImmunoBright I200,Immunoassay,medical_clinical-demo,MED-RG-1,MED-15-A,ok,medical_clinical-015-014,uIU/mL,[],manual,synthetic demo high scatter with low Bayesian confidence
demo-medical_clinical-immunobright-i200-tsh,1.988,2026-02-10T12:15:00Z,TSH,IA L1,ImmunoBright I200,Immunoassay,medical_clinical-demo,MED-RG-1,MED-15-A,ok,medical_clinical-015-015,uIU/mL,[],manual,synthetic demo high scatter with low Bayesian confidence
demo-medical_clinical-immunobright-i200-tsh,2.226,2026-02-10T14:15:00Z,TSH,IA L1,ImmunoBright I200,Immunoassay,medical_clinical-demo,MED-RG-2,MED-15-B,ok,medical_clinical-015-016,uIU/mL,[],manual,synthetic demo high scatter with low Bayesian confidence
demo-medical_clinical-immunobright-i200-tsh,1.981,2026-02-10T16:15:00Z,TSH,IA L1,ImmunoBright I200,Immunoassay,medical_clinical-demo,MED-RG-2,MED-15-B,ok,medical_clinical-015-017,uIU/mL,[],manual,synthetic demo high scatter with low Bayesian confidence
demo-medical_clinical-immunobright-i200-tsh,2.212,2026-02-10T18:15:00Z,TSH,IA L1,ImmunoBright I200,Immunoassay,medical_clinical-demo,MED-RG-2,MED-15-B,ok,medical_clinical-015-018,uIU/mL,[],manual,synthetic demo high scatter with low Bayesian confidence
demo-medical_clinical-immunobright-i200-tsh,1.995,2026-02-10T20:15:00Z,TSH,IA L1,ImmunoBright I200,Immunoassay,medical_clinical-demo,MED-RG-2,MED-15-B,ok,medical_clinical-015-019,uIU/mL,[],manual,synthetic demo high scatter with low Bayesian confidence
demo-medical_clinical-immunobright-i200-tsh,2.198,2026-02-10T22:15:00Z,TSH,IA L1,ImmunoBright I200,Immunoassay,medical_clinical-demo,MED-RG-2,MED-15-B,ok,medical_clinical-015-020,uIU/mL,[],manual,synthetic demo high scatter with low Bayesian confidence
demo-medical_clinical-immunobright-i200-tsh,2.009,2026-02-11T00:15:00Z,TSH,IA L1,ImmunoBright I200,Immunoassay,medical_clinical-demo,MED-RG-2,MED-15-B,ok,medical_clinical-015-021,uIU/mL,[],manual,synthetic demo high scatter with low Bayesian confidence
demo-medical_clinical-immunobright-i200-tsh,2.184,2026-02-11T02:15:00Z,TSH,IA L1,ImmunoBright I200,Immunoassay,medical_clinical-demo,MED-RG-2,MED-15-B,ok,medical_clinical-015-022,uIU/mL,[],manual,synthetic demo high scatter with low Bayesian confidence
demo-medical_clinical-immunobright-i200-tsh,2.023,2026-02-11T04:15:00Z,TSH,IA L1,ImmunoBright I200,Immunoassay,medical_clinical-demo,MED-RG-2,MED-15-B,ok,medical_clinical-015-023,uIU/mL,[],manual,synthetic demo high scatter with low Bayesian confidence
demo-medical_clinical-immunobright-i200-tsh,2.156,2026-02-11T06:15:00Z,TSH,IA L1,ImmunoBright I200,Immunoassay,medical_clinical-demo,MED-RG-2,MED-15-B,ok,medical_clinical-015-024,uIU/mL,[],manual,synthetic demo high scatter with low Bayesian confidence
demo-medical_clinical-immunobright-i200-tsh,2.051,2026-02-11T08:15:00Z,TSH,IA L1,ImmunoBright I200,Immunoassay,medical_clinical-demo,MED-RG-2,MED-15-B,ok,medical_clinical-015-025,uIU/mL,[],manual,synthetic demo high scatter with low Bayesian confidence
demo-medical_clinical-immunobright-i200-free-t4,1.2,2026-02-09T08:20:00Z,Free T4,IA L1,ImmunoBright I200,Immunoassay,medical_clinical-demo,MED-RG-1,MED-16-A,ok,medical_clinical-016-001,ng/dL,[],manual,synthetic demo upward step after lot change
demo-medical_clinical-immunobright-i200-free-t4,1.204,2026-02-09T10:20:00Z,Free T4,IA L1,ImmunoBright I200,Immunoassay,medical_clinical-demo,MED-RG-1,MED-16-A,ok,medical_clinical-016-002,ng/dL,[],manual,synthetic demo upward step after lot change
demo-medical_clinical-immunobright-i200-free-t4,1.196,2026-02-09T12:20:00Z,Free T4,IA L1,ImmunoBright I200,Immunoassay,medical_clinical-demo,MED-RG-1,MED-16-A,ok,medical_clinical-016-003,ng/dL,[],manual,synthetic demo upward step after lot change
demo-medical_clinical-immunobright-i200-free-t4,1.2,2026-02-09T14:20:00Z,Free T4,IA L1,ImmunoBright I200,Immunoassay,medical_clinical-demo,MED-RG-1,MED-16-A,ok,medical_clinical-016-004,ng/dL,[],manual,synthetic demo upward step after lot change
demo-medical_clinical-immunobright-i200-free-t4,1.208,2026-02-09T16:20:00Z,Free T4,IA L1,ImmunoBright I200,Immunoassay,medical_clinical-demo,MED-RG-1,MED-16-A,ok,medical_clinical-016-005,ng/dL,[],manual,synthetic demo upward step after lot change
demo-medical_clinical-immunobright-i200-free-t4,1.204,2026-02-09T18:20:00Z,Free T4,IA L1,ImmunoBright I200,Immunoassay,medical_clinical-demo,MED-RG-1,MED-16-A,ok,medical_clinical-016-006,ng/dL,[],manual,synthetic demo upward step after lot change
demo-medical_clinical-immunobright-i200-free-t4,1.196,2026-02-09T20:20:00Z,Free T4,IA L1,ImmunoBright I200,Immunoassay,medical_clinical-demo,MED-RG-1,MED-16-A,ok,medical_clinical-016-007,ng/dL,[],manual,synthetic demo upward step after lot change
demo-medical_clinical-immunobright-i200-free-t4,1.2,2026-02-09T22:20:00Z,Free T4,IA L1,ImmunoBright I200,Immunoassay,medical_clinical-demo,MED-RG-1,MED-16-A,ok,medical_clinical-016-008,ng/dL,[],manual,synthetic demo upward step after lot change
demo-medical_clinical-immunobright-i200-free-t4,1.204,2026-02-10T00:20:00Z,Free T4,IA L1,ImmunoBright I200,Immunoassay,medical_clinical-demo,MED-RG-1,MED-16-A,ok,medical_clinical-016-009,ng/dL,[],manual,synthetic demo upward step after lot change
demo-medical_clinical-immunobright-i200-free-t4,1.196,2026-02-10T02:20:00Z,Free T4,IA L1,ImmunoBright I200,Immunoassay,medical_clinical-demo,MED-RG-1,MED-16-A,ok,medical_clinical-016-010,ng/dL,[],manual,synthetic demo upward step after lot change
demo-medical_clinical-immunobright-i200-free-t4,1.2,2026-02-10T04:20:00Z,Free T4,IA L1,ImmunoBright I200,Immunoassay,medical_clinical-demo,MED-RG-1,MED-16-A,ok,medical_clinical-016-011,ng/dL,[],manual,synthetic demo upward step after lot change
demo-medical_clinical-immunobright-i200-free-t4,1.208,2026-02-10T06:20:00Z,Free T4,IA L1,ImmunoBright I200,Immunoassay,medical_clinical-demo,MED-RG-1,MED-16-A,ok,medical_clinical-016-012,ng/dL,[],manual,synthetic demo upward step after lot change
demo-medical_clinical-immunobright-i200-free-t4,1.204,2026-02-10T08:20:00Z,Free T4,IA L1,ImmunoBright I200,Immunoassay,medical_clinical-demo,MED-RG-1,MED-16-A,ok,medical_clinical-016-013,ng/dL,[],manual,synthetic demo upward step after lot change
demo-medical_clinical-immunobright-i200-free-t4,1.2,2026-02-10T10:20:00Z,Free T4,IA L1,ImmunoBright I200,Immunoassay,medical_clinical-demo,MED-RG-1,MED-16-A,ok,medical_clinical-016-014,ng/dL,[],manual,synthetic demo upward step after lot change
demo-medical_clinical-immunobright-i200-free-t4,1.196,2026-02-10T12:20:00Z,Free T4,IA L1,ImmunoBright I200,Immunoassay,medical_clinical-demo,MED-RG-1,MED-16-A,ok,medical_clinical-016-015,ng/dL,[],manual,synthetic demo upward step after lot change
demo-medical_clinical-immunobright-i200-free-t4,1.248,2026-02-10T14:20:00Z,Free T4,IA L1,ImmunoBright I200,Immunoassay,medical_clinical-demo,MED-RG-2,MED-16-B,ok,medical_clinical-016-016,ng/dL,[],manual,synthetic demo upward step after lot change
demo-medical_clinical-immunobright-i200-free-t4,1.256,2026-02-10T16:20:00Z,Free T4,IA L1,ImmunoBright I200,Immunoassay,medical_clinical-demo,MED-RG-2,MED-16-B,ok,medical_clinical-016-017,ng/dL,[],manual,synthetic demo upward step after lot change
demo-medical_clinical-immunobright-i200-free-t4,1.26,2026-02-10T18:20:00Z,Free T4,IA L1,ImmunoBright I200,Immunoassay,medical_clinical-demo,MED-RG-2,MED-16-B,ok,medical_clinical-016-018,ng/dL,[],manual,synthetic demo upward step after lot change
demo-medical_clinical-immunobright-i200-free-t4,1.256,2026-02-10T20:20:00Z,Free T4,IA L1,ImmunoBright I200,Immunoassay,medical_clinical-demo,MED-RG-2,MED-16-B,ok,medical_clinical-016-019,ng/dL,[],manual,synthetic demo upward step after lot change
demo-medical_clinical-immunobright-i200-free-t4,1.264,2026-02-10T22:20:00Z,Free T4,IA L1,ImmunoBright I200,Immunoassay,medical_clinical-demo,MED-RG-2,MED-16-B,ok,medical_clinical-016-020,ng/dL,[],manual,synthetic demo upward step after lot change
demo-medical_clinical-immunobright-i200-free-t4,1.26,2026-02-11T00:20:00Z,Free T4,IA L1,ImmunoBright I200,Immunoassay,medical_clinical-demo,MED-RG-2,MED-16-B,ok,medical_clinical-016-021,ng/dL,[],manual,synthetic demo upward step after lot change
demo-medical_clinical-immunobright-i200-free-t4,1.256,2026-02-11T02:20:00Z,Free T4,IA L1,ImmunoBright I200,Immunoassay,medical_clinical-demo,MED-RG-2,MED-16-B,ok,medical_clinical-016-022,ng/dL,[],manual,synthetic demo upward step after lot change
demo-medical_clinical-immunobright-i200-free-t4,1.264,2026-02-11T04:20:00Z,Free T4,IA L1,ImmunoBright I200,Immunoassay,medical_clinical-demo,MED-RG-2,MED-16-B,ok,medical_clinical-016-023,ng/dL,[],manual,synthetic demo upward step after lot change
demo-medical_clinical-immunobright-i200-free-t4,1.26,2026-02-11T06:20:00Z,Free T4,IA L1,ImmunoBright I200,Immunoassay,medical_clinical-demo,MED-RG-2,MED-16-B,ok,medical_clinical-016-024,ng/dL,[],manual,synthetic demo upward step after lot change
demo-medical_clinical-immunobright-i200-free-t4,1.256,2026-02-11T08:20:00Z,Free T4,IA L1,ImmunoBright I200,Immunoassay,medical_clinical-demo,MED-RG-2,MED-16-B,ok,medical_clinical-016-025,ng/dL,[],manual,synthetic demo upward step after lot change
demo-medical_clinical-immunobright-i200-troponin-i,18.0,2026-02-09T08:25:00Z,Troponin I,Cardiac QC,ImmunoBright I200,Immunoassay,medical_clinical-demo,MED-RG-1,MED-17-A,ok,medical_clinical-017-001,ng/L,[],manual,synthetic demo slow high drift
demo-medical_clinical-immunobright-i200-troponin-i,18.12,2026-02-09T10:25:00Z,Troponin I,Cardiac QC,ImmunoBright I200,Immunoassay,medical_clinical-demo,MED-RG-1,MED-17-A,ok,medical_clinical-017-002,ng/L,[],manual,synthetic demo slow high drift
demo-medical_clinical-immunobright-i200-troponin-i,18.36,2026-02-09T12:25:00Z,Troponin I,Cardiac QC,ImmunoBright I200,Immunoassay,medical_clinical-demo,MED-RG-1,MED-17-A,ok,medical_clinical-017-003,ng/L,[],manual,synthetic demo slow high drift
demo-medical_clinical-immunobright-i200-troponin-i,18.6,2026-02-09T14:25:00Z,Troponin I,Cardiac QC,ImmunoBright I200,Immunoassay,medical_clinical-demo,MED-RG-1,MED-17-A,ok,medical_clinical-017-004,ng/L,[],manual,synthetic demo slow high drift
demo-medical_clinical-immunobright-i200-troponin-i,18.84,2026-02-09T16:25:00Z,Troponin I,Cardiac QC,ImmunoBright I200,Immunoassay,medical_clinical-demo,MED-RG-1,MED-17-A,ok,medical_clinical-017-005,ng/L,[],manual,synthetic demo slow high drift
demo-medical_clinical-immunobright-i200-troponin-i,19.08,2026-02-09T18:25:00Z,Troponin I,Cardiac QC,ImmunoBright I200,Immunoassay,medical_clinical-demo,MED-RG-1,MED-17-A,ok,medical_clinical-017-006,ng/L,[],manual,synthetic demo slow high drift
demo-medical_clinical-immunobright-i200-troponin-i,19.32,2026-02-09T20:25:00Z,Troponin I,Cardiac QC,ImmunoBright I200,Immunoassay,medical_clinical-demo,MED-RG-1,MED-17-A,ok,medical_clinical-017-007,ng/L,[],manual,synthetic demo slow high drift
demo-medical_clinical-immunobright-i200-troponin-i,19.56,2026-02-09T22:25:00Z,Troponin I,Cardiac QC,ImmunoBright I200,Immunoassay,medical_clinical-demo,MED-RG-1,MED-17-A,ok,medical_clinical-017-008,ng/L,[],manual,synthetic demo slow high drift
demo-medical_clinical-immunobright-i200-troponin-i,19.8,2026-02-10T00:25:00Z,Troponin I,Cardiac QC,ImmunoBright I200,Immunoassay,medical_clinical-demo,MED-RG-1,MED-17-A,ok,medical_clinical-017-009,ng/L,[],manual,synthetic demo slow high drift
demo-medical_clinical-immunobright-i200-troponin-i,20.04,2026-02-10T02:25:00Z,Troponin I,Cardiac QC,ImmunoBright I200,Immunoassay,medical_clinical-demo,MED-RG-1,MED-17-A,ok,medical_clinical-017-010,ng/L,[],manual,synthetic demo slow high drift
demo-medical_clinical-immunobright-i200-troponin-i,20.28,2026-02-10T04:25:00Z,Troponin I,Cardiac QC,ImmunoBright I200,Immunoassay,medical_clinical-demo,MED-RG-1,MED-17-A,ok,medical_clinical-017-011,ng/L,[],manual,synthetic demo slow high drift
demo-medical_clinical-immunobright-i200-troponin-i,20.52,2026-02-10T06:25:00Z,Troponin I,Cardiac QC,ImmunoBright I200,Immunoassay,medical_clinical-demo,MED-RG-1,MED-17-A,ok,medical_clinical-017-012,ng/L,[],manual,synthetic demo slow high drift
demo-medical_clinical-immunobright-i200-troponin-i,20.64,2026-02-10T08:25:00Z,Troponin I,Cardiac QC,ImmunoBright I200,Immunoassay,medical_clinical-demo,MED-RG-1,MED-17-A,ok,medical_clinical-017-013,ng/L,[],manual,synthetic demo slow high drift
demo-medical_clinical-immunobright-i200-troponin-i,20.76,2026-02-10T10:25:00Z,Troponin I,Cardiac QC,ImmunoBright I200,Immunoassay,medical_clinical-demo,MED-RG-1,MED-17-A,ok,medical_clinical-017-014,ng/L,[],manual,synthetic demo slow high drift
demo-medical_clinical-immunobright-i200-troponin-i,20.88,2026-02-10T12:25:00Z,Troponin I,Cardiac QC,ImmunoBright I200,Immunoassay,medical_clinical-demo,MED-RG-1,MED-17-A,ok,medical_clinical-017-015,ng/L,[],manual,synthetic demo slow high drift
demo-medical_clinical-immunobright-i200-troponin-i,21.0,2026-02-10T14:25:00Z,Troponin I,Cardiac QC,ImmunoBright I200,Immunoassay,medical_clinical-demo,MED-RG-2,MED-17-B,ok,medical_clinical-017-016,ng/L,[],manual,synthetic demo slow high drift
demo-medical_clinical-immunobright-i200-troponin-i,21.12,2026-02-10T16:25:00Z,Troponin I,Cardiac QC,ImmunoBright I200,Immunoassay,medical_clinical-demo,MED-RG-2,MED-17-B,ok,medical_clinical-017-017,ng/L,[],manual,synthetic demo slow high drift
demo-medical_clinical-immunobright-i200-troponin-i,21.24,2026-02-10T18:25:00Z,Troponin I,Cardiac QC,ImmunoBright I200,Immunoassay,medical_clinical-demo,MED-RG-2,MED-17-B,ok,medical_clinical-017-018,ng/L,[],manual,synthetic demo slow high drift
demo-medical_clinical-immunobright-i200-troponin-i,21.36,2026-02-10T20:25:00Z,Troponin I,Cardiac QC,ImmunoBright I200,Immunoassay,medical_clinical-demo,MED-RG-2,MED-17-B,ok,medical_clinical-017-019,ng/L,[],manual,synthetic demo slow high drift
demo-medical_clinical-immunobright-i200-troponin-i,21.48,2026-02-10T22:25:00Z,Troponin I,Cardiac QC,ImmunoBright I200,Immunoassay,medical_clinical-demo,MED-RG-2,MED-17-B,ok,medical_clinical-017-020,ng/L,[],manual,synthetic demo slow high drift
demo-medical_clinical-immunobright-i200-troponin-i,21.6,2026-02-11T00:25:00Z,Troponin I,Cardiac QC,ImmunoBright I200,Immunoassay,medical_clinical-demo,MED-RG-2,MED-17-B,ok,medical_clinical-017-021,ng/L,[],manual,synthetic demo slow high drift
demo-medical_clinical-immunobright-i200-troponin-i,21.72,2026-02-11T02:25:00Z,Troponin I,Cardiac QC,ImmunoBright I200,Immunoassay,medical_clinical-demo,MED-RG-2,MED-17-B,ok,medical_clinical-017-022,ng/L,[],manual,synthetic demo slow high drift
demo-medical_clinical-immunobright-i200-troponin-i,21.84,2026-02-11T04:25:00Z,Troponin I,Cardiac QC,ImmunoBright I200,Immunoassay,medical_clinical-demo,MED-RG-2,MED-17-B,ok,medical_clinical-017-023,ng/L,[],manual,synthetic demo slow high drift
demo-medical_clinical-immunobright-i200-troponin-i,21.96,2026-02-11T06:25:00Z,Troponin I,Cardiac QC,ImmunoBright I200,Immunoassay,medical_clinical-demo,MED-RG-2,MED-17-B,ok,medical_clinical-017-024,ng/L,[],manual,synthetic demo slow high drift
demo-medical_clinical-immunobright-i200-troponin-i,22.08,2026-02-11T08:25:00Z,Troponin I,Cardiac QC,ImmunoBright I200,Immunoassay,medical_clinical-demo,MED-RG-2,MED-17-B,ok,medical_clinical-017-025,ng/L,[],manual,synthetic demo slow high drift
demo-medical_clinical-immunobright-i200-vitamin-d,32.0,2026-02-09T08:00:00Z,Vitamin D,IA L2,ImmunoBright I200,Immunoassay,medical_clinical-demo,MED-RG-1,MED-18-A,ok,medical_clinical-018-001,ng/mL,[],manual,synthetic demo single low action outlier
demo-medical_clinical-immunobright-i200-vitamin-d,31.85,2026-02-09T10:00:00Z,Vitamin D,IA L2,ImmunoBright I200,Immunoassay,medical_clinical-demo,MED-RG-1,MED-18-A,ok,medical_clinical-018-002,ng/mL,[],manual,synthetic demo single low action outlier
demo-medical_clinical-immunobright-i200-vitamin-d,32.15,2026-02-09T12:00:00Z,Vitamin D,IA L2,ImmunoBright I200,Immunoassay,medical_clinical-demo,MED-RG-1,MED-18-A,ok,medical_clinical-018-003,ng/mL,[],manual,synthetic demo single low action outlier
demo-medical_clinical-immunobright-i200-vitamin-d,31.7,2026-02-09T14:00:00Z,Vitamin D,IA L2,ImmunoBright I200,Immunoassay,medical_clinical-demo,MED-RG-1,MED-18-A,ok,medical_clinical-018-004,ng/mL,[],manual,synthetic demo single low action outlier
demo-medical_clinical-immunobright-i200-vitamin-d,32.0,2026-02-09T16:00:00Z,Vitamin D,IA L2,ImmunoBright I200,Immunoassay,medical_clinical-demo,MED-RG-1,MED-18-A,ok,medical_clinical-018-005,ng/mL,[],manual,synthetic demo single low action outlier
demo-medical_clinical-immunobright-i200-vitamin-d,32.3,2026-02-09T18:00:00Z,Vitamin D,IA L2,ImmunoBright I200,Immunoassay,medical_clinical-demo,MED-RG-1,MED-18-A,ok,medical_clinical-018-006,ng/mL,[],manual,synthetic demo single low action outlier
demo-medical_clinical-immunobright-i200-vitamin-d,31.85,2026-02-09T20:00:00Z,Vitamin D,IA L2,ImmunoBright I200,Immunoassay,medical_clinical-demo,MED-RG-1,MED-18-A,ok,medical_clinical-018-007,ng/mL,[],manual,synthetic demo single low action outlier
demo-medical_clinical-immunobright-i200-vitamin-d,31.7,2026-02-09T22:00:00Z,Vitamin D,IA L2,ImmunoBright I200,Immunoassay,medical_clinical-demo,MED-RG-1,MED-18-A,ok,medical_clinical-018-008,ng/mL,[],manual,synthetic demo single low action outlier
demo-medical_clinical-immunobright-i200-vitamin-d,26.9,2026-02-10T00:00:00Z,Vitamin D,IA L2,ImmunoBright I200,Immunoassay,medical_clinical-demo,MED-RG-1,MED-18-A,ok,medical_clinical-018-009,ng/mL,[],manual,synthetic demo single low action outlier
demo-medical_clinical-immunobright-i200-vitamin-d,31.55,2026-02-10T02:00:00Z,Vitamin D,IA L2,ImmunoBright I200,Immunoassay,medical_clinical-demo,MED-RG-1,MED-18-A,ok,medical_clinical-018-010,ng/mL,[],manual,synthetic demo single low action outlier
demo-medical_clinical-immunobright-i200-vitamin-d,32.0,2026-02-10T04:00:00Z,Vitamin D,IA L2,ImmunoBright I200,Immunoassay,medical_clinical-demo,MED-RG-1,MED-18-A,ok,medical_clinical-018-011,ng/mL,[],manual,synthetic demo single low action outlier
demo-medical_clinical-immunobright-i200-vitamin-d,32.15,2026-02-10T06:00:00Z,Vitamin D,IA L2,ImmunoBright I200,Immunoassay,medical_clinical-demo,MED-RG-1,MED-18-A,ok,medical_clinical-018-012,ng/mL,[],manual,synthetic demo single low action outlier
demo-medical_clinical-immunobright-i200-vitamin-d,31.85,2026-02-10T08:00:00Z,Vitamin D,IA L2,ImmunoBright I200,Immunoassay,medical_clinical-demo,MED-RG-1,MED-18-A,ok,medical_clinical-018-013,ng/mL,[],manual,synthetic demo single low action outlier
demo-medical_clinical-immunobright-i200-vitamin-d,32.0,2026-02-10T10:00:00Z,Vitamin D,IA L2,ImmunoBright I200,Immunoassay,medical_clinical-demo,MED-RG-1,MED-18-A,ok,medical_clinical-018-014,ng/mL,[],manual,synthetic demo single low action outlier
demo-medical_clinical-immunobright-i200-vitamin-d,32.3,2026-02-10T12:00:00Z,Vitamin D,IA L2,ImmunoBright I200,Immunoassay,medical_clinical-demo,MED-RG-1,MED-18-A,ok,medical_clinical-018-015,ng/mL,[],manual,synthetic demo single low action outlier
demo-medical_clinical-immunobright-i200-vitamin-d,31.7,2026-02-10T14:00:00Z,Vitamin D,IA L2,ImmunoBright I200,Immunoassay,medical_clinical-demo,MED-RG-2,MED-18-B,ok,medical_clinical-018-016,ng/mL,[],manual,synthetic demo single low action outlier
demo-medical_clinical-immunobright-i200-vitamin-d,31.85,2026-02-10T16:00:00Z,Vitamin D,IA L2,ImmunoBright I200,Immunoassay,medical_clinical-demo,MED-RG-2,MED-18-B,ok,medical_clinical-018-017,ng/mL,[],manual,synthetic demo single low action outlier
demo-medical_clinical-immunobright-i200-vitamin-d,32.0,2026-02-10T18:00:00Z,Vitamin D,IA L2,ImmunoBright I200,Immunoassay,medical_clinical-demo,MED-RG-2,MED-18-B,ok,medical_clinical-018-018,ng/mL,[],manual,synthetic demo single low action outlier
demo-medical_clinical-immunobright-i200-vitamin-d,32.15,2026-02-10T20:00:00Z,Vitamin D,IA L2,ImmunoBright I200,Immunoassay,medical_clinical-demo,MED-RG-2,MED-18-B,ok,medical_clinical-018-019,ng/mL,[],manual,synthetic demo single low action outlier
demo-medical_clinical-immunobright-i200-vitamin-d,31.85,2026-02-10T22:00:00Z,Vitamin D,IA L2,ImmunoBright I200,Immunoassay,medical_clinical-demo,MED-RG-2,MED-18-B,ok,medical_clinical-018-020,ng/mL,[],manual,synthetic demo single low action outlier
demo-medical_clinical-immunobright-i200-vitamin-d,32.0,2026-02-11T00:00:00Z,Vitamin D,IA L2,ImmunoBright I200,Immunoassay,medical_clinical-demo,MED-RG-2,MED-18-B,ok,medical_clinical-018-021,ng/mL,[],manual,synthetic demo single low action outlier
demo-medical_clinical-immunobright-i200-vitamin-d,32.3,2026-02-11T02:00:00Z,Vitamin D,IA L2,ImmunoBright I200,Immunoassay,medical_clinical-demo,MED-RG-2,MED-18-B,ok,medical_clinical-018-022,ng/mL,[],manual,synthetic demo single low action outlier
demo-medical_clinical-immunobright-i200-vitamin-d,31.85,2026-02-11T04:00:00Z,Vitamin D,IA L2,ImmunoBright I200,Immunoassay,medical_clinical-demo,MED-RG-2,MED-18-B,ok,medical_clinical-018-023,ng/mL,[],manual,synthetic demo single low action outlier
demo-medical_clinical-immunobright-i200-vitamin-d,32.0,2026-02-11T06:00:00Z,Vitamin D,IA L2,ImmunoBright I200,Immunoassay,medical_clinical-demo,MED-RG-2,MED-18-B,ok,medical_clinical-018-024,ng/mL,[],manual,synthetic demo single low action outlier
demo-medical_clinical-immunobright-i200-vitamin-d,31.7,2026-02-11T08:00:00Z,Vitamin D,IA L2,ImmunoBright I200,Immunoassay,medical_clinical-demo,MED-RG-2,MED-18-B,ok,medical_clinical-018-025,ng/mL,[],manual,synthetic demo single low action outlier
demo-medical_clinical-gaslab-abl-90-ph,7.4,2026-02-09T08:05:00Z,pH,Blood gas L1,GasLab ABL-90,Blood Gas,medical_clinical-demo,MED-RG-1,MED-19-A,ok,medical_clinical-019-001,pH,[],manual,synthetic demo maintenance recovery
demo-medical_clinical-gaslab-abl-90-ph,7.402,2026-02-09T10:05:00Z,pH,Blood gas L1,GasLab ABL-90,Blood Gas,medical_clinical-demo,MED-RG-1,MED-19-A,ok,medical_clinical-019-002,pH,[],manual,synthetic demo maintenance recovery
demo-medical_clinical-gaslab-abl-90-ph,7.404,2026-02-09T12:05:00Z,pH,Blood gas L1,GasLab ABL-90,Blood Gas,medical_clinical-demo,MED-RG-1,MED-19-A,ok,medical_clinical-019-003,pH,[],manual,synthetic demo maintenance recovery
demo-medical_clinical-gaslab-abl-90-ph,7.407,2026-02-09T14:05:00Z,pH,Blood gas L1,GasLab ABL-90,Blood Gas,medical_clinical-demo,MED-RG-1,MED-19-A,ok,medical_clinical-019-004,pH,[],manual,synthetic demo maintenance recovery
demo-medical_clinical-gaslab-abl-90-ph,7.41,2026-02-09T16:05:00Z,pH,Blood gas L1,GasLab ABL-90,Blood Gas,medical_clinical-demo,MED-RG-1,MED-19-A,ok,medical_clinical-019-005,pH,[],manual,synthetic demo maintenance recovery
demo-medical_clinical-gaslab-abl-90-ph,7.414,2026-02-09T18:05:00Z,pH,Blood gas L1,GasLab ABL-90,Blood Gas,medical_clinical-demo,MED-RG-1,MED-19-A,ok,medical_clinical-019-006,pH,[],manual,synthetic demo maintenance recovery
demo-medical_clinical-gaslab-abl-90-ph,7.418,2026-02-09T20:05:00Z,pH,Blood gas L1,GasLab ABL-90,Blood Gas,medical_clinical-demo,MED-RG-1,MED-19-A,ok,medical_clinical-019-007,pH,[],manual,synthetic demo maintenance recovery
demo-medical_clinical-gaslab-abl-90-ph,7.421,2026-02-09T22:05:00Z,pH,Blood gas L1,GasLab ABL-90,Blood Gas,medical_clinical-demo,MED-RG-1,MED-19-A,ok,medical_clinical-019-008,pH,[],manual,synthetic demo maintenance recovery
demo-medical_clinical-gaslab-abl-90-ph,7.424,2026-02-10T00:05:00Z,pH,Blood gas L1,GasLab ABL-90,Blood Gas,medical_clinical-demo,MED-RG-1,MED-19-A,ok,medical_clinical-019-009,pH,[],manual,synthetic demo maintenance recovery
demo-medical_clinical-gaslab-abl-90-ph,7.428,2026-02-10T02:05:00Z,pH,Blood gas L1,GasLab ABL-90,Blood Gas,medical_clinical-demo,MED-RG-1,MED-19-A,ok,medical_clinical-019-010,pH,[],manual,synthetic demo maintenance recovery
demo-medical_clinical-gaslab-abl-90-ph,7.432,2026-02-10T04:05:00Z,pH,Blood gas L1,GasLab ABL-90,Blood Gas,medical_clinical-demo,MED-RG-1,MED-19-A,ok,medical_clinical-019-011,pH,[],manual,synthetic demo maintenance recovery
demo-medical_clinical-gaslab-abl-90-ph,7.427,2026-02-10T06:05:00Z,pH,Blood gas L1,GasLab ABL-90,Blood Gas,medical_clinical-demo,MED-RG-1,MED-19-A,ok,medical_clinical-019-012,pH,[],manual,synthetic demo maintenance recovery
demo-medical_clinical-gaslab-abl-90-ph,7.421,2026-02-10T08:05:00Z,pH,Blood gas L1,GasLab ABL-90,Blood Gas,medical_clinical-demo,MED-RG-1,MED-19-A,ok,medical_clinical-019-013,pH,[],manual,synthetic demo maintenance recovery
demo-medical_clinical-gaslab-abl-90-ph,7.412,2026-02-10T10:05:00Z,pH,Blood gas L1,GasLab ABL-90,Blood Gas,medical_clinical-demo,MED-RG-1,MED-19-A,ok,medical_clinical-019-014,pH,[],manual,synthetic demo maintenance recovery
demo-medical_clinical-gaslab-abl-90-ph,7.405,2026-02-10T12:05:00Z,pH,Blood gas L1,GasLab ABL-90,Blood Gas,medical_clinical-demo,MED-RG-1,MED-19-A,ok,medical_clinical-019-015,pH,[],manual,synthetic demo maintenance recovery
demo-medical_clinical-gaslab-abl-90-ph,7.402,2026-02-10T14:05:00Z,pH,Blood gas L1,GasLab ABL-90,Blood Gas,medical_clinical-demo,MED-RG-2,MED-19-B,ok,medical_clinical-019-016,pH,[],manual,synthetic demo maintenance recovery
demo-medical_clinical-gaslab-abl-90-ph,7.4,2026-02-10T16:05:00Z,pH,Blood gas L1,GasLab ABL-90,Blood Gas,medical_clinical-demo,MED-RG-2,MED-19-B,ok,medical_clinical-019-017,pH,[],manual,synthetic demo maintenance recovery
demo-medical_clinical-gaslab-abl-90-ph,7.399,2026-02-10T18:05:00Z,pH,Blood gas L1,GasLab ABL-90,Blood Gas,medical_clinical-demo,MED-RG-2,MED-19-B,ok,medical_clinical-019-018,pH,[],manual,synthetic demo maintenance recovery
demo-medical_clinical-gaslab-abl-90-ph,7.401,2026-02-10T20:05:00Z,pH,Blood gas L1,GasLab ABL-90,Blood Gas,medical_clinical-demo,MED-RG-2,MED-19-B,ok,medical_clinical-019-019,pH,[],manual,synthetic demo maintenance recovery
demo-medical_clinical-gaslab-abl-90-ph,7.4,2026-02-10T22:05:00Z,pH,Blood gas L1,GasLab ABL-90,Blood Gas,medical_clinical-demo,MED-RG-2,MED-19-B,ok,medical_clinical-019-020,pH,[],manual,synthetic demo maintenance recovery
demo-medical_clinical-gaslab-abl-90-ph,7.398,2026-02-11T00:05:00Z,pH,Blood gas L1,GasLab ABL-90,Blood Gas,medical_clinical-demo,MED-RG-2,MED-19-B,ok,medical_clinical-019-021,pH,[],manual,synthetic demo maintenance recovery
demo-medical_clinical-gaslab-abl-90-ph,7.401,2026-02-11T02:05:00Z,pH,Blood gas L1,GasLab ABL-90,Blood Gas,medical_clinical-demo,MED-RG-2,MED-19-B,ok,medical_clinical-019-022,pH,[],manual,synthetic demo maintenance recovery
demo-medical_clinical-gaslab-abl-90-ph,7.4,2026-02-11T04:05:00Z,pH,Blood gas L1,GasLab ABL-90,Blood Gas,medical_clinical-demo,MED-RG-2,MED-19-B,ok,medical_clinical-019-023,pH,[],manual,synthetic demo maintenance recovery
demo-medical_clinical-gaslab-abl-90-ph,7.402,2026-02-11T06:05:00Z,pH,Blood gas L1,GasLab ABL-90,Blood Gas,medical_clinical-demo,MED-RG-2,MED-19-B,ok,medical_clinical-019-024,pH,[],manual,synthetic demo maintenance recovery
demo-medical_clinical-gaslab-abl-90-ph,7.399,2026-02-11T08:05:00Z,pH,Blood gas L1,GasLab ABL-90,Blood Gas,medical_clinical-demo,MED-RG-2,MED-19-B,ok,medical_clinical-019-025,pH,[],manual,synthetic demo maintenance recovery
demo-medical_clinical-gaslab-abl-90-pco2,40.0,2026-02-09T08:10:00Z,pCO2,Blood gas L1,GasLab ABL-90,Blood Gas,medical_clinical-demo,MED-RG-1,MED-20-A,ok,medical_clinical-020-001,mmHg,[],manual,synthetic demo downward step after lot change
demo-medical_clinical-gaslab-abl-90-pco2,39.9,2026-02-09T10:10:00Z,pCO2,Blood gas L1,GasLab ABL-90,Blood Gas,medical_clinical-demo,MED-RG-1,MED-20-A,ok,medical_clinical-020-002,mmHg,[],manual,synthetic demo downward step after lot change
demo-medical_clinical-gaslab-abl-90-pco2,40.1,2026-02-09T12:10:00Z,pCO2,Blood gas L1,GasLab ABL-90,Blood Gas,medical_clinical-demo,MED-RG-1,MED-20-A,ok,medical_clinical-020-003,mmHg,[],manual,synthetic demo downward step after lot change
demo-medical_clinical-gaslab-abl-90-pco2,40.0,2026-02-09T14:10:00Z,pCO2,Blood gas L1,GasLab ABL-90,Blood Gas,medical_clinical-demo,MED-RG-1,MED-20-A,ok,medical_clinical-020-004,mmHg,[],manual,synthetic demo downward step after lot change
demo-medical_clinical-gaslab-abl-90-pco2,39.8,2026-02-09T16:10:00Z,pCO2,Blood gas L1,GasLab ABL-90,Blood Gas,medical_clinical-demo,MED-RG-1,MED-20-A,ok,medical_clinical-020-005,mmHg,[],manual,synthetic demo downward step after lot change
demo-medical_clinical-gaslab-abl-90-pco2,39.9,2026-02-09T18:10:00Z,pCO2,Blood gas L1,GasLab ABL-90,Blood Gas,medical_clinical-demo,MED-RG-1,MED-20-A,ok,medical_clinical-020-006,mmHg,[],manual,synthetic demo downward step after lot change
demo-medical_clinical-gaslab-abl-90-pco2,40.1,2026-02-09T20:10:00Z,pCO2,Blood gas L1,GasLab ABL-90,Blood Gas,medical_clinical-demo,MED-RG-1,MED-20-A,ok,medical_clinical-020-007,mmHg,[],manual,synthetic demo downward step after lot change
demo-medical_clinical-gaslab-abl-90-pco2,40.0,2026-02-09T22:10:00Z,pCO2,Blood gas L1,GasLab ABL-90,Blood Gas,medical_clinical-demo,MED-RG-1,MED-20-A,ok,medical_clinical-020-008,mmHg,[],manual,synthetic demo downward step after lot change
demo-medical_clinical-gaslab-abl-90-pco2,39.9,2026-02-10T00:10:00Z,pCO2,Blood gas L1,GasLab ABL-90,Blood Gas,medical_clinical-demo,MED-RG-1,MED-20-A,ok,medical_clinical-020-009,mmHg,[],manual,synthetic demo downward step after lot change
demo-medical_clinical-gaslab-abl-90-pco2,40.1,2026-02-10T02:10:00Z,pCO2,Blood gas L1,GasLab ABL-90,Blood Gas,medical_clinical-demo,MED-RG-1,MED-20-A,ok,medical_clinical-020-010,mmHg,[],manual,synthetic demo downward step after lot change
demo-medical_clinical-gaslab-abl-90-pco2,40.0,2026-02-10T04:10:00Z,pCO2,Blood gas L1,GasLab ABL-90,Blood Gas,medical_clinical-demo,MED-RG-1,MED-20-A,ok,medical_clinical-020-011,mmHg,[],manual,synthetic demo downward step after lot change
demo-medical_clinical-gaslab-abl-90-pco2,39.8,2026-02-10T06:10:00Z,pCO2,Blood gas L1,GasLab ABL-90,Blood Gas,medical_clinical-demo,MED-RG-1,MED-20-A,ok,medical_clinical-020-012,mmHg,[],manual,synthetic demo downward step after lot change
demo-medical_clinical-gaslab-abl-90-pco2,39.9,2026-02-10T08:10:00Z,pCO2,Blood gas L1,GasLab ABL-90,Blood Gas,medical_clinical-demo,MED-RG-1,MED-20-A,ok,medical_clinical-020-013,mmHg,[],manual,synthetic demo downward step after lot change
demo-medical_clinical-gaslab-abl-90-pco2,40.0,2026-02-10T10:10:00Z,pCO2,Blood gas L1,GasLab ABL-90,Blood Gas,medical_clinical-demo,MED-RG-1,MED-20-A,ok,medical_clinical-020-014,mmHg,[],manual,synthetic demo downward step after lot change
demo-medical_clinical-gaslab-abl-90-pco2,40.1,2026-02-10T12:10:00Z,pCO2,Blood gas L1,GasLab ABL-90,Blood Gas,medical_clinical-demo,MED-RG-1,MED-20-A,ok,medical_clinical-020-015,mmHg,[],manual,synthetic demo downward step after lot change
demo-medical_clinical-gaslab-abl-90-pco2,38.8,2026-02-10T14:10:00Z,pCO2,Blood gas L1,GasLab ABL-90,Blood Gas,medical_clinical-demo,MED-RG-2,MED-20-B,ok,medical_clinical-020-016,mmHg,[],manual,synthetic demo downward step after lot change
demo-medical_clinical-gaslab-abl-90-pco2,38.6,2026-02-10T16:10:00Z,pCO2,Blood gas L1,GasLab ABL-90,Blood Gas,medical_clinical-demo,MED-RG-2,MED-20-B,ok,medical_clinical-020-017,mmHg,[],manual,synthetic demo downward step after lot change
demo-medical_clinical-gaslab-abl-90-pco2,38.5,2026-02-10T18:10:00Z,pCO2,Blood gas L1,GasLab ABL-90,Blood Gas,medical_clinical-demo,MED-RG-2,MED-20-B,ok,medical_clinical-020-018,mmHg,[],manual,synthetic demo downward step after lot change
demo-medical_clinical-gaslab-abl-90-pco2,38.6,2026-02-10T20:10:00Z,pCO2,Blood gas L1,GasLab ABL-90,Blood Gas,medical_clinical-demo,MED-RG-2,MED-20-B,ok,medical_clinical-020-019,mmHg,[],manual,synthetic demo downward step after lot change
demo-medical_clinical-gaslab-abl-90-pco2,38.4,2026-02-10T22:10:00Z,pCO2,Blood gas L1,GasLab ABL-90,Blood Gas,medical_clinical-demo,MED-RG-2,MED-20-B,ok,medical_clinical-020-020,mmHg,[],manual,synthetic demo downward step after lot change
demo-medical_clinical-gaslab-abl-90-pco2,38.5,2026-02-11T00:10:00Z,pCO2,Blood gas L1,GasLab ABL-90,Blood Gas,medical_clinical-demo,MED-RG-2,MED-20-B,ok,medical_clinical-020-021,mmHg,[],manual,synthetic demo downward step after lot change
demo-medical_clinical-gaslab-abl-90-pco2,38.6,2026-02-11T02:10:00Z,pCO2,Blood gas L1,GasLab ABL-90,Blood Gas,medical_clinical-demo,MED-RG-2,MED-20-B,ok,medical_clinical-020-022,mmHg,[],manual,synthetic demo downward step after lot change
demo-medical_clinical-gaslab-abl-90-pco2,38.4,2026-02-11T04:10:00Z,pCO2,Blood gas L1,GasLab ABL-90,Blood Gas,medical_clinical-demo,MED-RG-2,MED-20-B,ok,medical_clinical-020-023,mmHg,[],manual,synthetic demo downward step after lot change
demo-medical_clinical-gaslab-abl-90-pco2,38.5,2026-02-11T06:10:00Z,pCO2,Blood gas L1,GasLab ABL-90,Blood Gas,medical_clinical-demo,MED-RG-2,MED-20-B,ok,medical_clinical-020-024,mmHg,[],manual,synthetic demo downward step after lot change
demo-medical_clinical-gaslab-abl-90-pco2,38.6,2026-02-11T08:10:00Z,pCO2,Blood gas L1,GasLab ABL-90,Blood Gas,medical_clinical-demo,MED-RG-2,MED-20-B,ok,medical_clinical-020-025,mmHg,[],manual,synthetic demo downward step after lot change
demo-medical_clinical-gaslab-abl-90-lactate,1.2,2026-02-09T08:15:00Z,Lactate,Blood gas L2,GasLab ABL-90,Blood Gas,medical_clinical-demo,MED-RG-1,MED-21-A,ok,medical_clinical-021-001,mmol/L,[],manual,synthetic demo slow low drift
demo-medical_clinical-gaslab-abl-90-lactate,1.194,2026-02-09T10:15:00Z,Lactate,Blood gas L2,GasLab ABL-90,Blood Gas,medical_clinical-demo,MED-RG-1,MED-21-A,ok,medical_clinical-021-002,mmol/L,[],manual,synthetic demo slow low drift
demo-medical_clinical-gaslab-abl-90-lactate,1.182,2026-02-09T12:15:00Z,Lactate,Blood gas L2,GasLab ABL-90,Blood Gas,medical_clinical-demo,MED-RG-1,MED-21-A,ok,medical_clinical-021-003,mmol/L,[],manual,synthetic demo slow low drift
demo-medical_clinical-gaslab-abl-90-lactate,1.17,2026-02-09T14:15:00Z,Lactate,Blood gas L2,GasLab ABL-90,Blood Gas,medical_clinical-demo,MED-RG-1,MED-21-A,ok,medical_clinical-021-004,mmol/L,[],manual,synthetic demo slow low drift
demo-medical_clinical-gaslab-abl-90-lactate,1.158,2026-02-09T16:15:00Z,Lactate,Blood gas L2,GasLab ABL-90,Blood Gas,medical_clinical-demo,MED-RG-1,MED-21-A,ok,medical_clinical-021-005,mmol/L,[],manual,synthetic demo slow low drift
demo-medical_clinical-gaslab-abl-90-lactate,1.146,2026-02-09T18:15:00Z,Lactate,Blood gas L2,GasLab ABL-90,Blood Gas,medical_clinical-demo,MED-RG-1,MED-21-A,ok,medical_clinical-021-006,mmol/L,[],manual,synthetic demo slow low drift
demo-medical_clinical-gaslab-abl-90-lactate,1.134,2026-02-09T20:15:00Z,Lactate,Blood gas L2,GasLab ABL-90,Blood Gas,medical_clinical-demo,MED-RG-1,MED-21-A,ok,medical_clinical-021-007,mmol/L,[],manual,synthetic demo slow low drift
demo-medical_clinical-gaslab-abl-90-lactate,1.122,2026-02-09T22:15:00Z,Lactate,Blood gas L2,GasLab ABL-90,Blood Gas,medical_clinical-demo,MED-RG-1,MED-21-A,ok,medical_clinical-021-008,mmol/L,[],manual,synthetic demo slow low drift
demo-medical_clinical-gaslab-abl-90-lactate,1.11,2026-02-10T00:15:00Z,Lactate,Blood gas L2,GasLab ABL-90,Blood Gas,medical_clinical-demo,MED-RG-1,MED-21-A,ok,medical_clinical-021-009,mmol/L,[],manual,synthetic demo slow low drift
demo-medical_clinical-gaslab-abl-90-lactate,1.098,2026-02-10T02:15:00Z,Lactate,Blood gas L2,GasLab ABL-90,Blood Gas,medical_clinical-demo,MED-RG-1,MED-21-A,ok,medical_clinical-021-010,mmol/L,[],manual,synthetic demo slow low drift
demo-medical_clinical-gaslab-abl-90-lactate,1.086,2026-02-10T04:15:00Z,Lactate,Blood gas L2,GasLab ABL-90,Blood Gas,medical_clinical-demo,MED-RG-1,MED-21-A,ok,medical_clinical-021-011,mmol/L,[],manual,synthetic demo slow low drift
demo-medical_clinical-gaslab-abl-90-lactate,1.074,2026-02-10T06:15:00Z,Lactate,Blood gas L2,GasLab ABL-90,Blood Gas,medical_clinical-demo,MED-RG-1,MED-21-A,ok,medical_clinical-021-012,mmol/L,[],manual,synthetic demo slow low drift
demo-medical_clinical-gaslab-abl-90-lactate,1.068,2026-02-10T08:15:00Z,Lactate,Blood gas L2,GasLab ABL-90,Blood Gas,medical_clinical-demo,MED-RG-1,MED-21-A,ok,medical_clinical-021-013,mmol/L,[],manual,synthetic demo slow low drift
demo-medical_clinical-gaslab-abl-90-lactate,1.062,2026-02-10T10:15:00Z,Lactate,Blood gas L2,GasLab ABL-90,Blood Gas,medical_clinical-demo,MED-RG-1,MED-21-A,ok,medical_clinical-021-014,mmol/L,[],manual,synthetic demo slow low drift
demo-medical_clinical-gaslab-abl-90-lactate,1.056,2026-02-10T12:15:00Z,Lactate,Blood gas L2,GasLab ABL-90,Blood Gas,medical_clinical-demo,MED-RG-1,MED-21-A,ok,medical_clinical-021-015,mmol/L,[],manual,synthetic demo slow low drift
demo-medical_clinical-gaslab-abl-90-lactate,1.05,2026-02-10T14:15:00Z,Lactate,Blood gas L2,GasLab ABL-90,Blood Gas,medical_clinical-demo,MED-RG-2,MED-21-B,ok,medical_clinical-021-016,mmol/L,[],manual,synthetic demo slow low drift
demo-medical_clinical-gaslab-abl-90-lactate,1.044,2026-02-10T16:15:00Z,Lactate,Blood gas L2,GasLab ABL-90,Blood Gas,medical_clinical-demo,MED-RG-2,MED-21-B,ok,medical_clinical-021-017,mmol/L,[],manual,synthetic demo slow low drift
demo-medical_clinical-gaslab-abl-90-lactate,1.038,2026-02-10T18:15:00Z,Lactate,Blood gas L2,GasLab ABL-90,Blood Gas,medical_clinical-demo,MED-RG-2,MED-21-B,ok,medical_clinical-021-018,mmol/L,[],manual,synthetic demo slow low drift
demo-medical_clinical-gaslab-abl-90-lactate,1.032,2026-02-10T20:15:00Z,Lactate,Blood gas L2,GasLab ABL-90,Blood Gas,medical_clinical-demo,MED-RG-2,MED-21-B,ok,medical_clinical-021-019,mmol/L,[],manual,synthetic demo slow low drift
demo-medical_clinical-gaslab-abl-90-lactate,1.026,2026-02-10T22:15:00Z,Lactate,Blood gas L2,GasLab ABL-90,Blood Gas,medical_clinical-demo,MED-RG-2,MED-21-B,ok,medical_clinical-021-020,mmol/L,[],manual,synthetic demo slow low drift
demo-medical_clinical-gaslab-abl-90-lactate,1.02,2026-02-11T00:15:00Z,Lactate,Blood gas L2,GasLab ABL-90,Blood Gas,medical_clinical-demo,MED-RG-2,MED-21-B,ok,medical_clinical-021-021,mmol/L,[],manual,synthetic demo slow low drift
demo-medical_clinical-gaslab-abl-90-lactate,1.014,2026-02-11T02:15:00Z,Lactate,Blood gas L2,GasLab ABL-90,Blood Gas,medical_clinical-demo,MED-RG-2,MED-21-B,ok,medical_clinical-021-022,mmol/L,[],manual,synthetic demo slow low drift
demo-medical_clinical-gaslab-abl-90-lactate,1.008,2026-02-11T04:15:00Z,Lactate,Blood gas L2,GasLab ABL-90,Blood Gas,medical_clinical-demo,MED-RG-2,MED-21-B,ok,medical_clinical-021-023,mmol/L,[],manual,synthetic demo slow low drift
demo-medical_clinical-gaslab-abl-90-lactate,1.002,2026-02-11T06:15:00Z,Lactate,Blood gas L2,GasLab ABL-90,Blood Gas,medical_clinical-demo,MED-RG-2,MED-21-B,ok,medical_clinical-021-024,mmol/L,[],manual,synthetic demo slow low drift
demo-medical_clinical-gaslab-abl-90-lactate,0.996,2026-02-11T08:15:00Z,Lactate,Blood gas L2,GasLab ABL-90,Blood Gas,medical_clinical-demo,MED-RG-2,MED-21-B,ok,medical_clinical-021-025,mmol/L,[],manual,synthetic demo slow low drift
demo-medical_clinical-uriscan-u500-specific-gravity,1.02,2026-02-09T08:20:00Z,Specific Gravity,Urine L1,UriScan U500,Urinalysis,medical_clinical-demo,MED-RG-1,MED-22-A,ok,medical_clinical-022-001,ratio,[],manual,synthetic demo R-4s precision failure
demo-medical_clinical-uriscan-u500-specific-gravity,1.0202,2026-02-09T10:20:00Z,Specific Gravity,Urine L1,UriScan U500,Urinalysis,medical_clinical-demo,MED-RG-1,MED-22-A,ok,medical_clinical-022-002,ratio,[],manual,synthetic demo R-4s precision failure
demo-medical_clinical-uriscan-u500-specific-gravity,1.0244,2026-02-09T12:20:00Z,Specific Gravity,Urine L1,UriScan U500,Urinalysis,medical_clinical-demo,MED-RG-1,MED-22-A,ok,medical_clinical-022-003,ratio,[],manual,synthetic demo R-4s precision failure
demo-medical_clinical-uriscan-u500-specific-gravity,1.0156,2026-02-09T14:20:00Z,Specific Gravity,Urine L1,UriScan U500,Urinalysis,medical_clinical-demo,MED-RG-1,MED-22-A,ok,medical_clinical-022-004,ratio,[],manual,synthetic demo R-4s precision failure
demo-medical_clinical-uriscan-u500-specific-gravity,1.0242,2026-02-09T16:20:00Z,Specific Gravity,Urine L1,UriScan U500,Urinalysis,medical_clinical-demo,MED-RG-1,MED-22-A,ok,medical_clinical-022-005,ratio,[],manual,synthetic demo R-4s precision failure
demo-medical_clinical-uriscan-u500-specific-gravity,1.0158,2026-02-09T18:20:00Z,Specific Gravity,Urine L1,UriScan U500,Urinalysis,medical_clinical-demo,MED-RG-1,MED-22-A,ok,medical_clinical-022-006,ratio,[],manual,synthetic demo R-4s precision failure
demo-medical_clinical-uriscan-u500-specific-gravity,1.0236,2026-02-09T20:20:00Z,Specific Gravity,Urine L1,UriScan U500,Urinalysis,medical_clinical-demo,MED-RG-1,MED-22-A,ok,medical_clinical-022-007,ratio,[],manual,synthetic demo R-4s precision failure
demo-medical_clinical-uriscan-u500-specific-gravity,1.0166,2026-02-09T22:20:00Z,Specific Gravity,Urine L1,UriScan U500,Urinalysis,medical_clinical-demo,MED-RG-1,MED-22-A,ok,medical_clinical-022-008,ratio,[],manual,synthetic demo R-4s precision failure
demo-medical_clinical-uriscan-u500-specific-gravity,1.023,2026-02-10T00:20:00Z,Specific Gravity,Urine L1,UriScan U500,Urinalysis,medical_clinical-demo,MED-RG-1,MED-22-A,ok,medical_clinical-022-009,ratio,[],manual,synthetic demo R-4s precision failure
demo-medical_clinical-uriscan-u500-specific-gravity,1.0172,2026-02-10T02:20:00Z,Specific Gravity,Urine L1,UriScan U500,Urinalysis,medical_clinical-demo,MED-RG-1,MED-22-A,ok,medical_clinical-022-010,ratio,[],manual,synthetic demo R-4s precision failure
demo-medical_clinical-uriscan-u500-specific-gravity,1.0224,2026-02-10T04:20:00Z,Specific Gravity,Urine L1,UriScan U500,Urinalysis,medical_clinical-demo,MED-RG-1,MED-22-A,ok,medical_clinical-022-011,ratio,[],manual,synthetic demo R-4s precision failure
demo-medical_clinical-uriscan-u500-specific-gravity,1.0178,2026-02-10T06:20:00Z,Specific Gravity,Urine L1,UriScan U500,Urinalysis,medical_clinical-demo,MED-RG-1,MED-22-A,ok,medical_clinical-022-012,ratio,[],manual,synthetic demo R-4s precision failure
demo-medical_clinical-uriscan-u500-specific-gravity,1.0216,2026-02-10T08:20:00Z,Specific Gravity,Urine L1,UriScan U500,Urinalysis,medical_clinical-demo,MED-RG-1,MED-22-A,ok,medical_clinical-022-013,ratio,[],manual,synthetic demo R-4s precision failure
demo-medical_clinical-uriscan-u500-specific-gravity,1.0186,2026-02-10T10:20:00Z,Specific Gravity,Urine L1,UriScan U500,Urinalysis,medical_clinical-demo,MED-RG-1,MED-22-A,ok,medical_clinical-022-014,ratio,[],manual,synthetic demo R-4s precision failure
demo-medical_clinical-uriscan-u500-specific-gravity,1.0208,2026-02-10T12:20:00Z,Specific Gravity,Urine L1,UriScan U500,Urinalysis,medical_clinical-demo,MED-RG-1,MED-22-A,ok,medical_clinical-022-015,ratio,[],manual,synthetic demo R-4s precision failure
demo-medical_clinical-uriscan-u500-specific-gravity,1.0194,2026-02-10T14:20:00Z,Specific Gravity,Urine L1,UriScan U500,Urinalysis,medical_clinical-demo,MED-RG-2,MED-22-B,ok,medical_clinical-022-016,ratio,[],manual,synthetic demo R-4s precision failure
demo-medical_clinical-uriscan-u500-specific-gravity,1.0204,2026-02-10T16:20:00Z,Specific Gravity,Urine L1,UriScan U500,Urinalysis,medical_clinical-demo,MED-RG-2,MED-22-B,ok,medical_clinical-022-017,ratio,[],manual,synthetic demo R-4s precision failure
demo-medical_clinical-uriscan-u500-specific-gravity,1.0196,2026-02-10T18:20:00Z,Specific Gravity,Urine L1,UriScan U500,Urinalysis,medical_clinical-demo,MED-RG-2,MED-22-B,ok,medical_clinical-022-018,ratio,[],manual,synthetic demo R-4s precision failure
demo-medical_clinical-uriscan-u500-specific-gravity,1.0202,2026-02-10T20:20:00Z,Specific Gravity,Urine L1,UriScan U500,Urinalysis,medical_clinical-demo,MED-RG-2,MED-22-B,ok,medical_clinical-022-019,ratio,[],manual,synthetic demo R-4s precision failure
demo-medical_clinical-uriscan-u500-specific-gravity,1.02,2026-02-10T22:20:00Z,Specific Gravity,Urine L1,UriScan U500,Urinalysis,medical_clinical-demo,MED-RG-2,MED-22-B,ok,medical_clinical-022-020,ratio,[],manual,synthetic demo R-4s precision failure
demo-medical_clinical-uriscan-u500-specific-gravity,1.0198,2026-02-11T00:20:00Z,Specific Gravity,Urine L1,UriScan U500,Urinalysis,medical_clinical-demo,MED-RG-2,MED-22-B,ok,medical_clinical-022-021,ratio,[],manual,synthetic demo R-4s precision failure
demo-medical_clinical-uriscan-u500-specific-gravity,1.0202,2026-02-11T02:20:00Z,Specific Gravity,Urine L1,UriScan U500,Urinalysis,medical_clinical-demo,MED-RG-2,MED-22-B,ok,medical_clinical-022-022,ratio,[],manual,synthetic demo R-4s precision failure
demo-medical_clinical-uriscan-u500-specific-gravity,1.02,2026-02-11T04:20:00Z,Specific Gravity,Urine L1,UriScan U500,Urinalysis,medical_clinical-demo,MED-RG-2,MED-22-B,ok,medical_clinical-022-023,ratio,[],manual,synthetic demo R-4s precision failure
demo-medical_clinical-uriscan-u500-specific-gravity,1.0198,2026-02-11T06:20:00Z,Specific Gravity,Urine L1,UriScan U500,Urinalysis,medical_clinical-demo,MED-RG-2,MED-22-B,ok,medical_clinical-022-024,ratio,[],manual,synthetic demo R-4s precision failure
demo-medical_clinical-uriscan-u500-specific-gravity,1.02,2026-02-11T08:20:00Z,Specific Gravity,Urine L1,UriScan U500,Urinalysis,medical_clinical-demo,MED-RG-2,MED-22-B,ok,medical_clinical-022-025,ratio,[],manual,synthetic demo R-4s precision failure
demo-medical_clinical-uriscan-u500-urine-protein,15.0,2026-02-09T08:25:00Z,Urine Protein,Urine L2,UriScan U500,Urinalysis,medical_clinical-demo,MED-RG-1,MED-23-A,ok,medical_clinical-023-001,mg/dL,[],manual,synthetic demo duplicate retry cluster
demo-medical_clinical-uriscan-u500-urine-protein,15.0,2026-02-09T10:25:00Z,Urine Protein,Urine L2,UriScan U500,Urinalysis,medical_clinical-demo,MED-RG-1,MED-23-A,ok,medical_clinical-023-002,mg/dL,[],manual,synthetic demo duplicate retry cluster
demo-medical_clinical-uriscan-u500-urine-protein,15.1,2026-02-09T12:25:00Z,Urine Protein,Urine L2,UriScan U500,Urinalysis,medical_clinical-demo,MED-RG-1,MED-23-A,ok,medical_clinical-023-003,mg/dL,[],manual,synthetic demo duplicate retry cluster
demo-medical_clinical-uriscan-u500-urine-protein,15.1,2026-02-09T14:25:00Z,Urine Protein,Urine L2,UriScan U500,Urinalysis,medical_clinical-demo,MED-RG-1,MED-23-A,ok,medical_clinical-023-004,mg/dL,[],manual,synthetic demo duplicate retry cluster
demo-medical_clinical-uriscan-u500-urine-protein,15.1,2026-02-09T16:25:00Z,Urine Protein,Urine L2,UriScan U500,Urinalysis,medical_clinical-demo,MED-RG-1,MED-23-A,ok,medical_clinical-023-005,mg/dL,[],manual,synthetic demo duplicate retry cluster
demo-medical_clinical-uriscan-u500-urine-protein,14.9,2026-02-09T18:25:00Z,Urine Protein,Urine L2,UriScan U500,Urinalysis,medical_clinical-demo,MED-RG-1,MED-23-A,ok,medical_clinical-023-006,mg/dL,[],manual,synthetic demo duplicate retry cluster
demo-medical_clinical-uriscan-u500-urine-protein,14.9,2026-02-09T20:25:00Z,Urine Protein,Urine L2,UriScan U500,Urinalysis,medical_clinical-demo,MED-RG-1,MED-23-A,ok,medical_clinical-023-007,mg/dL,[],manual,synthetic demo duplicate retry cluster
demo-medical_clinical-uriscan-u500-urine-protein,15.0,2026-02-09T22:25:00Z,Urine Protein,Urine L2,UriScan U500,Urinalysis,medical_clinical-demo,MED-RG-1,MED-23-A,ok,medical_clinical-023-008,mg/dL,[],manual,synthetic demo duplicate retry cluster
demo-medical_clinical-uriscan-u500-urine-protein,15.2,2026-02-10T00:25:00Z,Urine Protein,Urine L2,UriScan U500,Urinalysis,medical_clinical-demo,MED-RG-1,MED-23-A,ok,medical_clinical-023-009,mg/dL,[],manual,synthetic demo duplicate retry cluster
demo-medical_clinical-uriscan-u500-urine-protein,15.2,2026-02-10T02:25:00Z,Urine Protein,Urine L2,UriScan U500,Urinalysis,medical_clinical-demo,MED-RG-1,MED-23-A,ok,medical_clinical-023-010,mg/dL,[],manual,synthetic demo duplicate retry cluster
demo-medical_clinical-uriscan-u500-urine-protein,15.1,2026-02-10T04:25:00Z,Urine Protein,Urine L2,UriScan U500,Urinalysis,medical_clinical-demo,MED-RG-1,MED-23-A,ok,medical_clinical-023-011,mg/dL,[],manual,synthetic demo duplicate retry cluster
demo-medical_clinical-uriscan-u500-urine-protein,15.0,2026-02-10T06:25:00Z,Urine Protein,Urine L2,UriScan U500,Urinalysis,medical_clinical-demo,MED-RG-1,MED-23-A,ok,medical_clinical-023-012,mg/dL,[],manual,synthetic demo duplicate retry cluster
demo-medical_clinical-uriscan-u500-urine-protein,15.0,2026-02-10T08:25:00Z,Urine Protein,Urine L2,UriScan U500,Urinalysis,medical_clinical-demo,MED-RG-1,MED-23-A,ok,medical_clinical-023-013,mg/dL,[],manual,synthetic demo duplicate retry cluster
demo-medical_clinical-uriscan-u500-urine-protein,14.9,2026-02-10T10:25:00Z,Urine Protein,Urine L2,UriScan U500,Urinalysis,medical_clinical-demo,MED-RG-1,MED-23-A,ok,medical_clinical-023-014,mg/dL,[],manual,synthetic demo duplicate retry cluster
demo-medical_clinical-uriscan-u500-urine-protein,15.0,2026-02-10T12:25:00Z,Urine Protein,Urine L2,UriScan U500,Urinalysis,medical_clinical-demo,MED-RG-1,MED-23-A,ok,medical_clinical-023-015,mg/dL,[],manual,synthetic demo duplicate retry cluster
demo-medical_clinical-uriscan-u500-urine-protein,15.3,2026-02-10T14:25:00Z,Urine Protein,Urine L2,UriScan U500,Urinalysis,medical_clinical-demo,MED-RG-2,MED-23-B,ok,medical_clinical-023-016,mg/dL,[],manual,synthetic demo duplicate retry cluster
demo-medical_clinical-uriscan-u500-urine-protein,15.2,2026-02-10T16:25:00Z,Urine Protein,Urine L2,UriScan U500,Urinalysis,medical_clinical-demo,MED-RG-2,MED-23-B,ok,medical_clinical-023-017,mg/dL,[],manual,synthetic demo duplicate retry cluster
demo-medical_clinical-uriscan-u500-urine-protein,15.3,2026-02-10T18:25:00Z,Urine Protein,Urine L2,UriScan U500,Urinalysis,medical_clinical-demo,MED-RG-2,MED-23-B,ok,medical_clinical-023-018,mg/dL,[],manual,synthetic demo duplicate retry cluster
demo-medical_clinical-uriscan-u500-urine-protein,15.2,2026-02-10T20:25:00Z,Urine Protein,Urine L2,UriScan U500,Urinalysis,medical_clinical-demo,MED-RG-2,MED-23-B,ok,medical_clinical-023-019,mg/dL,[],manual,synthetic demo duplicate retry cluster
demo-medical_clinical-uriscan-u500-urine-protein,15.1,2026-02-10T22:25:00Z,Urine Protein,Urine L2,UriScan U500,Urinalysis,medical_clinical-demo,MED-RG-2,MED-23-B,ok,medical_clinical-023-020,mg/dL,[],manual,synthetic demo duplicate retry cluster
demo-medical_clinical-uriscan-u500-urine-protein,15.2,2026-02-11T00:25:00Z,Urine Protein,Urine L2,UriScan U500,Urinalysis,medical_clinical-demo,MED-RG-2,MED-23-B,ok,medical_clinical-023-021,mg/dL,[],manual,synthetic demo duplicate retry cluster
demo-medical_clinical-uriscan-u500-urine-protein,15.1,2026-02-11T02:25:00Z,Urine Protein,Urine L2,UriScan U500,Urinalysis,medical_clinical-demo,MED-RG-2,MED-23-B,ok,medical_clinical-023-022,mg/dL,[],manual,synthetic demo duplicate retry cluster
demo-medical_clinical-uriscan-u500-urine-protein,15.0,2026-02-11T04:25:00Z,Urine Protein,Urine L2,UriScan U500,Urinalysis,medical_clinical-demo,MED-RG-2,MED-23-B,ok,medical_clinical-023-023,mg/dL,[],manual,synthetic demo duplicate retry cluster
demo-medical_clinical-uriscan-u500-urine-protein,15.1,2026-02-11T06:25:00Z,Urine Protein,Urine L2,UriScan U500,Urinalysis,medical_clinical-demo,MED-RG-2,MED-23-B,ok,medical_clinical-023-024,mg/dL,[],manual,synthetic demo duplicate retry cluster
demo-medical_clinical-uriscan-u500-urine-protein,15.0,2026-02-11T08:25:00Z,Urine Protein,Urine L2,UriScan U500,Urinalysis,medical_clinical-demo,MED-RG-2,MED-23-B,ok,medical_clinical-023-025,mg/dL,[],manual,synthetic demo duplicate retry cluster
demo-medical_clinical-inflamark-p200-crp,3.0,2026-02-09T08:00:00Z,CRP,Inflammation L1,Inflamark P200,Inflammation Panel,medical_clinical-demo,MED-RG-1,MED-24-A,ok,medical_clinical-024-001,mg/L,[],manual,synthetic demo stable second-lot baseline
demo-medical_clinical-inflamark-p200-crp,3.015,2026-02-09T10:00:00Z,CRP,Inflammation L1,Inflamark P200,Inflammation Panel,medical_clinical-demo,MED-RG-1,MED-24-A,ok,medical_clinical-024-002,mg/L,[],manual,synthetic demo stable second-lot baseline
demo-medical_clinical-inflamark-p200-crp,2.985,2026-02-09T12:00:00Z,CRP,Inflammation L1,Inflamark P200,Inflammation Panel,medical_clinical-demo,MED-RG-1,MED-24-A,ok,medical_clinical-024-003,mg/L,[],manual,synthetic demo stable second-lot baseline
demo-medical_clinical-inflamark-p200-crp,3.03,2026-02-09T14:00:00Z,CRP,Inflammation L1,Inflamark P200,Inflammation Panel,medical_clinical-demo,MED-RG-1,MED-24-A,ok,medical_clinical-024-004,mg/L,[],manual,synthetic demo stable second-lot baseline
demo-medical_clinical-inflamark-p200-crp,2.97,2026-02-09T16:00:00Z,CRP,Inflammation L1,Inflamark P200,Inflammation Panel,medical_clinical-demo,MED-RG-1,MED-24-A,ok,medical_clinical-024-005,mg/L,[],manual,synthetic demo stable second-lot baseline
demo-medical_clinical-inflamark-p200-crp,3.015,2026-02-09T18:00:00Z,CRP,Inflammation L1,Inflamark P200,Inflammation Panel,medical_clinical-demo,MED-RG-1,MED-24-A,ok,medical_clinical-024-006,mg/L,[],manual,synthetic demo stable second-lot baseline
demo-medical_clinical-inflamark-p200-crp,3.0,2026-02-09T20:00:00Z,CRP,Inflammation L1,Inflamark P200,Inflammation Panel,medical_clinical-demo,MED-RG-1,MED-24-A,ok,medical_clinical-024-007,mg/L,[],manual,synthetic demo stable second-lot baseline
demo-medical_clinical-inflamark-p200-crp,2.985,2026-02-09T22:00:00Z,CRP,Inflammation L1,Inflamark P200,Inflammation Panel,medical_clinical-demo,MED-RG-1,MED-24-A,ok,medical_clinical-024-008,mg/L,[],manual,synthetic demo stable second-lot baseline
demo-medical_clinical-inflamark-p200-crp,3.03,2026-02-10T00:00:00Z,CRP,Inflammation L1,Inflamark P200,Inflammation Panel,medical_clinical-demo,MED-RG-1,MED-24-A,ok,medical_clinical-024-009,mg/L,[],manual,synthetic demo stable second-lot baseline
demo-medical_clinical-inflamark-p200-crp,3.015,2026-02-10T02:00:00Z,CRP,Inflammation L1,Inflamark P200,Inflammation Panel,medical_clinical-demo,MED-RG-1,MED-24-A,ok,medical_clinical-024-010,mg/L,[],manual,synthetic demo stable second-lot baseline
demo-medical_clinical-inflamark-p200-crp,2.97,2026-02-10T04:00:00Z,CRP,Inflammation L1,Inflamark P200,Inflammation Panel,medical_clinical-demo,MED-RG-1,MED-24-A,ok,medical_clinical-024-011,mg/L,[],manual,synthetic demo stable second-lot baseline
demo-medical_clinical-inflamark-p200-crp,3.0,2026-02-10T06:00:00Z,CRP,Inflammation L1,Inflamark P200,Inflammation Panel,medical_clinical-demo,MED-RG-1,MED-24-A,ok,medical_clinical-024-012,mg/L,[],manual,synthetic demo stable second-lot baseline
demo-medical_clinical-inflamark-p200-crp,3.015,2026-02-10T08:00:00Z,CRP,Inflammation L1,Inflamark P200,Inflammation Panel,medical_clinical-demo,MED-RG-1,MED-24-A,ok,medical_clinical-024-013,mg/L,[],manual,synthetic demo stable second-lot baseline
demo-medical_clinical-inflamark-p200-crp,2.985,2026-02-10T10:00:00Z,CRP,Inflammation L1,Inflamark P200,Inflammation Panel,medical_clinical-demo,MED-RG-1,MED-24-A,ok,medical_clinical-024-014,mg/L,[],manual,synthetic demo stable second-lot baseline
demo-medical_clinical-inflamark-p200-crp,3.0,2026-02-10T12:00:00Z,CRP,Inflammation L1,Inflamark P200,Inflammation Panel,medical_clinical-demo,MED-RG-1,MED-24-A,ok,medical_clinical-024-015,mg/L,[],manual,synthetic demo stable second-lot baseline
demo-medical_clinical-inflamark-p200-crp,3.03,2026-02-10T14:00:00Z,CRP,Inflammation L1,Inflamark P200,Inflammation Panel,medical_clinical-demo,MED-RG-2,MED-24-B,ok,medical_clinical-024-016,mg/L,[],manual,synthetic demo stable second-lot baseline
demo-medical_clinical-inflamark-p200-crp,2.97,2026-02-10T16:00:00Z,CRP,Inflammation L1,Inflamark P200,Inflammation Panel,medical_clinical-demo,MED-RG-2,MED-24-B,ok,medical_clinical-024-017,mg/L,[],manual,synthetic demo stable second-lot baseline
demo-medical_clinical-inflamark-p200-crp,3.015,2026-02-10T18:00:00Z,CRP,Inflammation L1,Inflamark P200,Inflammation Panel,medical_clinical-demo,MED-RG-2,MED-24-B,ok,medical_clinical-024-018,mg/L,[],manual,synthetic demo stable second-lot baseline
demo-medical_clinical-inflamark-p200-crp,3.0,2026-02-10T20:00:00Z,CRP,Inflammation L1,Inflamark P200,Inflammation Panel,medical_clinical-demo,MED-RG-2,MED-24-B,ok,medical_clinical-024-019,mg/L,[],manual,synthetic demo stable second-lot baseline
demo-medical_clinical-inflamark-p200-crp,2.985,2026-02-10T22:00:00Z,CRP,Inflammation L1,Inflamark P200,Inflammation Panel,medical_clinical-demo,MED-RG-2,MED-24-B,ok,medical_clinical-024-020,mg/L,[],manual,synthetic demo stable second-lot baseline
demo-medical_clinical-inflamark-p200-crp,3.015,2026-02-11T00:00:00Z,CRP,Inflammation L1,Inflamark P200,Inflammation Panel,medical_clinical-demo,MED-RG-2,MED-24-B,ok,medical_clinical-024-021,mg/L,[],manual,synthetic demo stable second-lot baseline
demo-medical_clinical-inflamark-p200-crp,3.0,2026-02-11T02:00:00Z,CRP,Inflammation L1,Inflamark P200,Inflammation Panel,medical_clinical-demo,MED-RG-2,MED-24-B,ok,medical_clinical-024-022,mg/L,[],manual,synthetic demo stable second-lot baseline
demo-medical_clinical-inflamark-p200-crp,2.97,2026-02-11T04:00:00Z,CRP,Inflammation L1,Inflamark P200,Inflammation Panel,medical_clinical-demo,MED-RG-2,MED-24-B,ok,medical_clinical-024-023,mg/L,[],manual,synthetic demo stable second-lot baseline
demo-medical_clinical-inflamark-p200-crp,3.03,2026-02-11T06:00:00Z,CRP,Inflammation L1,Inflamark P200,Inflammation Panel,medical_clinical-demo,MED-RG-2,MED-24-B,ok,medical_clinical-024-024,mg/L,[],manual,synthetic demo stable second-lot baseline
demo-medical_clinical-inflamark-p200-crp,3.0,2026-02-11T08:00:00Z,CRP,Inflammation L1,Inflamark P200,Inflammation Panel,medical_clinical-demo,MED-RG-2,MED-24-B,ok,medical_clinical-024-025,mg/L,[],manual,synthetic demo stable second-lot baseline
demo-medical_clinical-inflamark-p200-procalcitonin,0.25,2026-02-09T08:05:00Z,Procalcitonin,Inflammation L2,Inflamark P200,Inflammation Panel,medical_clinical-demo,MED-RG-1,MED-25-A,ok,medical_clinical-025-001,ng/mL,[],manual,synthetic demo single high action outlier
demo-medical_clinical-inflamark-p200-procalcitonin,0.252,2026-02-09T10:05:00Z,Procalcitonin,Inflammation L2,Inflamark P200,Inflammation Panel,medical_clinical-demo,MED-RG-1,MED-25-A,ok,medical_clinical-025-002,ng/mL,[],manual,synthetic demo single high action outlier
demo-medical_clinical-inflamark-p200-procalcitonin,0.248,2026-02-09T12:05:00Z,Procalcitonin,Inflammation L2,Inflamark P200,Inflammation Panel,medical_clinical-demo,MED-RG-1,MED-25-A,ok,medical_clinical-025-003,ng/mL,[],manual,synthetic demo single high action outlier
demo-medical_clinical-inflamark-p200-procalcitonin,0.254,2026-02-09T14:05:00Z,Procalcitonin,Inflammation L2,Inflamark P200,Inflammation Panel,medical_clinical-demo,MED-RG-1,MED-25-A,ok,medical_clinical-025-004,ng/mL,[],manual,synthetic demo single high action outlier
demo-medical_clinical-inflamark-p200-procalcitonin,0.25,2026-02-09T16:05:00Z,Procalcitonin,Inflammation L2,Inflamark P200,Inflammation Panel,medical_clinical-demo,MED-RG-1,MED-25-A,ok,medical_clinical-025-005,ng/mL,[],manual,synthetic demo single high action outlier
demo-medical_clinical-inflamark-p200-procalcitonin,0.246,2026-02-09T18:05:00Z,Procalcitonin,Inflammation L2,Inflamark P200,Inflammation Panel,medical_clinical-demo,MED-RG-1,MED-25-A,ok,medical_clinical-025-006,ng/mL,[],manual,synthetic demo single high action outlier
demo-medical_clinical-inflamark-p200-procalcitonin,0.252,2026-02-09T20:05:00Z,Procalcitonin,Inflammation L2,Inflamark P200,Inflammation Panel,medical_clinical-demo,MED-RG-1,MED-25-A,ok,medical_clinical-025-007,ng/mL,[],manual,synthetic demo single high action outlier
demo-medical_clinical-inflamark-p200-procalcitonin,0.254,2026-02-09T22:05:00Z,Procalcitonin,Inflammation L2,Inflamark P200,Inflammation Panel,medical_clinical-demo,MED-RG-1,MED-25-A,ok,medical_clinical-025-008,ng/mL,[],manual,synthetic demo single high action outlier
demo-medical_clinical-inflamark-p200-procalcitonin,0.318,2026-02-10T00:05:00Z,Procalcitonin,Inflammation L2,Inflamark P200,Inflammation Panel,medical_clinical-demo,MED-RG-1,MED-25-A,ok,medical_clinical-025-009,ng/mL,[],manual,synthetic demo single high action outlier
demo-medical_clinical-inflamark-p200-procalcitonin,0.256,2026-02-10T02:05:00Z,Procalcitonin,Inflammation L2,Inflamark P200,Inflammation Panel,medical_clinical-demo,MED-RG-1,MED-25-A,ok,medical_clinical-025-010,ng/mL,[],manual,synthetic demo single high action outlier
demo-medical_clinical-inflamark-p200-procalcitonin,0.25,2026-02-10T04:05:00Z,Procalcitonin,Inflammation L2,Inflamark P200,Inflammation Panel,medical_clinical-demo,MED-RG-1,MED-25-A,ok,medical_clinical-025-011,ng/mL,[],manual,synthetic demo single high action outlier
demo-medical_clinical-inflamark-p200-procalcitonin,0.248,2026-02-10T06:05:00Z,Procalcitonin,Inflammation L2,Inflamark P200,Inflammation Panel,medical_clinical-demo,MED-RG-1,MED-25-A,ok,medical_clinical-025-012,ng/mL,[],manual,synthetic demo single high action outlier
demo-medical_clinical-inflamark-p200-procalcitonin,0.252,2026-02-10T08:05:00Z,Procalcitonin,Inflammation L2,Inflamark P200,Inflammation Panel,medical_clinical-demo,MED-RG-1,MED-25-A,ok,medical_clinical-025-013,ng/mL,[],manual,synthetic demo single high action outlier
demo-medical_clinical-inflamark-p200-procalcitonin,0.25,2026-02-10T10:05:00Z,Procalcitonin,Inflammation L2,Inflamark P200,Inflammation Panel,medical_clinical-demo,MED-RG-1,MED-25-A,ok,medical_clinical-025-014,ng/mL,[],manual,synthetic demo single high action outlier
demo-medical_clinical-inflamark-p200-procalcitonin,0.246,2026-02-10T12:05:00Z,Procalcitonin,Inflammation L2,Inflamark P200,Inflammation Panel,medical_clinical-demo,MED-RG-1,MED-25-A,ok,medical_clinical-025-015,ng/mL,[],manual,synthetic demo single high action outlier
demo-medical_clinical-inflamark-p200-procalcitonin,0.254,2026-02-10T14:05:00Z,Procalcitonin,Inflammation L2,Inflamark P200,Inflammation Panel,medical_clinical-demo,MED-RG-2,MED-25-B,ok,medical_clinical-025-016,ng/mL,[],manual,synthetic demo single high action outlier
demo-medical_clinical-inflamark-p200-procalcitonin,0.252,2026-02-10T16:05:00Z,Procalcitonin,Inflammation L2,Inflamark P200,Inflammation Panel,medical_clinical-demo,MED-RG-2,MED-25-B,ok,medical_clinical-025-017,ng/mL,[],manual,synthetic demo single high action outlier
demo-medical_clinical-inflamark-p200-procalcitonin,0.25,2026-02-10T18:05:00Z,Procalcitonin,Inflammation L2,Inflamark P200,Inflammation Panel,medical_clinical-demo,MED-RG-2,MED-25-B,ok,medical_clinical-025-018,ng/mL,[],manual,synthetic demo single high action outlier
demo-medical_clinical-inflamark-p200-procalcitonin,0.248,2026-02-10T20:05:00Z,Procalcitonin,Inflammation L2,Inflamark P200,Inflammation Panel,medical_clinical-demo,MED-RG-2,MED-25-B,ok,medical_clinical-025-019,ng/mL,[],manual,synthetic demo single high action outlier
demo-medical_clinical-inflamark-p200-procalcitonin,0.252,2026-02-10T22:05:00Z,Procalcitonin,Inflammation L2,Inflamark P200,Inflammation Panel,medical_clinical-demo,MED-RG-2,MED-25-B,ok,medical_clinical-025-020,ng/mL,[],manual,synthetic demo single high action outlier
demo-medical_clinical-inflamark-p200-procalcitonin,0.25,2026-02-11T00:05:00Z,Procalcitonin,Inflammation L2,Inflamark P200,Inflammation Panel,medical_clinical-demo,MED-RG-2,MED-25-B,ok,medical_clinical-025-021,ng/mL,[],manual,synthetic demo single high action outlier
demo-medical_clinical-inflamark-p200-procalcitonin,0.246,2026-02-11T02:05:00Z,Procalcitonin,Inflammation L2,Inflamark P200,Inflammation Panel,medical_clinical-demo,MED-RG-2,MED-25-B,ok,medical_clinical-025-022,ng/mL,[],manual,synthetic demo single high action outlier
demo-medical_clinical-inflamark-p200-procalcitonin,0.252,2026-02-11T04:05:00Z,Procalcitonin,Inflammation L2,Inflamark P200,Inflammation Panel,medical_clinical-demo,MED-RG-2,MED-25-B,ok,medical_clinical-025-023,ng/mL,[],manual,synthetic demo single high action outlier
demo-medical_clinical-inflamark-p200-procalcitonin,0.25,2026-02-11T06:05:00Z,Procalcitonin,Inflammation L2,Inflamark P200,Inflammation Panel,medical_clinical-demo,MED-RG-2,MED-25-B,ok,medical_clinical-025-024,ng/mL,[],manual,synthetic demo single high action outlier
demo-medical_clinical-inflamark-p200-procalcitonin,0.254,2026-02-11T08:05:00Z,Procalcitonin,Inflammation L2,Inflamark P200,Inflammation Panel,medical_clinical-demo,MED-RG-2,MED-25-B,ok,medical_clinical-025-025,ng/mL,[],manual,synthetic demo single high action outlier
